37.55166667,0,0,0,0,-0.024884656,1.006811253
33.8475,0,0,0,0,-0.562485917,-0.537601261
40.02041667,1,0,0,0,1.230846251,1.793332167
43.71333333,1,0,0,0,1.338115678,0.107269428
44.41791667,1,0,0,0,1.047860451,-0.290255227
50.58583333,1,0,0,0,1.654610489,0.606750038
46.36958333,1,0,0,0,1.230532716,-0.424077774
36.91291667,0,0,0,0,-0.901750533,-2.132283249
32.70291667,0,0,0,0,-1.118416081,-0.216665548
45.30583333,1,0,0,0,1.602143109,2.72055919
53.25666667,1,0,0,0,1.822261731,0.220118622
44.13541667,1,0,0,0,1.435456105,-0.386805626
47.745,1,0,0,0,1.65133651,0.215880405
49.89958333,1,0,0,0,1.756510746,0.105174236
36.8275,0,0,0,0,0.317047152,-1.439463594
31.74416667,0,0,0,0,-0.342393574,-0.659440725
46.97583333,1,0,0,0,1.498469133,1.840862706
45.96666667,1,0,0,0,1.769561091,0.271091958
43.8875,1,0,0,0,1.591066519,-0.178494572
45.54166667,1,0,0,0,1.706644247,0.115577728
43.53333333,1,0,0,0,1.645123842,-0.061520405
40.48208333,0,0,0,0,0.49145894,-1.153664902
36.2,0,0,0,0,-0.230263896,-0.721722836
48.07666667,1,0,0,0,1.562235738,1.792499634
54.065,1,0,0,0,1.836793006,0.274557267
45.89916667,1,0,0,0,1.418762324,-0.418030681
41.08916667,1,0,0,0,0.586350998,-0.832411326
49.17916667,1,0,0,0,1.452608857,0.866257859
35.89041667,0,0,0,0,0.091086752,-1.361522105
35.48666667,0,0,0,0,-0.337857508,-0.42894426
45.58083333,1,0,0,0,1.381528879,1.719386387
40.75291667,1,0,0,0,1.100279809,-0.28124907
43.61416667,1,0,0,0,1.159159529,0.058879721
47.98541667,1,0,0,0,1.569553398,0.410393868
41.62916667,1,0,0,0,1.328074996,-0.241478401
41.58416667,0,0,0,0,0.265396839,-1.062678158
37.81875,0,0,0,0,-0.204887466,-0.470284305
51.61,1,0,0,0,1.613286664,1.81817413
51.34,1,0,0,0,1.788690124,0.17540346
51.40041667,1,0,0,0,1.627105073,-0.161585051
47.66333333,1,0,0,0,0.981604603,-0.645500471
46.11541667,1,0,0,0,1.121345742,0.139741139
41.39166667,0,0,0,0,0.335571183,-0.785774559
40.56291667,0,0,0,0,-0.096660915,-0.432232098
51.07375,1,0,0,0,1.067365021,1.164025936
49.70708333,1,0,0,0,1.238070451,0.17070543
49.265,1,0,0,0,1.485758382,0.247687931
46.70833333,1,0,0,0,1.423117078,-0.062641304
41.57083333,1,0,0,0,1.289727856,-0.133389222
32.63916667,0,0,0,0,-0.506093773,-1.795821629
33.0125,0,0,0,0,-0.584854058,-0.078760285
37.93416667,1,0,0,0,1.016822969,1.601677027
40.86791667,1,0,0,0,1.162728236,0.145905267
38.18541667,1,0,0,0,1.265466525,0.102738289
35.64375,1,0,0,0,0.845321991,-0.420144534
37.59291667,1,0,0,0,0.901670373,0.056348382
28.4275,0,0,0,0,-0.764239164,-1.665909537
16.68958333,0,0,0,0,-1.501888809,-0.737649645
32.82541667,1,0,1,0,-0.428339117,1.073549692
41.57166667,1,0,1,0,1.006691079,1.435030196
38.56958333,1,0,1,0,1.096415519,0.08972444
42.665,1,0,1,0,1.276694068,0.180278549
41.55833333,1,0,1,0,1.197984159,-0.07870991
36.1175,0,0,1,0,-0.260400865,-1.458385024
36.57541667,0,0,1,0,-0.600556644,-0.340155778
52.02916667,1,0,1,0,1.219203211,1.819759854
53.995,1,0,1,0,1.366839697,0.147636486
50.99125,1,0,1,0,1.28995843,-0.076881267
51.01291667,1,0,1,0,1.328371104,0.038412674
43.18958333,1,0,1,0,1.013827698,-0.314543406
37.67208333,0,0,1,0,-0.786164587,-1.799992285
32.7775,0,0,1,0,-1.738818666,-0.952654079
45.40833333,1,0,1,0,0.591211956,2.330030622
48.63958333,1,0,1,0,1.104428432,0.513216476
40.73666667,1,0,1,0,0.878439737,-0.225988694
41.26875,1,0,1,0,0.97286909,0.094429352
35.67416667,1,0,1,0,0.402786648,-0.570082442
34.495,0,0,1,0,-0.989796912,-1.39258356
28.60958333,0,0,1,0,-1.441676348,-0.451879436
43.89041667,1,0,1,0,0.840874972,2.28255132
37.26,1,0,1,0,0.918495626,0.077620654
36.07208333,1,0,1,0,0.884921771,-0.033573855
35.38166667,1,0,1,0,0.760323791,-0.12459798
37.31708333,1,0,1,0,0.803193502,0.042869712
29.54791667,0,0,1,0,-0.70676744,-1.509960943
19.87520833,0,0,1,0,-1.551404062,-0.844636622
35.91875,1,0,1,0,0.560595903,2.111999965
36.895,1,0,1,0,0.670785327,0.110189424
36.16833333,1,0,1,0,0.147089481,-0.523695846
38.795,1,0,1,0,0.022815056,-0.124274425
39.18041667,1,0,1,0,-1.512632065,-1.53544712
36.99708333,0,0,1,0,-1.14362044,0.369011624
29.30208333,0,0,1,0,-1.665463725,-0.521843285
30.43583333,1,0,1,0,-1.530920678,0.134543047
49.86541667,1,0,1,0,0.285279381,1.816200059
43.8625,1,0,1,0,0.3040682,0.01878882
43.4325,1,0,1,0,0.667307045,0.363238844
43.32458333,1,0,1,0,0.395696748,-0.271610297
35.32083333,0,0,1,0,-0.726866479,-1.122563226
29.11333333,0,0,1,0,-1.551170647,-0.824304169
41.75541667,1,0,1,0,0.277505371,1.828676018
45.93083333,1,0,1,0,0.419000445,0.141495074
46.21666667,1,0,1,0,0.433432595,0.01443215
48.335,1,0,1,0,0.518947781,0.085515186
41.60666667,1,0,1,0,0.316921999,-0.202025782
40.39791667,0,0,1,0,-0.887819309,-1.204741308
36.95791667,0,0,1,0,-1.418970992,-0.531151682
45.06375,1,0,1,0,0.360709545,1.779680537
42.6225,1,0,1,0,0.369004372,0.008294827
40.415,1,0,1,0,-0.417086719,-0.786091091
42.14,1,0,1,0,0.246321029,0.663407748
44.48333333,1,0,1,0,0.605415076,0.359094047
37.45083333,0,0,1,0,-0.659787335,-1.265202411
21.70583333,0,0,1,0,-1.567274431,-0.907487096
40.16833333,1,0,1,0,0.355183129,1.92245756
41.62166667,1,0,1,0,0.394163946,0.038980817
43.98416667,1,0,1,0,0.613403076,0.21923913
41.13875,1,0,1,0,0.354556054,-0.258847021
39.61791667,1,0,1,0,0.234652984,-0.119903071
27.61791667,0,0,1,0,-1.128310674,-1.362963658
32.33333333,0,0,1,0,-1.352065494,-0.22375482
45.48666667,1,0,1,0,0.297428458,1.649493951
44.51708333,1,0,1,0,0.328237014,0.030808557
46.45416667,1,0,1,0,0.284217929,-0.044019085
46.30583333,1,0,1,0,-0.083583874,-0.367801803
48.89291667,1,0,1,0,0.408369163,0.491953037
43.2225,0,0,1,0,-0.570813,-0.979182163
39.63541667,0,0,1,0,-1.335284155,-0.764471155
50.28125,1,0,1,0,0.462889063,1.798173218
50.96,1,0,1,0,0.561606552,0.098717489
48.92625,1,0,1,0,0.217622778,-0.343983774
44.79958333,1,0,1,0,-1.505127906,-1.722750684
47.4425,1,0,1,0,-0.311883933,1.193243973
41.83333333,0,0,1,0,-0.892816369,-0.580932435
15.93958333,0,0,1,0,-1.803495324,-0.910678956
46.0725,1,0,1,0,-0.008404634,1.79509069
47.61375,1,0,1,0,-0.28852204,-0.280117406
46.26833333,1,0,1,0,0.083611404,0.372133444
48.52458333,1,0,1,0,0.265621344,0.18200994
48.27,1,0,1,0,0.206001386,-0.059619957
36.91041667,0,0,1,0,-0.925702657,-1.131704043
23.57875,0,0,1,0,-1.746587728,-0.820885072
30.6275,1,0,1,0,-2.283549124,-0.536961396
43.60375,1,0,1,0,-0.627402809,1.656146315
48.74625,1,0,1,0,0.379294253,1.006697062
46.20541667,1,0,1,0,0.435897349,0.056603095
43.93916667,1,0,1,0,0.146286055,-0.289611294
34.88166667,0,0,1,0,-0.949781485,-1.09606754
17.75125,0,0,1,0,-1.923818064,-0.974036579
38.75791667,1,0,1,0,-0.093268812,1.830549253
38.6225,1,0,0,1,0.156985401,0.250254212
42.74583333,1,0,0,1,0.083455704,-0.073529697
36.4175,1,0,0,1,-1.37902875,-1.462484454
44.38166667,1,0,0,1,-0.893152496,0.485876255
39.30208333,0,0,0,1,-1.099762153,-0.206609657
31.67375,0,0,0,1,-1.539774564,-0.44001241
41.02708333,1,0,0,1,-0.536038434,1.00373613
53.7025,1,0,0,1,0.358158814,0.894197247
47.42333333,1,0,0,1,0.434315998,0.076157184
48.24041667,1,0,0,1,0.402462946,-0.031853052
47.67791667,1,0,0,1,0.082349657,-0.320113289
32.92541667,0,0,0,1,-1.485147089,-1.567496746
25.43375,0,0,0,1,-1.850337442,-0.365190353
43.59958333,1,0,0,1,0.17699462,2.027332063
45.56666667,1,0,0,1,0.115286555,-0.061708065
46.59166667,1,0,0,1,-0.124357624,-0.239644179
48.97458333,1,0,0,1,0.00908431,0.133441934
45.93875,1,0,0,1,-0.138765757,-0.147850068
40.63541667,0,0,0,1,-1.333173502,-1.194407745
29.10375,0,0,0,1,-1.668690977,-0.335517475
45.31791667,1,0,0,1,-0.033599058,1.635091919
48.155,1,0,0,1,0.257946427,0.291545485
48.77583333,1,0,0,1,0.336599312,0.078652885
53.205,1,0,0,1,0.197165474,-0.139433838
45.97875,1,0,0,1,0.102317602,-0.094847872
41.6575,0,0,0,1,-1.160594585,-1.262912187
38.19291667,0,0,0,1,-1.854459478,-0.693864893
50.98791667,1,0,0,1,0.048193528,1.902653006
46.92458333,1,0,0,1,0.322730741,0.274537213
51.16833333,1,0,0,1,0.169992463,-0.152738278
53.56875,1,0,0,1,0.389918012,0.219925549
51.62625,1,0,0,1,0.404916717,0.014998704
43.15791667,0,0,0,1,-0.82760175,-1.232518467
36.67666667,0,0,0,1,-1.578112372,-0.750510622
50.40791667,1,0,0,1,0.095680959,1.67379333
47.21,1,0,0,1,0.033749181,-0.061931777
49.335,1,0,0,1,0.125755769,0.092006588
52.22875,1,0,0,1,0.213627229,0.087871459
54.18875,1,0,0,1,0.276008117,0.062380888
46.82416667,0,0,0,1,-0.68988639,-0.965894507
38.73708333,0,0,0,1,-1.295400132,-0.605513742
52.64875,1,0,0,1,0.361791578,1.65719171
53.29375,1,0,0,1,0.388620088,0.026828511
50.96333333,1,0,0,1,0.370539083,-0.018081005
49.08708333,1,0,0,1,0.07353856,-0.297000523
48.99,1,0,0,1,0.177417169,0.103878609
45.06666667,0,0,0,1,-0.893859629,-1.071276798
34.965,0,0,0,1,-1.780381149,-0.886521521
48.21791667,1,0,0,1,0.065845531,1.84622668
50.12916667,1,0,0,1,0.22930552,0.16345999
48.80833333,1,0,0,1,0.454946506,0.225640985
48.92416667,1,0,0,1,0.507807624,0.052861119
46.93541667,1,0,0,1,0.351599305,-0.156208319
40.26916667,0,0,0,1,-1.156295631,-1.507894937
24.79416667,0,0,0,1,-2.065307509,-0.909011878
45.10625,1,0,0,1,-0.096342762,1.968964748
45.26375,1,0,0,1,0.106509731,0.202852493
42.88125,1,0,0,1,0.102344374,-0.004165357
44.045,1,0,0,1,-0.219660022,-0.322004396
39.27291667,1,0,0,1,-0.306104972,-0.08644495
37.10666667,0,0,0,1,-1.294288838,-0.988183866
27.755,0,0,0,1,-1.849015857,-0.55472702
40.74833333,1,0,0,1,-0.054884519,1.794131338
41.38291667,1,0,0,1,-0.031020269,0.02386425
39.20583333,1,0,0,1,-0.103891798,-0.072871529
38.50791667,1,0,0,1,0.198019693,0.301911491
40.56291667,1,0,0,1,0.091893992,-0.106125701
32.64791667,0,0,0,1,-1.134609718,-1.22650371
25.96875,0,0,0,1,-1.793378315,-0.658768597
40.2525,1,0,0,1,-0.070701908,1.722676407
42.90958333,1,0,0,1,0.181849399,0.252551306
42.52916667,1,0,0,1,0.212487971,0.030638573
43.97333333,1,0,0,1,0.301385131,0.088897159
44.76833333,1,0,0,1,0.157284521,-0.14410061
40.49916667,0,0,0,1,-1.027773411,-1.185057931
29.00958333,0,0,0,1,-1.969766262,-0.941992851
41.37666667,1,0,0,1,0.085881564,2.055647826
41.35375,1,0,0,1,0.048034026,-0.037847538
39.57166667,1,0,0,1,-0.133797043,-0.181831069
41.03583333,1,0,0,1,-0.075600608,0.058196435
44.80958333,1,0,0,1,0.104697313,0.180297921
37.43875,0,0,0,1,-1.095329115,-1.200026428
29.87333333,0,0,0,1,-1.735590767,-0.640261652
44.58583333,1,0,0,1,0.338116263,2.07370703
38.85666667,1,0,0,1,-0.600322922,-0.938439185
41.3375,1,0,0,1,-0.543593974,0.056728948
49.10041667,1,0,0,1,0.274750846,0.818344821
52.33875,1,0,0,1,0.321394866,0.04664402
43.535,0,0,0,1,-1.104775007,-1.426169873
27.78958333,0,0,0,1,-1.765407124,-0.660632116
42.19916667,1,0,0,1,0.074186357,1.83959348
47.78375,1,0,0,1,0.258786769,0.184600412
44.82333333,1,1,0,0,0.370572631,0.111785863
47.05125,1,1,0,0,0.471202922,0.10063029
48.03708333,1,1,0,0,0.497577424,0.026374502
45.36041667,0,1,0,0,-0.746972826,-1.24455025
39.74875,0,1,0,0,-1.557928559,-0.810955733
43.40958333,1,1,0,0,0.004262121,1.56219068
39.3875,1,1,0,0,0.01695331,0.012691189
41.9975,1,1,0,0,0.247671833,0.230718523
43.98875,1,1,0,0,0.582100621,0.334428789
48.42916667,1,1,0,0,0.372648741,-0.209451881
40.30833333,0,1,0,0,-0.727774981,-1.100423722
33.905,0,1,0,0,-1.285406266,-0.557631285
50.85708333,1,1,0,0,0.538146705,1.823552972
45.7375,1,1,0,0,0.075224279,-0.462922426
43.88916667,1,1,0,0,-0.107700035,-0.182924314
46.27208333,1,1,0,0,-0.124194456,-0.016494421
44.765,1,1,0,0,-0.024488383,0.099706073
41.72916667,0,1,0,0,-1.003920649,-0.979432266
33.85541667,0,1,0,0,-1.503537554,-0.499616905
42.19125,1,1,0,0,0.143692697,1.64723025
48.3525,1,1,0,0,0.554003756,0.410311059
50.6,1,1,0,0,0.680610383,0.126606627
50.78208333,1,1,0,0,0.605681857,-0.074928526
47.92416667,1,1,0,0,0.608009055,0.002327198
45.08666667,0,1,0,0,-0.358936134,-0.96694519
45.71458333,0,1,0,0,-1.118608594,-0.75967246
54.60208333,1,1,0,0,0.751752321,1.870360915
53.4725,1,1,0,0,0.676204235,-0.075548086
56.26916667,1,1,0,0,0.901532923,0.225328688
57.25458333,1,1,0,0,0.834513758,-0.067019165
55.23833333,1,1,0,0,0.651045439,-0.183468319
44.84833333,0,1,0,0,-0.641246872,-1.292292311
42.06958333,0,1,0,0,-2.144558546,-1.503311674
43.38,1,1,0,0,-0.044761713,2.099796833
52.08083333,1,1,0,0,0.5402231,0.584984812
50.015,1,1,0,0,0.665152662,0.124929562
54.8125,1,1,0,0,0.817348267,0.152195605
48.37958333,1,1,0,0,0.446012829,-0.371335437
45.14166667,0,1,0,0,-0.905827409,-1.351840239
40.18458333,0,1,0,0,-1.338969501,-0.433142092
53.1275,1,1,0,0,0.428002963,1.766972464
56.17125,1,1,0,0,0.758390108,0.330387144
55.68375,1,1,0,0,0.839621697,0.08123159
56.38583333,1,1,0,0,0.776763826,-0.062857871
59.6625,1,1,0,0,0.888026315,0.111262489
48.95708333,0,1,0,0,-0.509721051,-1.397747366
47.65625,0,1,0,0,-1.045271682,-0.535550631
58.07541667,1,1,0,0,0.648863379,1.694135061
55.49958333,1,1,0,0,0.344818973,-0.304044406
53.58708333,1,1,0,0,0.332823665,-0.011995309
53.31208333,1,1,0,0,0.027264828,-0.305558837
53.97166667,1,1,0,0,0.180903318,0.153638491
46.61125,0,1,0,0,-0.60078058,-0.781683898
33.24541667,0,1,0,0,-1.732269767,-1.131489187
54.58875,1,1,0,0,0.760067708,2.492337475
55.25541667,1,1,0,0,1.001637996,0.241570289
51.95375,1,1,0,0,0.648791088,-0.352846908
52.39375,1,1,0,0,0.632005941,-0.016785147
50.615,1,1,0,0,0.617437596,-0.014568345
42.76166667,0,1,0,0,-0.424076594,-1.04151419
43.96708333,0,1,0,0,-0.788814919,-0.364738325
48.28375,1,1,0,0,0.052096108,0.840911027
48.04125,1,1,0,0,1.047391614,0.995295506
44.75833333,1,1,0,0,0.142963178,-0.904428436
45.3575,1,1,0,0,-0.028923789,-0.171886967
44.49791667,1,1,0,0,0.065653078,0.094576867
45.04541667,0,1,0,0,-0.288715048,-0.354368126
44.70875,0,1,0,0,-0.43915847,-0.150443422
54.40333333,1,1,0,0,1.262123126,1.701281596
49.28208333,1,1,0,0,1.424050555,0.161927429
51.21416667,1,1,0,0,1.514120026,0.090069471
41.80375,1,1,0,0,0.584856331,-0.929263694
37.745,1,1,0,0,-0.539531692,-1.124388023
35.54166667,0,1,0,0,-0.756175252,-0.21664356
26.87833333,0,1,0,0,-1.297127575,-0.540952323
47.56875,1,1,0,0,1.28426696,2.581394534
52.12208333,1,1,0,0,1.487885629,0.203618669
53.16166667,1,1,0,0,1.312598224,-0.175287405
53.36791667,1,1,0,0,1.606010092,0.293411868
53.5775,1,1,0,0,1.542583396,-0.063426696
47.1925,0,1,0,0,0.427335326,-1.11524807
42.51875,0,1,0,0,-0.456876572,-0.884211898
50.48625,1,1,0,0,0.879650556,1.336527129
51.8725,1,1,0,0,0.934652202,0.055001646
55.545,1,1,0,0,1.333301599,0.398649397
60.94458333,1,1,0,0,1.789986969,0.45668537
60.01791667,1,1,0,0,1.850580124,0.060593154
48.86541667,0,1,0,0,0.683405356,-1.167174767
45.66875,0,1,0,0,-0.218489392,-0.901894749
56.42291667,1,1,0,0,1.339794599,1.558283991
58.98416667,1,1,0,0,1.581238037,0.241443438
51.68833333,1,0,0,0,0.780909665,-0.800328372
63.91833333,1,0,0,0,1.633952269,0.853042604
70.93958333,1,0,0,0,1.896460188,0.26250792
50.75916667,0,0,0,0,0.283045102,-1.613415087
47.57666667,0,0,0,0,-0.632898963,-0.915944064
70.15416667,1,0,0,0,1.681075491,2.313974454
69.47208333,1,0,0,0,1.980274946,0.299199455
59.3775,1,0,0,0,1.891481197,-0.088793749
51.67958333,1,0,0,0,1.199925174,-0.691556023
58.04333333,1,0,0,0,1.490852798,0.290927624
31.11666667,0,0,0,0,-1.039750082,-2.53060288
33.31375,0,0,0,0,-0.849612072,0.19013801
63.67166667,1,0,0,0,1.612498447,2.462110518
67.0625,1,0,0,0,1.692422497,0.07992405
72.06375,1,0,0,0,1.735325473,0.042902976
61.00708333,1,0,0,0,1.397448179,-0.337877294
66.95,1,0,0,0,1.839346584,0.441898405
59.02708333,0,0,0,0,0.7751476,-1.064198984
47.3725,0,0,0,0,0.169552097,-0.605595503
65.05291667,1,0,0,0,1.45702896,1.287476863
66.68583333,1,0,0,0,1.771014405,0.313985445
56.63291667,1,0,0,0,1.340598522,-0.430415883
52.80208333,1,0,0,0,0.984720393,-0.355878129
36.50875,1,0,0,0,-1.540336131,-2.525056525
37.37291667,0,0,0,0,-1.116048722,0.424287409
46.13125,0,0,0,0,-0.917908069,0.198140653
56.45333333,1,0,0,0,0.495028665,1.412936734
55.51083333,1,0,0,0,0.577478508,0.082449843
55.4725,1,0,0,0,0.672566852,0.095088343
52.51458333,1,0,0,0,0.718012154,0.045445302
45.62166667,1,0,0,0,-0.835852955,-1.553865108
20.78125,0,0,0,0,-0.915431266,-0.079578311
43.16125,0,0,0,0,-0.357045782,0.558385484
59.85958333,1,0,0,0,1.69998431,2.057030092
57.63791667,1,0,0,0,1.67773211,-0.0222522
55.07625,1,0,0,0,1.497276806,-0.180455304
47.28208333,1,0,0,0,0.56207702,-0.935199786
52.23083333,1,0,0,0,1.124488271,0.562411251
35.21125,0,0,0,0,-0.515657162,-1.640145433
35.89041667,0,0,0,0,-0.711490828,-0.195833666
48.9,1,0,0,0,1.389464776,2.100955604
56.77208333,1,0,0,0,1.486050275,0.096585499
49.47541667,1,0,0,0,1.170709862,-0.315340413
47.50625,1,0,0,0,1.382311814,0.211601952
45.585,1,0,0,0,0.795785689,-0.586526125
41.295,0,0,0,0,-0.489849313,-1.285635001
32.64916667,0,0,0,0,-1.077512143,-0.587662831
48.19166667,1,0,0,0,1.162556359,2.240068502
52.93583333,1,0,0,0,1.568170426,0.405614067
57.13958333,1,0,0,0,1.696300338,0.128129912
56.595,1,0,0,0,1.736123431,0.039823092
57.285,1,0,0,0,1.774218931,0.038095501
53.84083333,0,0,0,0,0.628902319,-1.145316612
48.04916667,0,0,0,0,-0.200771313,-0.829673632
58.16708333,1,0,0,0,1.573857135,1.774628448
53.97875,1,0,0,0,1.125431245,-0.44842589
58.985,1,0,0,0,1.689063113,0.563631869
58.265,1,0,0,0,1.688436347,-0.000626766
57.57833333,1,0,0,0,1.531084509,-0.157351839
51.99041667,0,0,0,0,0.378089263,-1.152995245
49.82708333,0,0,0,0,-0.142086978,-0.520176242
61.75916667,1,0,0,0,1.526121289,1.668208268
58.81666667,1,0,0,0,1.594040236,0.067918946
55.55083333,1,0,0,0,1.372080617,-0.221959618
51.43333333,1,0,0,0,0.841119257,-0.53096136
34.06375,1,0,0,0,-0.35362433,-1.194743588
23.05583333,0,0,0,0,-1.801291386,-1.447667055
33.83375,0,0,0,0,-1.513630878,0.287660508
42.0275,1,0,0,0,-0.061783782,1.451847095
50.14,1,0,0,0,0.686388903,0.748172685
55.31708333,1,0,0,0,1.360888745,0.674499842
54.0475,1,0,0,0,1.236813478,-0.124075267
53.68958333,1,0,0,0,1.064886401,-0.171927078
49.73708333,0,0,0,0,-0.14979273,-1.21467913
42.01958333,0,0,0,0,-0.778925963,-0.629133233
47.25083333,1,0,0,0,0.282170529,1.061096491
55.32708333,1,0,0,0,0.742693917,0.460523389
54.75833333,1,0,0,0,1.225133771,0.482439854
56.58125,1,0,0,0,1.314390992,0.089257221
57.41833333,1,0,0,0,1.451481022,0.137090031
50.00041667,0,0,0,0,0.00824672,-1.443234302
46.41666667,0,0,0,0,-0.711319913,-0.719566633
58.70541667,1,0,0,0,1.10101437,1.812334283
58.77375,1,0,0,0,1.401159181,0.300144811
59.18,1,0,0,0,1.354855871,-0.04630331
58.31166667,1,0,0,0,1.299117924,-0.055737947
56.31333333,1,0,0,0,1.073116853,-0.226001071
50.86958333,0,0,0,0,-0.186154735,-1.259271589
50.29625,0,0,0,0,-0.57876892,-0.392614185
60.14625,1,0,0,0,1.204442834,1.783211754
58.25375,1,0,1,0,1.077452074,-0.12699076
55.93125,1,0,1,0,0.928617114,-0.14883496
59.12166667,1,0,1,0,1.063258722,0.134641608
59.80958333,1,0,1,0,1.049130265,-0.014128457
48.41208333,0,0,1,0,-0.503386864,-1.552517129
46.67458333,0,0,1,0,-0.866502962,-0.363116098
56.57833333,1,0,1,0,0.353114705,1.219617667
53.01916667,1,0,1,0,0.54374224,0.190627535
54.69666667,1,0,1,0,0.352196722,-0.191545518
50.28541667,1,0,1,0,-0.067918789,-0.420115511
54.40583333,1,0,1,0,0.147180647,0.215099436
53.29916667,0,0,1,0,-0.225064489,-0.372245136
50.57166667,0,0,1,0,-0.829569102,-0.604504613
59.21333333,1,0,1,0,1.048978302,1.878547404
53.82916667,1,0,1,0,0.44136546,-0.607612843
52.98916667,1,0,1,0,-0.052519457,-0.493884916
56.03916667,1,0,1,0,0.868332788,0.920852245
60.28208333,1,0,1,0,0.948563854,0.080231065
49.62791667,0,0,1,0,-0.385057936,-1.33362179
47.48083333,0,0,1,0,-0.83800354,-0.452945605
56.04416667,1,0,1,0,0.697510266,1.535513806
55.68541667,1,0,1,0,0.69271647,-0.004793796
56.02,1,0,1,0,0.655114508,-0.037601961
55.03166667,1,0,1,0,0.381446824,-0.273667684
54.95208333,1,0,1,0,0.600710266,0.219263441
54.91666667,0,0,1,0,-0.304881446,-0.905591712
49.00145833,0,0,1,0,-1.205569893,-0.900688447
57.5225,1,0,1,0,0.558825086,1.764394979
56.65958333,1,0,1,0,0.543462346,-0.01536274
58.27333333,1,0,1,0,0.716261424,0.172799078
53.58708333,1,0,1,0,0.317443461,-0.398817962
54.685,1,0,1,0,0.008842851,-0.30860061
52.01458333,0,0,1,0,-0.87081757,-0.879660421
46.37583333,0,0,1,0,-1.363757171,-0.492939601
58.49291667,1,0,1,0,0.392413191,1.756170362
55.2125,1,0,1,0,0.141693578,-0.250719613
55.32708333,1,0,1,0,-0.027302423,-0.168996
55.22291667,1,0,1,0,-0.643141128,-0.615838706
51.82166667,1,0,1,0,-0.84585368,-0.202712552
43.84458333,0,0,1,0,-1.46131839,-0.61546471
33.46875,0,0,1,0,-1.596465636,-0.135147246
56.56541667,1,0,1,0,0.282276468,1.878742103
53.15333333,1,0,1,0,-0.599007393,-0.881283861
55.95791667,1,0,1,0,-0.59481997,0.004187423
60.69416667,1,0,1,0,0.62685392,1.22167389
58.60833333,1,0,1,0,0.55690485,-0.069949071
54.2825,0,0,1,0,-0.589495105,-1.146399955
49.70333333,0,0,1,0,-1.415440516,-0.825945411
59.5575,1,0,1,0,0.279053975,1.694494491
56.4575,1,0,1,0,0.272351483,-0.006702492
57.29916667,1,0,1,0,0.297427094,0.02507561
56.87125,1,0,1,0,0.247814444,-0.049612649
51.43208333,1,0,1,0,-1.984413989,-2.232228433
47.27083333,0,0,1,0,-1.796538078,0.187875911
33.96708333,0,0,1,0,-2.216579949,-0.420041871
27.95125,1,0,1,0,-1.959936787,0.256643162
53.00458333,1,0,1,0,-0.138442012,1.821494774
56.22791667,1,0,1,0,0.353769235,0.492211247
55.31291667,1,0,1,0,0.119059233,-0.234710002
52.63416667,1,0,1,0,-0.529644125,-0.648703357
43.99625,0,0,1,0,-1.940289503,-1.410645379
31.26541667,0,0,1,0,-2.565657822,-0.625368318
54.38458333,1,0,1,0,-0.346348708,2.219309114
61.21,1,0,1,0,0.216371714,0.562720422
59.81041667,1,0,1,0,0.287289919,0.070918205
62.30458333,1,0,1,0,0.232654365,-0.054635553
56.98791667,1,0,1,0,0.089182287,-0.143472079
51.91166667,0,0,1,0,-1.366654375,-1.455836662
45.87916667,0,0,1,0,-2.391320303,-1.024665928
60.56916667,1,0,1,0,-0.44453984,1.946780463
63.31541667,1,0,1,0,0.311336609,0.755876449
65.12041667,1,0,1,0,0.34108319,0.029746582
68.29875,1,0,1,0,0.367012297,0.025929107
60.08291667,1,0,1,0,-0.135752799,-0.502765096
53.50916667,0,0,1,0,-0.93081954,-0.79506674
49.76666667,0,0,1,0,-1.97588971,-1.04507017
56.29625,1,0,1,0,-0.248703443,1.727186267
62.35166667,1,0,1,0,-0.01302618,0.235677263
61.34833333,1,0,1,0,0.206523388,0.219549567
62.15375,1,0,1,0,0.284017372,0.077493985
66.87541667,1,0,1,0,0.23670309,-0.047314282
53.68833333,0,0,1,0,-1.009331029,-1.246034119
48.25833333,0,0,1,0,-1.903146287,-0.893815258
61.46916667,1,0,1,0,-0.283566719,1.619579568
56.36291667,1,0,1,0,-0.343283217,-0.059716497
63.015,1,0,1,0,-0.297876787,0.04540643
55.48708333,1,0,1,0,-0.217847915,0.080028871
57.77375,1,0,1,0,-0.558619472,-0.340771556
51.46125,0,0,1,0,-1.230892995,-0.672273523
42.91333333,0,0,1,0,-2.223365772,-0.992472776
59.93625,1,0,1,0,-0.146607606,2.076758166
57.96708333,1,0,1,0,0.141421816,0.288029422
60.05833333,1,0,0,1,0.024493305,-0.116928511
50.91333333,1,0,0,1,-1.988708196,-2.013201501
53.55416667,1,0,0,1,-0.977114725,1.011593471
50.74,0,0,0,1,-1.165636501,-0.188521776
48.68666667,0,0,0,1,-1.838924478,-0.673287978
60.39708333,1,0,0,1,0.113789698,1.952714176
62.29375,1,0,0,1,0.305190721,0.191401024
60.90791667,1,0,0,1,0.252927486,-0.052263236
55.76875,1,0,0,1,-0.173071627,-0.425999113
58.86666667,1,0,0,1,0.151502621,0.324574248
52.94791667,0,0,0,1,-1.090088288,-1.241590909
50.36708333,0,0,0,1,-1.714925626,-0.624837338
52.145,1,0,0,1,-1.696773521,0.018152105
59.89291667,1,0,0,1,-0.210223926,1.486549595
63.24125,1,0,0,1,0.344575487,0.554799413
59.50583333,1,0,0,1,0.284371465,-0.060204023
55.94791667,1,0,0,1,-0.12529215,-0.409663614
50.36125,0,0,0,1,-1.390802305,-1.265510155
13.62916667,0,0,0,1,-2.922662082,-1.531859777
45.6675,1,0,0,1,-0.490331271,2.432330811
56.12083333,1,0,0,1,0.169269231,0.659600502
53.9425,1,0,0,1,0.212542807,0.043273576
45.34208333,1,0,0,1,-1.416376408,-1.628919215
50.32708333,1,0,0,1,-0.794058698,0.62231771
46.22958333,0,0,0,1,-1.102052531,-0.307993833
43.01875,0,0,0,1,-1.67465921,-0.57260668
54.42208333,1,0,0,1,-0.19257066,1.482088551
50.40041667,1,0,0,1,-0.083411961,0.109158699
51.97458333,1,0,0,1,0.012407614,0.095819575
51.19625,1,0,0,1,-0.205079816,-0.21748743
50.90791667,1,0,0,1,-0.229326268,-0.024246452
43.04375,0,0,0,1,-1.876888369,-1.647562101
30.24291667,0,0,0,1,-2.448609673,-0.571721304
53.29541667,1,0,0,1,0.001454455,2.450064127
54.69125,1,0,0,1,0.290037325,0.28858287
53.53666667,1,0,0,1,0.121735427,-0.168301898
55.28875,1,0,0,1,0.263868331,0.142132904
52.06041667,1,0,0,1,0.173670545,-0.090197786
49.62833333,0,0,0,1,-1.054246248,-1.227916793
44.36083333,0,0,0,1,-1.557242489,-0.502996241
56.15333333,1,0,0,1,0.131520464,1.688762952
51.0475,1,0,0,1,0.171041413,0.039520949
50.63375,1,0,0,1,0.163933231,-0.007108182
48.40125,1,0,0,1,-0.218195467,-0.382128699
48.13791667,1,0,0,1,-0.495567371,-0.277371904
42.8475,0,0,0,1,-1.162446904,-0.666879533
35.42583333,0,0,0,1,-1.742957437,-0.580510533
43.63791667,1,0,0,1,-0.506583172,1.236374265
51.92041667,1,0,0,1,0.180382003,0.686965175
50.62333333,1,0,0,1,0.442130905,0.261748901
51.10791667,1,0,0,1,0.078317543,-0.363813361
48.23208333,1,0,0,1,-0.521512641,-0.599830184
27.65666667,0,0,0,1,-1.746893579,-1.225380938
19.82125,0,0,0,1,-2.115340497,-0.368446918
44.82625,1,0,0,1,-0.137323856,1.978016642
49.76625,1,0,0,1,0.136407202,0.273731058
49.97333333,1,0,0,1,0.034537247,-0.101869955
49.72458333,1,0,0,1,0.082382026,0.047844779
48.91875,1,0,0,1,-0.301851466,-0.384233493
42.33208333,0,0,0,1,-1.59136756,-1.289516094
40.10375,0,0,0,1,-1.884544332,-0.293176772
49.88708333,1,0,0,1,-0.107125616,1.777418716
48.6425,1,0,0,1,-0.226077674,-0.118952058
47.5975,1,0,0,1,-0.045612379,0.180465295
49.68708333,1,0,0,1,0.057652716,0.103265095
48.00625,1,0,0,1,0.015070853,-0.042581863
45.19,0,0,0,1,-1.076227019,-1.091297872
27.61,0,0,0,1,-2.015857295,-0.939630276
44.6625,1,0,0,1,-0.673544625,1.342312669
35.66916667,1,0,0,1,-1.11011979,-0.436575165
40.76416667,1,0,0,1,-0.575336337,0.534783453
42.57791667,1,0,0,1,-0.496761545,0.078574792
48.40583333,1,0,0,1,-0.078943712,0.417817833
47.61625,0,0,0,1,-0.983021802,-0.90407809
43.3675,0,0,0,1,-1.640540542,-0.657518741
46.62375,1,0,0,1,0.104710944,1.745251486
51.1775,1,0,0,1,0.200684724,0.09597378
51.23208333,1,0,0,1,0.077942563,-0.122742161
52.16083333,1,0,0,1,0.119129166,0.041186603
51.14041667,1,0,0,1,-0.288048215,-0.407177381
48.35,0,0,0,1,-1.253979117,-0.965930901
45.49666667,0,0,0,1,-1.654052522,-0.400073405
57.50208333,1,0,0,1,0.092610047,1.746662569
54.69291667,1,0,0,1,0.005586487,-0.08702356
58.75125,1,0,0,1,0.308399359,0.302812872
63.74333333,1,0,0,1,0.47181176,0.163412401
53.4025,1,0,0,1,0.101582376,-0.370229384
48.4925,0,0,0,1,-0.983013019,-1.084595395
41.06833333,0,0,0,1,-2.046626607,-1.063613588
49.82083333,1,0,0,1,-0.485699693,1.560926914
56.91833333,1,0,0,1,0.135578081,0.621277774
55.50208333,1,0,0,1,0.291165622,0.155587541
59.01333333,1,1,0,0,0.462808722,0.1716431
56.90333333,1,1,0,0,0.249689958,-0.213118764
50.88125,0,1,0,0,-0.915270841,-1.1649608
45.33583333,0,1,0,0,-1.412888379,-0.497617537
53.88375,1,1,0,0,0.5187662,1.931654579
46.23458333,1,1,0,0,-0.352629193,-0.871395392
43.94041667,1,1,0,0,-0.462045447,-0.109416255
50.33125,1,1,0,0,-0.088830054,0.373215393
61.0325,1,1,0,0,0.620053143,0.708883197
49.55291667,0,1,0,0,-0.604799805,-1.224852948
39.215,0,1,0,0,-1.264618862,-0.659819057
48.935,1,1,0,0,-0.144464115,1.120154747
48.06916667,1,1,0,0,-0.197184642,-0.052720527
50.65541667,1,1,0,0,-0.268243701,-0.071059059
56.44666667,1,1,0,0,0.216969782,0.485213483
58.08166667,1,1,0,0,0.47211652,0.255146737
52.70083333,0,1,0,0,-0.582349067,-1.054465587
45.63458333,0,1,0,0,-1.064359738,-0.482010671
61.26708333,1,1,0,0,0.643544975,1.707904714
57.97333333,1,1,0,0,0.629598375,-0.0139466
55.79083333,1,1,0,0,0.5501773,-0.079421075
52.00291667,1,1,0,0,0.470602352,-0.079574948
55.96791667,1,1,0,0,0.684697504,0.214095152
48.33583333,0,1,0,0,-0.535989467,-1.220686971
43.30958333,0,1,0,0,-1.296785851,-0.760796384
54.295,1,1,0,0,0.544813375,1.841599226
60.21791667,1,1,0,0,0.903352564,0.358539189
58.42375,1,1,0,0,0.793826619,-0.109525945
57.24666667,1,1,0,0,0.79464976,0.000823141
57.6,1,1,0,0,0.567452586,-0.227197174
50.22666667,0,1,0,0,-0.555999479,-1.123452065
41.58916667,0,1,0,0,-1.207309053,-0.651309574
48.63333333,1,1,0,0,-1.471964866,-0.264655814
51.91125,1,1,0,0,0.118093496,1.590058363
54.36125,1,1,0,0,0.531638108,0.413544612
46.24291667,1,1,0,0,-0.228553628,-0.760191736
50.80041667,1,1,0,0,0.054023911,0.282577538
49.73375,0,1,0,0,-1.138998426,-1.193022336
44.30416667,0,1,0,0,-1.291973042,-0.152974616
50.97541667,1,1,0,0,-0.141556974,1.150416068
53.15416667,1,1,0,0,-0.264889045,-0.123332071
54.38833333,1,1,0,0,0.596793955,0.861683
57.63333333,1,1,0,0,0.711386082,0.114592127
54.64541667,1,1,0,0,0.706491665,-0.004894418
47.71083333,0,1,0,0,-0.515120771,-1.221612435
43.57791667,0,1,0,0,-1.282526619,-0.767405848
57.68416667,1,1,0,0,0.560546761,1.84307338
49.59375,1,1,0,0,0.177522286,-0.383024475
55.3625,1,1,0,0,0.466995779,0.289473493
62.41291667,1,1,0,0,0.698603941,0.231608162
55.48833333,1,1,0,0,0.738252088,0.039648147
48.67416667,0,1,0,0,-0.509391287,-1.247643375
41.26208333,0,1,0,0,-1.300136044,-0.790744757
49.28208333,1,1,0,0,-0.083942388,1.216193656
54.31583333,1,1,0,0,0.121338577,0.205280965
59.45833333,1,1,0,0,0.999433364,0.878094788
60.07416667,1,1,0,0,0.956761528,-0.042671836
56.74875,1,1,0,0,0.929854748,-0.026906781
50.66708333,0,1,0,0,-0.12834475,-1.058199497
45.94333333,0,1,0,0,-0.861946337,-0.733601587
55.34291667,1,1,0,0,0.742338442,1.604284778
47.36708333,1,1,0,0,-0.081330534,-0.823668975
58.61166667,1,1,0,0,1.133069024,1.214399557
52.67083333,1,1,0,0,0.922186128,-0.210882896
55.98041667,1,1,0,0,0.933207646,0.011021518
47.63291667,0,1,0,0,-0.152502471,-1.085710117
46.08125,0,1,0,0,-0.762614011,-0.610111539
56.3,1,1,0,0,0.949467619,1.71208163
56.86583333,1,1,0,0,1.046834018,0.097366399
59.41333333,1,1,0,0,1.253050595,0.206216577
58.95291667,1,1,0,0,1.164609919,-0.088440676
50.91458333,1,1,0,0,0.654834061,-0.509775858
49.20083333,0,1,0,0,-0.042545384,-0.697379445
45.64875,0,1,0,0,-0.430525986,-0.387980602
62.43291667,1,1,0,0,1.463281619,1.893807605
62.12916667,1,1,0,0,1.54116303,0.077881411
61.77791667,1,1,0,0,1.372450621,-0.168712409
63.21458333,1,1,0,0,1.495570783,0.123120162
61.95333333,1,1,0,0,1.59307294,0.097502157
51.84125,0,1,0,0,0.344811461,-1.248261479
49.13,0,1,0,0,-0.212413773,-0.557225234
64.22375,1,1,0,0,1.358313452,1.570727225
63.89,1,1,0,0,1.655903399,0.297589947
65.26666667,1,1,0,0,1.686345029,0.03044163
61.06666667,1,1,0,0,1.51573277,-0.17061226
55.70958333,1,1,0,0,0.944227077,-0.571505693
45.93208333,0,1,0,0,-0.538093672,-1.482320748
33.91958333,0,1,0,0,-2.095953237,-1.557859566
58.99041667,1,1,0,0,0.995287524,3.091240761
55.97416667,1,1,0,0,1.176513724,0.1812262
57.66833333,1,1,0,0,1.165720102,-0.010793622
52.76083333,1,0,0,0,0.992702308,-0.173017794
53.01625,1,0,0,0,1.123230166,0.130527858
46.31875,0,0,0,0,-0.837970083,-1.961200249
36.75166667,0,0,0,0,-1.298127426,-0.460157343
46.0475,1,0,0,0,0.541278243,1.839405669
49.59375,1,0,0,0,0.729282422,0.188004179
48.95208333,1,0,0,0,0.804641147,0.075358725
46.41333333,1,0,0,0,0.405539531,-0.399101616
42.58625,1,0,0,0,-0.179686859,-0.58522639
46.13166667,0,0,0,0,-0.25613771,-0.076450851
45.38833333,0,0,0,0,-0.399903741,-0.143766031
49.83875,1,0,0,0,1.185830833,1.585734574
45.63875,1,0,0,0,0.261623182,-0.924207652
45.98083333,1,0,0,0,0.488373942,0.226750761
45.99416667,1,0,0,0,0.805193423,0.316819481
48.12666667,1,0,0,0,1.49991553,0.694722107
33.20375,0,0,0,0,-0.613865544,-2.113781074
34.1525,0,0,0,0,-1.086646448,-0.472780903
48.89291667,1,0,0,0,0.845221029,1.931867476
47.53958333,1,0,0,0,1.021962587,0.176741559
49.82791667,1,0,0,0,1.259156329,0.237193742
49.65166667,1,0,0,0,1.230788559,-0.02836777
46.4875,1,0,0,0,0.592872596,-0.637915963
28.155,0,0,0,0,-1.330128535,-1.923001132
15.68666667,0,0,0,0,-1.790848238,-0.460719703
27.6675,1,0,0,0,-1.745019124,0.045829114
42.66708333,1,0,0,0,-0.50415438,1.240864744
44.32708333,1,0,0,0,-0.215041415,0.289112965
33.82291667,1,0,0,0,-1.336234744,-1.121193328
39.00875,1,0,0,0,-0.68746935,0.648765393
39.18833333,0,0,0,0,-0.484175684,0.203293666
18.18958333,0,0,0,0,-1.386495728,-0.902320044
33.81875,1,0,0,0,0.792842915,2.179338643
35.02625,1,0,0,0,-0.053827166,-0.846670081
32.16333333,1,0,0,0,-0.350367946,-0.29654078
20.35,1,0,0,0,-0.418787476,-0.06841953
36.25708333,1,0,0,0,0.031485657,0.450273133
32.57583333,0,0,0,0,-0.503639421,-0.535125078
26.82833333,0,0,0,0,-0.922303431,-0.41866401
47.90833333,1,0,0,0,1.383032713,2.305336143
45.77333333,1,0,0,0,1.250144186,-0.132888527
47.83333333,1,0,0,0,1.139329273,-0.110814913
43.10375,1,0,0,0,-0.043914191,-1.183243464
36.69291667,1,0,0,0,0.041625574,0.085539765
40.06083333,0,0,0,0,-0.119450537,-0.161076111
41.58208333,0,0,0,0,-0.203325443,-0.083874906
49.50875,1,0,0,0,1.580011734,1.783337176
50.01833333,1,0,0,0,1.721769385,0.141757651
45.37208333,1,0,0,0,1.344022218,-0.377747166
45.15833333,1,0,0,0,1.124937814,-0.219084404
42.73375,1,0,0,0,0.681386738,-0.443551076
37.60541667,0,0,0,0,-0.59720873,-1.278595468
13.6575,0,0,0,0,-1.768566787,-1.171358057
44.00833333,1,0,0,0,1.266308797,3.034875584
49.35083333,1,0,0,0,1.702461841,0.436153044
47.15833333,1,0,0,0,1.643707113,-0.058754728
45.1825,1,0,0,0,0.883664638,-0.760042474
48.75583333,1,0,0,0,1.48141931,0.597754671
45.33916667,0,0,0,0,0.54963611,-0.9317832
41.4975,0,0,0,0,-0.3074287,-0.85706481
44.30875,1,0,0,0,0.853997086,1.161425786
48.72125,1,0,0,0,1.031383322,0.177386237
51.21,1,0,0,0,1.181686943,0.150303621
62.33833333,1,0,0,0,1.621610208,0.439923265
63.81333333,1,0,0,0,1.74950523,0.127895022
51.37833333,0,0,0,0,0.627343202,-1.122162028
44.33,0,0,0,0,-0.202221327,-0.829564528
45.80715278,1,0,0,0,1.575824141,1.778045467
47.28430556,1,0,0,0,1.857577265,0.281753124
48.76145833,1,0,0,0,1.714687655,-0.14288961
50.23861111,1,0,0,0,1.608538629,-0.106149026
51.71576389,1,0,0,0,1.549378028,-0.059160601
53.19291667,0,0,0,0,0.481147365,-1.068230663
42.4975,0,0,0,0,-0.18958412,-0.670731485
53.18541667,1,0,0,0,1.684499635,1.874083755
63.87333333,1,0,0,0,1.400904408,-0.283595227
35.97708333,1,0,0,0,0.022360099,-1.378544309
54.8875,1,0,0,0,1.241863545,1.219503446
48.06791667,1,0,0,0,1.009807868,-0.232055677
42.09541667,0,0,0,0,-0.386507514,-1.396315383
28.74541667,0,0,0,0,-1.445728339,-1.059220825
50.6375,1,0,0,0,0.422089091,1.86781743
43.61958333,1,0,0,0,0.152287314,-0.269801776
43.79416667,1,0,0,0,0.284933587,0.132646272
41.02583333,1,0,0,0,0.269559769,-0.015373818
44.78083333,1,0,0,0,-0.083206986,-0.352766755
40.29958333,0,0,0,0,-1.001148077,-0.917941091
42.76666667,0,0,0,0,-0.778527984,0.222620093
47.25791667,1,0,0,0,1.201767519,1.980295503
47.42041667,1,0,0,0,0.981982681,-0.219784837
49.325,1,0,0,0,1.215484519,0.233501838
47.44791667,1,0,1,0,1.076146233,-0.139338286
49.03625,1,0,1,0,1.104162633,0.0280164
39.38416667,0,0,1,0,-0.441052607,-1.54521524
37.46625,0,0,1,0,-0.687865999,-0.246813392
44.54625,1,0,1,0,0.732317446,1.420183445
48.5525,1,0,1,0,0.983135905,0.250818458
43.24541667,1,0,1,0,0.788867716,-0.194268189
45.89541667,1,0,1,0,0.616705131,-0.172162584
47.73666667,1,0,1,0,0.856080709,0.239375578
41.73541667,0,0,1,0,-0.564187585,-1.420268294
31.68333333,0,0,1,0,-1.210411356,-0.646223771
45.05333333,1,0,1,0,0.471266105,1.681677461
47.90166667,1,0,1,0,0.804545206,0.333279101
46.73541667,1,0,1,0,0.934745785,0.130200579
47.47083333,1,0,1,0,0.815840415,-0.11890537
43.68083333,1,0,1,0,0.473770032,-0.342070383
40.22041667,0,0,1,0,-0.683319965,-1.157089997
34.39875,0,0,1,0,-1.114792441,-0.431472476
46.02041667,1,0,1,0,0.590930657,1.705723099
43.43708333,1,0,1,0,0.50799784,-0.082932817
45.5625,1,0,1,0,0.710633763,0.202635923
45.34666667,1,0,1,0,0.623167162,-0.087466601
41.74708333,1,0,1,0,0.580070589,-0.043096573
38.63,0,0,1,0,-0.505137025,-1.085207614
25.25791667,0,0,1,0,-1.393192019,-0.888054993
41.60333333,1,0,1,0,0.306982449,1.700174467
39.40333333,1,0,1,0,0.220018332,-0.086964117
39.25625,1,0,1,0,-0.097507703,-0.317526035
31.61541667,1,0,1,0,-0.721593284,-0.624085582
35.55833333,1,0,1,0,-0.526837414,0.19475587
19.23791667,0,0,1,0,-1.738420424,-1.21158301
24.10333333,0,0,1,0,-1.881721809,-0.143301385
43.54333333,1,0,1,0,0.015318698,1.897040507
50.55083333,1,0,1,0,0.728391069,0.713072371
47.77,1,0,1,0,0.535275688,-0.193115381
50.02208333,1,0,1,0,0.771754571,0.236478883
41.77291667,1,0,1,0,-1.236172608,-2.007927179
39.45125,0,0,1,0,-1.26655834,-0.030385731
35.19916667,0,0,1,0,-1.570613367,-0.304055028
21.86,1,0,1,0,-1.811461486,-0.240848119
40.67083333,1,0,1,0,-0.290904647,1.52055684
53.85625,1,0,1,0,0.838333935,1.129238581
52.95916667,1,0,1,0,0.581483437,-0.256850498
56.67708333,1,0,1,0,0.537366743,-0.044116694
45.09,0,0,1,0,-0.699855203,-1.237221946
34.36875,0,0,1,0,-1.469666159,-0.769810956
45.2625,1,0,1,0,-0.0480088,1.421657359
51.49541667,1,0,1,0,0.255234301,0.303243101
50.8775,1,0,1,0,0.193639584,-0.061594717
50.39875,1,0,1,0,0.065208738,-0.128430845
53.86666667,1,0,1,0,0.37252842,0.307319682
42.16333333,0,0,1,0,-1.00821158,-1.38074
37.77666667,0,0,1,0,-1.637346342,-0.629134762
51.39458333,1,0,1,0,0.044306549,1.681652891
51.21333333,1,0,1,0,0.452703066,0.408396517
44.1,1,0,1,0,-0.04418244,-0.496885506
41.62958333,1,0,1,0,-0.209167692,-0.164985252
46.90083333,1,0,1,0,-0.298448512,-0.08928082
37.21541667,0,0,1,0,-1.205637268,-0.907188755
22.46458333,0,0,1,0,-1.9249181,-0.719280833
42.3025,1,0,1,0,-0.634254766,1.290663335
23.77541667,1,0,1,0,-2.025833406,-1.391578641
48.17583333,1,0,1,0,-0.2938314,1.732002006
50.28833333,1,0,1,0,0.280902687,0.574734087
42.92541667,1,0,1,0,-0.108512566,-0.389415253
36.7675,0,0,1,0,-0.987212642,-0.878700076
32.68,0,0,1,0,-1.563468754,-0.576256111
47.38208333,1,0,1,0,0.237395325,1.800864078
40.33541667,1,0,1,0,-0.111182827,-0.348578151
48.67416667,1,0,1,0,0.234419828,0.345602655
43.11916667,1,0,1,0,-0.276003748,-0.510423576
38.83333333,1,0,1,0,-0.801948362,-0.525944614
35.37666667,0,0,1,0,-1.895398165,-1.093449804
31.19541667,0,0,1,0,-1.923335427,-0.027937262
44.67,1,0,1,0,-0.474793731,1.448541696
49.18791667,1,0,1,0,-0.071428379,0.403365353
40.87166667,1,0,1,0,-0.523573444,-0.452145065
30.40541667,1,0,1,0,-2.360465942,-1.836892499
35.49333333,1,0,1,0,-1.078637674,1.281828269
36.52375,0,0,1,0,-1.387941434,-0.309303761
25.05875,0,0,1,0,-2.217994871,-0.830053437
39.05,1,0,1,0,-0.339258747,1.878736125
46.11625,1,0,1,0,-0.021132897,0.318125849
43.47041667,1,0,1,0,-0.232662197,-0.2115293
43.1725,1,0,1,0,-0.59321659,-0.360554393
38.6825,1,0,1,0,-0.591254322,0.001962268
29.89333333,0,0,1,0,-1.543660674,-0.952406352
20.45666667,0,0,1,0,-1.915459351,-0.371798677
25.63041667,1,0,1,0,-2.175880523,-0.260421172
41.11666667,1,0,1,0,-0.788107146,1.387773377
46.0775,1,0,1,0,-0.057203692,0.730903454
48.92041667,1,0,1,0,0.048117772,0.105321464
38.14625,1,0,0,1,-0.842183478,-0.89030125
30.255,0,0,0,1,-1.653131574,-0.810948096
30.94625,0,0,0,1,-1.609788306,0.043343268
46.50958333,1,0,0,1,0.056549076,1.666337382
41.7475,1,0,0,1,-0.183870091,-0.240419167
48.50125,1,0,0,1,0.104151403,0.288021495
37.48333333,1,0,0,1,-1.173890642,-1.278042046
38.0325,1,0,0,1,-0.996422813,0.17746783
23.03916667,0,0,0,1,-1.920705031,-0.924282218
24.36833333,0,0,0,1,-1.921004244,-0.000299213
45.5675,1,0,0,1,0.05045099,1.971455234
48.8625,1,0,0,1,0.10789211,0.05744112
48.02583333,1,0,0,1,0.120513208,0.012621098
47.88583333,1,0,0,1,0.089310207,-0.031203001
39.73083333,1,0,0,1,-0.138787046,-0.228097253
27.94833333,0,0,0,1,-1.552415232,-1.413628185
22.00291667,0,0,0,1,-2.378451386,-0.826036154
38.24,1,0,0,1,-0.40220974,1.976241646
47.58208333,1,0,0,1,-0.011943223,0.390266517
50.89166667,1,0,0,1,0.14587688,0.157820104
48.60791667,1,0,0,1,-0.023618065,-0.169494946
39.22291667,1,0,0,1,-0.698298692,-0.674680627
32.14291667,0,0,0,1,-1.597432721,-0.899134029
18.585,0,0,0,1,-2.158419769,-0.560987048
32.25125,1,0,0,1,-1.13819694,1.020222828
37.4525,1,0,0,1,-0.726226762,0.411970178
48.96666667,1,0,0,1,0.12291909,0.849145852
47.53333333,1,0,0,1,0.065448082,-0.057471008
46.51625,1,0,0,1,-0.137306944,-0.202755026
37.175,0,0,0,1,-1.262080508,-1.124773564
25.08791667,0,0,0,1,-1.98982217,-0.727741662
44.47125,1,0,0,1,0.0408758,2.03069797
49.63041667,1,0,0,1,0.248816211,0.207940411
47.36791667,1,0,0,1,0.036930431,-0.21188578
46.29416667,1,0,0,1,-0.022120872,-0.059051303
48.52708333,1,0,0,1,0.068970967,0.091091839
39.75333333,0,0,0,1,-1.26766951,-1.336640477
24.68291667,0,0,0,1,-1.937738091,-0.67006858
40.78708333,1,0,0,1,-0.72702197,1.210716121
47.715,1,0,0,1,-0.188918833,0.538103137
45.2975,1,0,0,1,-0.205326646,-0.016407813
39.6475,1,0,0,1,-0.552682395,-0.347355748
46.03625,1,0,0,1,0.068187156,0.62086955
31.71791667,0,0,0,1,-1.708281052,-1.776468207
26.18958333,0,0,0,1,-2.074929571,-0.36664852
38.41541667,1,0,0,1,-0.56217759,1.512751981
44.49291667,1,0,0,1,-0.303393633,0.258783957
43.81416667,1,0,0,1,-0.07833951,0.225054123
40.25166667,1,0,0,1,-0.652588642,-0.574249131
45.46416667,1,0,0,1,-0.257599168,0.394989474
38.38583333,0,0,0,1,-1.262269005,-1.004669837
28.08875,0,0,0,1,-1.91587236,-0.653603356
42.72916667,1,0,0,1,-0.821266096,1.094606264
45.54083333,1,0,0,1,-0.560442761,0.260823335
49.35833333,1,0,0,1,-0.39037818,0.170064581
49.57666667,1,0,0,1,-0.299184673,0.091193507
48.63083333,1,0,0,1,-0.423428693,-0.124244021
38.67,0,0,0,1,-1.392539304,-0.969110611
30.6475,0,0,0,1,-2.06487653,-0.672337226
39.86958333,1,0,0,1,-0.679520637,1.385355893
44.46166667,1,0,0,1,-0.313215829,0.366304808
41.48791667,1,0,0,1,-0.549474641,-0.236258812
42.58666667,1,0,0,1,-0.354202502,0.19527214
46.7425,1,0,0,1,-0.336308036,0.017894465
40.15958333,0,0,0,1,-1.4774054,-1.141097364
35.98875,0,0,0,1,-1.974887504,-0.497482104
43.6725,1,0,0,1,-0.376935412,1.597952093
38.11541667,1,0,0,1,-0.817972559,-0.441037147
44.22208333,1,0,0,1,-0.328800306,0.489172253
47.12166667,1,0,0,1,-0.237988954,0.090811352
44.85333333,1,0,0,1,-0.352872786,-0.114883832
41.02583333,0,0,0,1,-1.475024431,-1.122151645
26.46833333,0,0,0,1,-2.486710506,-1.011686075
45.16291667,1,0,0,1,-0.533233511,1.953476995
47.91583333,1,0,0,1,-0.389450214,0.143783298
41.47916667,1,0,0,1,-0.536304124,-0.146853911
51.44625,1,0,0,1,-0.011743146,0.524560978
51.78208333,1,0,0,1,-0.163845943,-0.152102797
40.49916667,0,0,0,1,-1.466177052,-1.302331109
36.74958333,0,0,0,1,-2.10187388,-0.635696828
49.92541667,1,0,0,1,-0.144580601,1.957293278
61.02583333,1,0,0,1,0.222369238,0.36694984
49.38083333,1,0,0,1,-0.239583889,-0.461953128
53.28583333,1,0,0,1,-0.099367569,0.14021632
51.32916667,1,0,0,1,0.243732366,0.343099935
42.65125,0,0,0,1,-1.40779225,-1.651524616
24.80333333,0,0,0,1,-2.5050811,-1.09728885
47.88166667,1,0,0,1,-0.456729678,2.048351421
49.445,1,0,0,1,0.015297622,0.472027301
52.23083333,1,0,0,1,0.118742361,0.103444739
52.52041667,1,0,0,1,0.373860701,0.255118339
49.85625,1,0,0,1,0.166659725,-0.207200976
43.82041667,0,1,0,0,-0.90804621,-1.074705935
34.27666667,0,1,0,0,-1.709258999,-0.801212789
50.81,1,1,0,0,0.229245253,1.938504252
49.09875,1,1,0,0,0.221256485,-0.007988769
49.62166667,1,1,0,0,0.202115073,-0.019141411
50.07333333,1,1,0,0,0.095171981,-0.106943093
45.40416667,1,1,0,0,-0.268493414,-0.363665395
46.98916667,0,1,0,0,-1.116383301,-0.847889887
38.56375,0,1,0,0,-1.805967207,-0.689583906
51.28958333,1,1,0,0,0.121665189,1.927632396
53.52416667,1,1,0,0,0.398236537,0.276571348
55.865,1,1,0,0,0.648517291,0.250280754
52.7425,1,1,0,0,0.640409078,-0.008108212
33.32708333,1,1,0,0,-0.422164873,-1.062573951
38.27208333,0,1,0,0,-0.920274504,-0.49810963
33.68791667,0,1,0,0,-1.68341413,-0.763139627
50.12666667,1,1,0,0,0.229828891,1.913243022
53.19166667,1,1,0,0,0.307499459,0.077670567
51.57125,1,1,0,0,0.340796897,0.033297439
50.43708333,1,1,0,0,0.396583317,0.055786419
48.85125,1,1,0,0,0.445762335,0.049179019
38.44583333,0,1,0,0,-0.87891963,-1.324681965
33.13208333,0,1,0,0,-1.245238284,-0.366318654
39.37833333,1,1,0,0,-0.071216158,1.174022126
44.41833333,1,1,0,0,0.321139644,0.392355802
49.885,1,1,0,0,0.663826864,0.34268722
47.66125,1,1,0,0,0.310445859,-0.353381005
43.36291667,1,1,0,0,0.251994488,-0.058451371
34.70416667,0,1,0,0,-0.819261464,-1.071255952
27.62166667,0,1,0,0,-1.552962646,-0.733701182
50.92958333,1,1,0,0,0.498230584,2.05119323
47.47375,1,1,0,0,0.621080325,0.122849741
29.75125,1,1,0,0,-1.784047851,-2.405128176
47.77291667,1,1,0,0,0.141795573,1.925843423
40.58125,1,1,0,0,0.310341312,0.16854574
38.84375,0,1,0,0,-0.648789786,-0.959131099
33.11875,0,1,0,0,-1.324843406,-0.676053619
41.12333333,1,1,0,0,0.232653635,1.557497041
44.89875,1,1,0,0,0.389636887,0.156983252
51.54958333,1,1,0,0,0.719583704,0.329946817
52.68583333,1,1,0,0,0.619379851,-0.100203853
46.94541667,1,1,0,0,0.458396897,-0.160982955
36.97625,0,1,0,0,-0.836662333,-1.295059229
30.27375,0,1,0,0,-1.455027707,-0.618365375
43.51541667,1,1,0,0,0.741784109,2.196811816
42.45,1,1,0,0,0.187258422,-0.554525687
42.07,1,1,0,0,0.457550668,0.270292246
41.00708333,1,1,0,0,0.246709294,-0.210841374
44.76166667,1,1,0,0,0.296970485,0.050261191
38.11416667,0,1,0,0,-0.688755395,-0.98572588
37.2025,0,1,0,0,-1.319656959,-0.630901563
49.21208333,1,1,0,0,0.561242015,1.880898974
51.08666667,1,1,0,0,0.874918904,0.313676889
54.83041667,1,1,0,0,1.045199682,0.170280778
50.12791667,1,1,0,0,0.814705991,-0.230493692
51.46583333,1,1,0,0,0.956437563,0.141731572
39.56666667,0,1,0,0,-0.057070799,-1.013508362
37.50854167,0,1,0,0,-0.867254411,-0.810183612
42.635,1,1,0,0,-1.367613252,-0.500358841
55.51958333,1,1,0,0,1.205113166,2.572726418
48.04083333,1,1,0,0,0.579382091,-0.625731074
33.14208333,1,1,0,0,-0.1835836,-0.762965691
35.00791667,1,1,0,0,-0.22403224,-0.040448639
35.47625,0,1,0,0,-0.503965876,-0.279933636
28.44625,0,1,0,0,-0.832920351,-0.328954475
43.11166667,1,1,0,0,0.983319126,1.816239477
43.59166667,1,1,0,0,0.956214852,-0.027104274
35.45708333,1,1,0,0,0.443513971,-0.512700881
39.81125,1,1,0,0,0.463040426,0.019526455
51.02291667,1,1,0,0,0.999927654,0.536887229
39.50708333,0,1,0,0,-0.077109363,-1.077037017
34.71833333,0,1,0,0,-0.527639507,-0.450530144
52.555,1,1,0,0,1.224067419,1.751706927
52.04833333,1,1,0,0,1.293134457,0.069067038
50.88666667,1,1,0,0,1.338767994,0.045633537
55.54583333,1,1,0,0,1.441714553,0.102946559
52.08875,1,1,0,0,1.501497491,0.059782937
40.94083333,0,1,0,0,0.060757044,-1.440740446
42.60666667,0,1,0,0,-0.316554671,-0.377311715
54.26125,1,1,0,0,1.341802516,1.658357188
52.2,1,1,0,0,1.383262308,0.041459792
50.395,1,1,0,0,1.323098692,-0.060163617
48.80375,1,1,0,0,1.310825395,-0.012273296
47.34208333,1,1,0,0,1.129221833,-0.181603562
41.61333333,0,1,0,0,0.295358838,-0.833862995
19.9125,0,1,0,0,-1.492324713,-1.787683551
44.22416667,1,1,0,0,0.943212902,2.435537615
55.49208333,1,1,0,0,1.585733181,0.642520278
52.94666667,1,1,0,0,1.723488714,0.137755533
52.73583333,1,1,0,0,1.178960783,-0.544527931
57.68583333,1,1,0,0,1.470234032,0.291273249
46.00833333,0,0,0,0,0.480548564,-0.989685468
41.1075,0,0,0,0,-0.184255067,-0.664803631
51.2625,1,0,0,0,1.455489504,1.639744571
47.38333333,1,0,0,0,1.414360759,-0.041128745
54.85833333,1,0,0,0,1.548019623,0.133658865
53.89666667,1,0,0,0,1.523036606,-0.024983017
52.90125,1,0,0,0,1.331439423,-0.191597183
50.11833333,0,0,0,0,0.679649908,-0.651789515
35.07875,0,0,0,0,-0.754415606,-1.434065515
52.95458333,1,0,0,0,1.207112679,1.961528285
60.32416667,1,0,0,0,1.664733781,0.457621102
72.06875,1,0,0,0,1.906279099,0.241545318
65.44125,1,0,0,0,1.857271542,-0.049007557
49.34958333,1,0,0,0,1.099754096,-0.757517446
33.87916667,0,0,0,0,0.031580194,-1.068173902
33.24083333,0,0,0,0,-0.330687922,-0.362268116
53.27625,1,0,0,0,1.215947723,1.546635645
55.24,1,0,0,0,1.476975038,0.261027315
52.9675,1,0,0,0,1.457432915,-0.019542123
46.7275,1,0,0,0,0.912840217,-0.544592698
38.15416667,1,0,0,0,0.702232106,-0.21060811
37.36083333,0,0,0,0,-0.232833187,-0.935065293
16.16375,0,0,0,0,-1.207024794,-0.974191607
17.2340625,1,0,0,0,-1.15691433,0.050110464
18.304375,1,0,0,0,-1.54540821,-0.38849388
19.3746875,1,0,0,0,-1.809715325,-0.264307115
20.445,1,0,0,0,-0.808814959,1.000900366
31.29791667,1,0,0,0,-0.411156063,0.397658896
16.67791667,0,0,0,0,-1.235222914,-0.824066851
10.36583333,0,0,0,0,-2.297825229,-1.062602315
13.521875,1,0,0,0,-2.196572461,0.101252768
