33.91916667,0,0,0,0,0.7952354,0.64390386
36.82208333,0,0,0,0,1.039831879,0.24459648
50.13125,1,0,0,0,2.113258113,1.073426234
53.14416667,1,0,0,0,2.335204485,0.221946372
59.895,1,0,0,0,2.265322602,-0.069881883
67.79958333,1,0,0,0,2.264056122,-0.001266481
65.76333333,1,0,0,0,2.2871291,0.023072979
57.16166667,0,0,0,0,1.916652738,-0.370476362
61.12041667,0,0,0,0,1.831299905,-0.085352833
73.83458333,1,0,0,0,2.383017881,0.551717975
86.63875,1,0,0,0,2.482267112,0.099249231
56.45875,1,0,0,0,2.209000733,-0.273266379
57.56458333,1,0,0,0,2.088015553,-0.12098518
55.105,1,0,0,0,1.923629507,-0.164386046
42.82416667,0,0,0,0,1.391648414,-0.531981093
33.69375,0,0,0,0,0.764227429,-0.627420986
47.47791667,1,0,0,0,1.437945339,0.673717911
49.31125,1,0,0,0,1.596263211,0.158317872
48.68458333,1,0,0,0,1.581635505,-0.014627706
47.10875,1,0,0,0,1.641389785,0.05975428
46.68583333,1,0,0,0,1.561665119,-0.079724665
41.68625,0,0,0,0,1.189992159,-0.371672961
38.62416667,0,0,0,0,0.92092666,-0.269065498
51.27333333,1,0,0,0,1.529568746,0.608642085
52.15041667,1,0,0,0,1.7265612,0.196992454
55.95541667,1,0,0,0,1.863162213,0.136601012
54.39041667,1,0,0,0,1.942957899,0.079795686
56.49958333,1,0,0,0,1.795764918,-0.147192981
48.43333333,0,0,0,0,1.46652424,-0.329240678
59.0225,0,0,0,0,1.330202502,-0.136321738
63.31333333,1,0,0,0,2.027850881,0.697648379
55.06833333,1,0,0,0,1.953437075,-0.074413806
50.55541667,1,0,0,0,1.740815979,-0.212621096
49.55791667,1,0,0,0,1.727155047,-0.013660932
43.84416667,1,0,0,0,1.463620558,-0.263534489
39.85208333,0,0,0,0,0.832840747,-0.630779811
37.61791667,0,0,0,0,0.692538655,-0.140302092
56.37875,1,0,0,0,1.530083794,0.837545139
52.1025,1,0,0,0,1.493885103,-0.036198691
53.33083333,1,0,0,0,1.953957307,0.460072204
58.995,1,0,0,0,2.095801036,0.141843729
67.1575,1,0,0,0,2.140773477,0.044972441
58.28666667,0,0,0,0,1.872728609,-0.268044868
47.81791667,0,0,0,0,1.600296539,-0.27243207
62.715,1,0,0,0,2.245768815,0.645472277
64.82208333,1,0,0,0,2.171261543,-0.074507273
59.27166667,1,0,0,0,1.973245235,-0.198016308
47.72166667,1,0,0,0,1.480075222,-0.493170013
44.89166667,1,0,0,0,1.623662938,0.143587716
39.04375,0,0,0,0,1.222690919,-0.40097202
34.06583333,0,0,0,0,0.777913941,-0.444776978
37.99958333,1,0,0,0,1.072739693,0.294825753
38.86375,1,0,0,0,1.072282178,-0.000457515
39.42708333,1,0,0,0,0.968903783,-0.103378395
37.44791667,1,0,0,0,0.80111557,-0.167788214
36.55208333,1,0,0,0,0.65164119,-0.14947438
30.18041667,0,0,0,0,0.281304214,-0.370336977
20.22791667,0,0,0,0,-0.256270493,-0.537574707
36.45916667,1,0,1,0,0.877507215,1.133777709
42.19666667,1,0,1,0,0.933371382,0.055864167
40.33208333,1,0,1,0,1.028047683,0.094676301
41.03583333,1,0,1,0,1.078218644,0.050170961
44.46416667,1,0,1,0,1.273254523,0.195035879
37.505,0,0,1,0,0.96887112,-0.304383402
39.75875,0,0,1,0,0.846444482,-0.122426639
60.07666667,1,0,1,0,1.544697089,0.698252608
61.19291667,1,0,1,0,1.785130799,0.24043371
89.83208333,1,0,1,0,1.824233702,0.039102902
73.38416667,1,0,1,0,1.8309935,0.006759799
79.38708333,1,0,1,0,1.853566553,0.022573053
52.16875,0,0,1,0,1.185550486,-0.668016067
39.19666667,0,0,1,0,0.834259504,-0.351290983
53.06166667,1,0,1,0,1.442874768,0.608615265
49.94,1,0,1,0,1.449070658,0.006195889
45.9025,1,0,1,0,1.347751809,-0.101318849
41.65708333,1,0,1,0,1.0839104,-0.263841409
38.45458333,1,0,1,0,0.760953656,-0.322956744
31.91458333,0,0,1,0,-0.107595413,-0.868549069
31.265,0,0,1,0,-0.339565184,-0.231969771
42.23708333,1,0,1,0,0.325778499,0.665343683
40.41125,1,0,1,0,0.394121872,0.068343373
34.67708333,1,0,1,0,0.282557416,-0.111564456
34.66083333,1,0,1,0,0.132353855,-0.150203561
34.39166667,1,0,1,0,0.090493558,-0.041860296
32.56833333,0,0,1,0,-0.395693381,-0.48618694
26.20375,0,0,1,0,-0.578849623,-0.183156242
39.0875,1,0,1,0,0.035079542,0.613929166
36.01541667,1,0,1,0,0.128348987,0.093269444
35.99916667,1,0,1,0,0.179125359,0.050776372
41.99208333,1,0,1,0,0.435958624,0.256833265
42.34,1,0,1,0,0.452153312,0.016194689
35.09125,0,0,1,0,-0.170383273,-0.622536585
32.47875,0,0,1,0,-0.47826822,-0.307884947
33.34166667,1,0,1,0,-0.289104694,0.189163526
46.19666667,1,0,1,0,0.214678812,0.503783506
46.72166667,1,0,1,0,0.172114224,-0.042564588
45.51208333,1,0,1,0,0.114522169,-0.057592055
42.59916667,1,0,1,0,0.251070077,0.136547908
36.28666667,0,0,1,0,-0.310963091,-0.562033168
29.25708333,0,0,1,0,-0.559574016,-0.248610926
45.67875,1,0,1,0,0.126870339,0.686444355
47.42125,1,0,1,0,0.275974302,0.149103963
45.80125,1,0,1,0,0.30608392,0.030109619
48.54083333,1,0,1,0,0.307000006,0.000916086
44.28333333,1,0,1,0,0.154418344,-0.152581662
39.96208333,0,0,1,0,-0.371738534,-0.526156878
35.5475,0,0,1,0,-0.683915238,-0.312176705
47.39916667,1,0,1,0,-0.062899595,0.621015644
44.52375,1,0,1,0,-0.065759158,-0.002859563
46.01166667,1,0,1,0,-0.048325424,0.017433735
48.70916667,1,0,1,0,-0.098976469,-0.050651045
45.01875,1,0,1,0,-0.181600498,-0.082624029
39.97166667,0,0,1,0,-0.749154343,-0.567553846
30.60666667,0,0,1,0,-1.098067203,-0.348912859
40.73125,1,0,1,0,-0.438567952,0.659499251
42.905,1,0,1,0,-0.345771344,0.092796608
42.78333333,1,0,1,0,-0.371533434,-0.02576209
41.89541667,1,0,1,0,-0.416398531,-0.044865097
40.54833333,1,0,1,0,-0.45079228,-0.03439375
26.175,0,0,1,0,-0.867592662,-0.416800382
26.35083333,0,0,1,0,-1.288501407,-0.420908744
44.21375,1,0,1,0,-0.331702756,0.956798651
45.43125,1,0,1,0,-0.141629654,0.190073102
46.95958333,1,0,1,0,-0.013453415,0.128176239
49.71333333,1,0,1,0,0.125643349,0.139096764
53.08458333,1,0,1,0,0.150791053,0.025147704
43.81625,0,0,1,0,-0.374625502,-0.525416555
38.45083333,0,0,1,0,-0.778762416,-0.404136914
50.91541667,1,0,1,0,-0.047657138,0.731105278
53.55583333,1,0,1,0,0.056030814,0.103687952
50.53625,1,0,1,0,0.180332253,0.124301439
42.70458333,1,0,1,0,-0.408266715,-0.588598967
48.12625,1,0,1,0,-0.102028775,0.306237939
42.78666667,0,0,1,0,-0.343592306,-0.24156353
33.25125,0,0,1,0,-0.679692136,-0.336099831
50.96833333,1,0,1,0,-0.075971254,0.603720883
51.9125,1,0,1,0,-0.003739023,0.072232231
50.29083333,1,0,1,0,-0.103070438,-0.099331415
48.76083333,1,0,1,0,-0.188698904,-0.085628466
46.41041667,1,0,1,0,-0.386736496,-0.198037592
40.60833333,0,0,1,0,-1.004878652,-0.618142157
28.05666667,0,0,1,0,-1.304807134,-0.299928482
23.10208333,1,0,1,0,-1.274381863,0.030425271
44.27958333,1,0,1,0,-0.617451769,0.656930094
47.94625,1,0,1,0,-0.569876357,0.047575412
48.08625,1,0,1,0,-0.489279365,0.080596993
43.52666667,1,0,1,0,-0.540278577,-0.050999213
36.56916667,0,0,1,0,-1.07560138,-0.535322803
19.62875,0,0,1,0,-1.406819786,-0.331218406
37.9725,1,0,1,0,-0.613929888,0.792889899
42.44333333,1,0,0,1,-0.387216178,0.226713709
38.82041667,1,0,0,1,-0.406660357,-0.019444179
38.48916667,1,0,0,1,-0.508625194,-0.101964837
41.59666667,1,0,0,1,-0.543586025,-0.034960831
36.37125,0,0,0,1,-1.039388093,-0.495802067
29.74208333,0,0,0,1,-1.356735072,-0.317346979
43.60875,1,0,0,1,-0.642324501,0.714410571
49.81208333,1,0,0,1,-0.480293008,0.162031493
51.85666667,1,0,0,1,-0.401365646,0.078927363
48.83625,1,0,0,1,-0.466056367,-0.064690722
44.6975,1,0,0,1,-0.565278693,-0.099222326
35.94291667,0,0,0,1,-1.062324993,-0.4970463
19.34291667,0,0,0,1,-1.295507237,-0.233182244
44.76708333,1,0,0,1,-0.551800536,0.743706701
43.78708333,1,0,0,1,-0.468754003,0.083046532
42.86541667,1,0,0,1,-0.468779219,-2.52E-05
48.16083333,1,0,0,1,-0.394986913,0.073792306
47.04416667,1,0,0,1,-0.494000378,-0.099013465
36.02458333,0,0,0,1,-0.963028462,-0.469028085
25.50958333,0,0,0,1,-1.219863985,-0.256835522
45.09083333,1,0,0,1,-0.479135533,0.740728452
49.1175,1,0,0,1,-0.407765046,0.071370487
47.99625,1,0,0,1,-0.429251168,-0.021486122
50.29291667,1,0,0,1,-0.46717994,-0.037928772
49.33583333,1,0,0,1,-0.538032392,-0.070852452
41.21208333,0,0,0,1,-1.057580618,-0.519548226
34.09333333,0,0,0,1,-1.292051183,-0.234470566
52.55,1,0,0,1,-0.585227906,0.706823277
49.22875,1,0,0,1,-0.484074893,0.101153013
48.74625,1,0,0,1,-0.457951038,0.026123855
50.47708333,1,0,0,1,-0.327447768,0.13050327
51.50458333,1,0,0,1,-0.289857179,0.037590589
46.01666667,0,0,0,1,-0.835072081,-0.545214902
34.28625,0,0,0,1,-1.251397579,-0.416325498
49.72625,1,0,0,1,-0.620304599,0.63109298
48.92166667,1,0,0,1,-0.453326132,0.166978468
49.9225,1,0,0,1,-0.436600388,0.016725743
52.12375,1,0,0,1,-0.251183586,0.185416803
54.3075,1,0,0,1,-0.202758057,0.048425529
46.86583333,0,0,0,1,-0.718721203,-0.515963146
39.58958333,0,0,0,1,-0.991921202,-0.273199999
58.32541667,1,0,0,1,-0.370098805,0.621822397
54.01666667,1,0,0,1,-0.313260788,0.056838017
47.20083333,1,0,0,1,-1.001800528,-0.68853974
51.62375,1,0,0,1,-0.642113268,0.35968726
50.85625,1,0,0,1,-0.504231084,0.137882184
43.52125,0,0,0,1,-1.00459726,-0.500366176
33.31333333,0,0,0,1,-1.251299216,-0.246701956
45.19583333,1,0,0,1,-0.472683234,0.778615981
49.86458333,1,0,0,1,-0.247915882,0.224767352
50.0425,1,0,0,1,-0.303559876,-0.055643994
48.7075,1,0,0,1,-0.383655718,-0.080095842
46.3775,1,0,0,1,-0.491626365,-0.107970648
37.20041667,0,0,0,1,-0.959226904,-0.467600539
23.01041667,0,0,0,1,-1.216507555,-0.257280651
42.04083333,1,0,0,1,-0.590723201,0.625784354
45.65541667,1,0,0,1,-0.44502278,0.14570042
44.70333333,1,0,0,1,-0.47842688,-0.033404099
42.25958333,1,0,0,1,-0.530426387,-0.051999508
43.41458333,1,0,0,1,-0.595111037,-0.06468465
37.24375,0,0,0,1,-1.024371659,-0.429260622
27.6075,0,0,0,1,-1.283852976,-0.259481316
38.78166667,1,0,0,1,-0.707910999,0.575941976
35.00666667,1,0,0,1,-0.684585737,0.023325263
37.20958333,1,0,0,1,-0.713986073,-0.029400337
38.4675,1,0,0,1,-0.859316952,-0.145330879
37.46208333,1,0,0,1,-0.964831107,-0.105514155
29.3075,0,0,0,1,-1.355580757,-0.39074965
23.51833333,0,0,0,1,-1.636113124,-0.280532367
36.025,1,0,0,1,-1.067301105,0.568812019
36.99583333,1,0,0,1,-0.997856805,0.069444301
36.66416667,1,0,0,1,-1.017110096,-0.019253292
34.00333333,1,0,0,1,-1.066848007,-0.04973791
38.57541667,1,0,0,1,-1.142532401,-0.075684394
38.66166667,0,0,0,1,-1.371806692,-0.229274292
26.65958333,0,0,0,1,-1.654851393,-0.283044701
41.13625,1,0,0,1,-1.191387373,0.46346402
40.80791667,1,0,0,1,-1.036093886,0.155293487
36.595,1,0,0,1,-0.950044251,0.086049635
38.0975,1,0,0,1,-0.833690269,0.116353982
41.4675,1,0,0,1,-0.817869356,0.015820913
34.12083333,0,0,0,1,-1.119786425,-0.301917069
31.37208333,0,0,0,1,-1.28757507,-0.167788645
36.62541667,1,0,0,1,-0.823317991,0.464257079
40.03625,1,0,0,1,-0.783079723,0.040238268
41.16208333,1,0,0,1,-0.750826239,0.032253484
47.02833333,1,0,0,1,-0.525889082,0.224937157
48.52958333,1,0,0,1,-0.664318775,-0.138429693
41.9975,0,0,0,1,-1.073866092,-0.409547317
26.62458333,0,0,0,1,-1.344618898,-0.270752806
42.42166667,1,0,0,1,-0.68578858,0.658830318
46.44458333,1,0,0,1,-0.466022635,0.219765945
46.20541667,1,1,0,0,-0.419311339,0.046711296
45.59291667,1,1,0,0,-0.34980426,0.069507079
48.44625,1,1,0,0,-0.460476745,-0.110672485
44.03833333,0,1,0,0,-0.881961882,-0.421485137
35.71375,0,1,0,0,-1.183150402,-0.30118852
40.5375,1,1,0,0,-0.416612484,0.766537917
44.33625,1,1,0,0,-0.341653012,0.074959472
39.415,1,1,0,0,-0.378103689,-0.036450677
43.72166667,1,1,0,0,-0.401835419,-0.02373173
43.12958333,1,1,0,0,-0.483818222,-0.081982803
38.3875,0,1,0,0,-0.938887302,-0.455069079
31.20125,0,1,0,0,-1.216590177,-0.277702875
43.83541667,1,1,0,0,-0.502891381,0.713698796
45.17291667,1,1,0,0,-0.42910033,0.07379105
45.52458333,1,1,0,0,-0.415605021,0.01349531
48.13333333,1,1,0,0,-0.309453323,0.106151698
48.97125,1,1,0,0,-0.326537955,-0.017084632
44.35916667,0,1,0,0,-0.775476968,-0.448939013
41.68625,0,1,0,0,-1.037299538,-0.26182257
48.78041667,1,1,0,0,-0.344415836,0.692883702
48.485,1,1,0,0,-0.213677959,0.130737877
50.82166667,1,1,0,0,-0.307319153,-0.093641193
50.2775,1,1,0,0,-0.358975503,-0.05165635
49.13166667,1,1,0,0,-0.432955805,-0.073980302
44.66666667,0,1,0,0,-0.947428642,-0.514472837
43.14916667,0,1,0,0,-1.07803356,-0.130604918
53.50708333,1,1,0,0,-0.236656212,0.841377348
54.23041667,1,1,0,0,-0.076123268,0.160532944
54.92958333,1,1,0,0,-0.146961202,-0.070837934
54.34125,1,1,0,0,-0.134969247,0.011991954
55.01833333,1,1,0,0,-0.230410179,-0.095440932
45.71291667,0,1,0,0,-0.945671701,-0.715261522
40.89208333,0,1,0,0,-1.173201876,-0.227530174
50.65041667,1,1,0,0,-0.431997864,0.741204011
50.66583333,1,1,0,0,-0.304654865,0.127342999
52.9125,1,1,0,0,-0.28911025,0.015544615
53.22375,1,1,0,0,-0.31116721,-0.022056959
50.32583333,1,1,0,0,-0.411501808,-0.100334598
44.895,0,1,0,0,-0.922130899,-0.510629091
39.3275,0,1,0,0,-1.238231532,-0.316100634
48.05333333,1,1,0,0,-0.41059008,0.827641453
57.80583333,1,1,0,0,-0.246144121,0.164445958
54.885,1,1,0,0,-0.182444919,0.063699203
57.205,1,1,0,0,0.020861969,0.203306887
60.35416667,1,1,0,0,0.060792334,0.039930366
51.59541667,0,1,0,0,-0.456910262,-0.517702596
50.56791667,0,1,0,0,-0.555723944,-0.098813682
60.12833333,1,1,0,0,0.264369327,0.820093271
73.99416667,1,1,0,0,0.339589031,0.075219704
71.69875,1,1,0,0,0.404201086,0.064612056
75.00125,1,1,0,0,0.740910194,0.336709108
64.15416667,1,1,0,0,0.664752933,-0.076157261
67.18583333,0,1,0,0,-0.007555509,-0.672308442
50.59041667,0,1,0,0,-0.184475224,-0.176919715
74.52833333,1,1,0,0,0.48176079,0.666236014
85.8075,1,1,0,0,0.812650265,0.330889475
73.8225,1,1,0,0,0.799219559,-0.013430706
80.18625,1,1,0,0,0.6604335,-0.138786059
52.36166667,1,1,0,0,0.484257275,-0.176176225
45.83375,0,1,0,0,-0.061311902,-0.545569177
44.20875,0,1,0,0,-0.376301772,-0.31498987
44.95166667,1,1,0,0,-0.36419769,0.012104082
50.71958333,1,1,0,0,0.268521676,0.632719366
47.54041667,1,1,0,0,0.200477584,-0.068044093
47.83583333,1,1,0,0,0.116784187,-0.083693397
46.49541667,1,1,0,0,0.115310129,-0.001474058
44.69625,0,1,0,0,-0.292993732,-0.408303861
41.05166667,0,1,0,0,-0.425025555,-0.132031823
54.0125,1,1,0,0,0.458800134,0.883825689
52.945,1,1,0,0,0.488787388,0.029987254
51.21333333,1,1,0,0,0.660787654,0.172000267
41.05666667,1,1,0,0,-0.018569371,-0.679357025
37.79375,1,1,0,0,0.032179063,0.050748434
34.18125,0,1,0,0,-0.145484246,-0.177663309
25.46958333,0,1,0,0,-0.37578837,-0.230304124
47.56958333,1,1,0,0,0.658835548,1.034623918
52.12208333,1,1,0,0,0.829432563,0.170597015
53.16083333,1,1,0,0,1.023523467,0.194090904
53.36791667,1,1,0,0,0.992981475,-0.030541992
53.57791667,1,1,0,0,1.021260152,0.028278678
47.19291667,0,1,0,0,0.518654204,-0.502605949
42.7125,0,1,0,0,0.379535903,-0.1391183
51.66625,1,1,0,0,1.17251639,0.792980487
55.63708333,1,1,0,0,1.379494488,0.206978098
60.03,1,1,0,0,1.515761687,0.136267199
62.42791667,1,1,0,0,1.64303852,0.127276833
62.60958333,1,1,0,0,1.83939661,0.19635809
57.17125,0,1,0,0,1.574347941,-0.265048669
52.63583333,0,1,0,0,1.213874039,-0.360473903
65.30416667,1,1,0,0,2.054708569,0.840834531
73.0275,1,1,0,0,2.241980226,0.187271657
72.94625,1,0,0,0,2.325892361,0.083912135
75.85958333,1,0,0,0,2.485704504,0.159812142
79.31666667,1,0,0,0,2.588277986,0.102573482
63.50666667,0,0,0,0,1.843039432,-0.745238554
63.2275,0,0,0,0,1.186543705,-0.656495727
76.95166667,1,0,0,0,1.732146804,0.545603099
69.92,1,0,0,0,1.850319611,0.118172807
61.33333333,1,0,0,0,1.656312117,-0.194007493
60.63125,1,0,0,0,2.017876007,0.36156389
64.40583333,1,0,0,0,2.058160688,0.040284681
65.00416667,0,0,0,0,1.325531658,-0.73262903
52.91583333,0,0,0,0,1.065878909,-0.259652749
64.97458333,1,0,0,0,2.149166703,1.083287794
72.45166667,1,0,0,0,2.497556693,0.34838999
75.33166667,1,0,0,0,2.474966916,-0.022589777
67.47291667,1,0,0,0,2.270024832,-0.204942084
67.68458333,1,0,0,0,2.278680344,0.008655512
61.18458333,0,0,0,0,1.970448921,-0.308231423
54.22333333,0,0,0,0,1.382083465,-0.588365456
69.085,1,0,0,0,2.04118765,0.659104185
68.04833333,1,0,0,0,1.974328469,-0.066859181
56.63541667,1,0,0,0,1.861598258,-0.112730211
56.13166667,1,0,0,0,1.025752013,-0.835846245
45.75291667,1,0,0,0,1.163386386,0.137634373
48.12375,0,0,0,0,1.131083685,-0.032302701
55.27458333,0,0,0,0,1.92709925,0.796015566
58.8625,1,0,0,0,1.894236914,-0.032862336
57.10416667,1,0,0,0,1.683838656,-0.210398259
55.67333333,1,0,0,0,1.554208201,-0.129630454
52.85333333,1,0,0,0,1.54278142,-0.011426781
53.04333333,1,0,0,0,1.243153788,-0.299627632
35.4275,0,0,0,0,0.858078175,-0.385075614
46.475,0,0,0,0,1.451015316,0.592937142
61.46958333,1,0,0,0,2.237407781,0.786392465
61.22875,1,0,0,0,2.395178737,0.157770956
58.41958333,1,0,0,0,1.975024946,-0.420153791
57.67375,1,0,0,0,1.40374304,-0.571281906
51.89208333,1,0,0,0,1.129471815,-0.274271225
31.05041667,0,0,0,0,0.429119922,-0.700351893
35.97791667,0,0,0,0,0.514067486,0.084947564
48.90083333,1,0,0,0,1.380726971,0.866659486
56.77208333,1,0,0,0,1.227048543,-0.153678429
49.475,1,0,0,0,1.126561483,-0.100487059
44.75166667,1,0,0,0,0.882301883,-0.2442596
45.54541667,1,0,0,0,0.924032113,0.04173023
40.15416667,0,0,0,0,0.403511074,-0.520521039
32.03291667,0,0,0,0,0.166187071,-0.237324003
48.19166667,1,0,0,0,0.911403329,0.745216258
52.93583333,1,0,0,0,1.024680334,0.113277004
57.13958333,1,0,0,0,1.282561756,0.257881422
56.60875,1,0,0,0,1.45927098,0.176709224
57.45208333,1,0,0,0,1.63524186,0.17597088
53.84083333,0,0,0,0,1.231800672,-0.403441188
49.20666667,0,0,0,0,1.03044707,-0.201353602
59.65208333,1,0,0,0,1.790763647,0.760316577
57.89291667,1,0,0,0,1.968150789,0.177387142
59.19875,1,0,0,0,1.968272446,0.000121658
58.265,1,0,0,0,1.867410201,-0.100862246
57.6575,1,0,0,0,1.846577017,-0.020833184
52.13,0,0,0,0,1.440637769,-0.405939248
50.20791667,0,0,0,0,1.267097689,-0.17354008
62.25541667,1,0,0,0,2.107653661,0.840555972
60.52625,1,0,0,0,2.272251574,0.164597913
58.48041667,1,0,0,0,2.078552823,-0.193698752
57.01541667,1,0,0,0,1.860154189,-0.218398634
55.79083333,1,0,0,0,1.457278423,-0.402875766
48.66291667,0,0,0,0,0.741168884,-0.716109539
36.06708333,0,0,0,0,0.586852643,-0.154316241
52.3825,1,0,0,0,1.203869036,0.617016393
55.84041667,1,0,0,0,1.362302424,0.158433387
55.31708333,1,0,0,0,1.271922003,-0.090380421
54.0475,1,0,0,0,1.111862347,-0.160059656
53.31958333,1,0,0,0,0.896372387,-0.21548996
49.53583333,0,0,0,0,0.55372746,-0.342644927
42.32833333,0,0,0,0,0.221747289,-0.331980171
50.8075,1,0,0,0,0.910219208,0.688471919
55.72666667,1,0,0,0,0.998269585,0.088050377
54.48791667,1,0,0,0,1.115258602,0.116989017
56.58083333,1,0,0,0,1.164738515,0.049479913
57.41833333,1,0,0,0,1.228421616,0.063683102
50.05,0,0,0,0,0.666484056,-0.56193756
46.41666667,0,0,0,0,0.384612427,-0.281871629
58.70541667,1,0,0,0,1.083618818,0.69900639
58.77375,1,0,0,0,1.201742125,0.118123307
59.18041667,1,0,0,0,1.335945949,0.134203824
58.31916667,1,0,0,0,1.080285922,-0.255660027
56.25625,1,0,0,0,0.953972393,-0.126313528
49.93666667,0,0,0,0,0.369950383,-0.584022011
49.11,0,0,0,0,0.164557893,-0.20539249
60.14583333,1,0,0,0,1.018537626,0.853979732
58.25333333,1,0,1,0,0.978584029,-0.039953597
55.93125,1,0,1,0,0.991158978,0.012574949
59.1325,1,0,1,0,1.087304032,0.096145054
60.18375,1,0,1,0,1.203466512,0.116162479
56.44541667,0,0,1,0,0.728060766,-0.475405746
49.33708333,0,0,1,0,0.436730709,-0.291330057
59.36666667,1,0,1,0,1.104229231,0.667498522
59.03583333,1,0,1,0,1.088148314,-0.016080917
59.19583333,1,0,1,0,0.971568015,-0.116580299
54.48291667,1,0,1,0,0.893538952,-0.078029063
57.895,1,0,1,0,0.86673957,-0.026799382
53.07375,0,0,1,0,0.213363536,-0.653376034
50.62916667,0,0,1,0,-0.071040095,-0.284403631
59.21375,1,0,1,0,0.464172224,0.535212319
53.95083333,1,0,1,0,0.409915336,-0.054256888
53.045,1,0,1,0,0.435550511,0.025635174
56.1025,1,0,1,0,0.395432708,-0.040117803
60.28208333,1,0,1,0,0.371810704,-0.023622004
49.62791667,0,0,1,0,-0.103009,-0.474819704
44.67083333,0,0,1,0,-0.110558322,-0.007549323
56.02,1,0,1,0,0.566937038,0.67749536
55.43625,1,0,1,0,0.605983796,0.039046758
54.16,1,0,1,0,0.464663845,-0.14131995
54.67041667,1,0,1,0,0.369298836,-0.09536501
54.21458333,1,0,1,0,0.265137092,-0.104161744
52.47625,0,0,1,0,-0.250621354,-0.515758445
30.78833333,0,0,1,0,-0.521197705,-0.270576351
48.03125,1,0,1,0,0.056866121,0.578063826
55.53208333,1,0,1,0,0.174905513,0.118039392
55.06833333,1,0,1,0,0.06872535,-0.106180163
51.8375,1,0,1,0,-0.09035913,-0.15908448
54.67666667,1,0,1,0,-0.197117046,-0.106757916
51.48666667,0,0,1,0,-0.790393788,-0.593276742
44.86625,0,0,1,0,-0.883415468,-0.09302168
57.58416667,1,0,1,0,-0.197314886,0.686100582
54.925,1,0,1,0,-0.07082224,0.126492646
55.12166667,1,0,1,0,-0.192965587,-0.122143347
59.91625,1,0,1,0,-0.303554726,-0.110589139
50.15416667,1,0,1,0,-0.388294238,-0.084739512
42.40833333,0,0,1,0,-0.974073745,-0.585779507
30.3025,0,0,1,0,-1.22739797,-0.253324224
53.82875,1,0,1,0,-0.637517395,0.589880575
52.30583333,1,0,1,0,-0.504811322,0.132706073
60.095,1,0,1,0,-0.205707801,0.299103521
60.6575,1,0,1,0,-0.180162625,0.025545176
57.915,1,0,1,0,-0.195290879,-0.015128254
51.96791667,0,0,1,0,-0.686229417,-0.490938538
48.58916667,0,0,1,0,-1.001095546,-0.314866129
59.50583333,1,0,1,0,-0.403200221,0.597895325
55.6375,1,0,1,0,-0.303194934,0.100005287
56.15291667,1,0,1,0,-0.360179268,-0.056984333
53.97666667,1,0,1,0,-0.419585029,-0.059405761
52.75375,1,0,1,0,-0.526303826,-0.106718798
47.3825,0,0,1,0,-0.949282869,-0.422979043
28.91833333,0,0,1,0,-1.251965779,-0.30268291
23.18916667,1,0,1,0,-1.313275834,-0.061310054
49.50583333,1,0,1,0,-0.73792166,0.575354174
53.05416667,1,0,1,0,-0.591577856,0.146343804
54.46833333,1,0,1,0,-0.481040053,0.110537803
51.43958333,1,0,1,0,-0.423993947,0.057046106
30.87875,0,0,1,0,-1.00316961,-0.579175663
14.93208333,0,0,1,0,-1.255843586,-0.252673976
50.10291667,1,0,1,0,-0.614244531,0.641599055
58.47,1,0,1,0,-0.460871485,0.153373046
54.57041667,1,0,1,0,-0.403213108,0.057658376
57.79375,1,0,1,0,-0.402721064,0.000492044
51.76791667,1,0,1,0,-0.524388165,-0.1216671
49.76416667,0,0,1,0,-1.150300843,-0.625912679
43.00541667,0,0,1,0,-1.389815692,-0.239514849
60.55041667,1,0,1,0,-0.675803002,0.71401269
60.06375,1,0,1,0,-0.494172012,0.18163099
61.82,1,0,1,0,-0.529283008,-0.035110996
66.26208333,1,0,1,0,-0.611998523,-0.082715515
57.22125,1,0,1,0,-0.593511842,0.01848668
52.75333333,0,0,1,0,-1.095975924,-0.502464081
46.10166667,0,0,1,0,-1.364294527,-0.268318603
54.86916667,1,0,1,0,-0.56890999,0.795384537
62.11708333,1,0,1,0,-0.439980656,0.128929334
59.78416667,1,0,1,0,-0.396453571,0.043527085
60.78625,1,0,1,0,-0.431196771,-0.0347432
66.29916667,1,0,1,0,-0.518174823,-0.086978052
52.54083333,0,0,1,0,-1.041953599,-0.523778776
46.1625,0,0,1,0,-1.419227729,-0.37727413
60.31958333,1,0,1,0,-0.645623138,0.773604591
54.46666667,1,0,1,0,-0.548174637,0.097448501
61.39208333,1,0,1,0,-0.502564081,0.045610556
52.58583333,1,0,1,0,-0.614724469,-0.112160388
54.72041667,1,0,1,0,-0.612682383,0.002042086
47.87291667,0,0,1,0,-1.086208868,-0.473526485
32.165,0,0,1,0,-1.361592251,-0.275383384
53.79833333,1,0,1,0,-0.554280197,0.807312055
54.11,1,0,1,0,-0.521353464,0.032926733
54.04666667,1,0,0,1,-0.482250538,0.039102926
22.65833333,1,0,0,1,-1.210752045,-0.728501507
40.75833333,1,0,0,1,-0.959213081,0.251538964
37.95916667,0,0,0,1,-1.064235152,-0.105022071
31.27791667,0,0,0,1,-1.345993669,-0.281758517
50.90083333,1,0,0,1,-0.665627406,0.680366263
51.84333333,1,0,0,1,-0.53102717,0.134600236
51.35583333,1,0,0,1,-0.549088545,-0.018061374
49.85541667,1,0,0,1,-0.480522333,0.068566211
46.49791667,1,0,0,1,-0.468513497,0.012008836
39.63625,0,0,0,1,-1.029868349,-0.561354852
20.92041667,0,0,0,1,-1.27183213,-0.241963781
30.74666667,1,0,0,1,-1.291581768,-0.019749638
49.87708333,1,0,0,1,-0.610909301,0.680672467
57.12875,1,0,0,1,-0.547752169,0.063157132
52.09458333,1,0,0,1,-0.61637899,-0.068626821
50.51666667,1,0,0,1,-0.640617094,-0.024238104
34.42541667,0,0,0,1,-1.33564446,-0.695027366
14.87916667,0,0,0,1,-1.528009096,-0.192364636
45.14375,1,0,0,1,-0.652446345,0.87556275
50.66041667,1,0,0,1,-0.507292896,0.14515345
46.69375,1,0,0,1,-0.572838123,-0.065545228
42.87208333,1,0,0,1,-0.633740293,-0.06090217
49.70541667,1,0,0,1,-0.603795499,0.029944794
43.81541667,0,0,0,1,-1.108264282,-0.504468783
39.83625,0,0,0,1,-1.267274657,-0.159010375
51.93291667,1,0,0,1,-0.447924146,0.819350512
49.64166667,1,0,0,1,-0.409242154,0.038681992
46.93166667,1,0,0,1,-0.680203921,-0.270961767
47.47916667,1,0,0,1,-0.66904326,0.011160661
49.13708333,1,0,0,1,-0.704637846,-0.035594586
45.31541667,0,0,0,1,-1.136205613,-0.431567767
29.22791667,0,0,0,1,-1.3315409,-0.195335287
46.43416667,1,0,0,1,-0.588659884,0.742881016
49.67791667,1,0,0,1,-0.44303226,0.145627624
48.885,1,0,0,1,-0.581188949,-0.138156689
51.00083333,1,0,0,1,-0.579417864,0.001771086
48.56333333,1,0,0,1,-0.666481692,-0.087063829
39.30083333,0,0,0,1,-1.046321218,-0.379839525
31.89083333,0,0,0,1,-1.249479878,-0.203158661
49.02458333,1,0,0,1,-0.541482967,0.707996912
48.105,1,0,0,1,-0.457425091,0.084057876
48.07208333,1,0,0,1,-0.603314342,-0.145889251
17.39291667,1,0,0,1,-1.238279527,-0.634965185
42.3225,1,0,0,1,-0.920363999,0.317915528
24.47875,0,0,0,1,-1.149609528,-0.22924553
12.035,0,0,0,1,-1.505146603,-0.355537074
38.41333333,1,0,0,1,-0.821938855,0.683207747
43.11,1,0,0,1,-0.573407415,0.24853144
42.02666667,1,0,0,1,-0.581937117,-0.008529702
44.78958333,1,0,0,1,-0.592940773,-0.011003656
47.34208333,1,0,0,1,-0.651225024,-0.058284251
16.49041667,0,0,0,1,-1.146951638,-0.495726614
11.25541667,0,0,0,1,-1.416561808,-0.26961017
42.21041667,1,0,0,1,-0.707455337,0.70910647
40.22708333,1,0,0,1,-0.584638677,0.12281666
41.40291667,1,0,0,1,-0.639600748,-0.054962071
40.75166667,1,0,0,1,-0.709360658,-0.06975991
41.29875,1,0,0,1,-0.805734056,-0.096373398
14.01416667,0,0,0,1,-1.277213706,-0.47147965
14.33208333,0,0,0,1,-1.552631622,-0.275417916
35.0725,1,0,0,1,-0.922686277,0.629945344
39.34083333,1,0,0,1,-0.77152745,0.151158828
38.99125,1,0,0,1,-0.81787889,-0.04635144
37.1025,1,0,0,1,-0.996978167,-0.179099277
37.37,1,0,0,1,-1.024694549,-0.027716382
19.62791667,0,0,0,1,-1.447750984,-0.423056435
14.9425,0,0,0,1,-1.867355279,-0.419604295
29.10416667,1,0,0,1,-1.415482531,0.451872748
32.04125,1,0,0,1,-1.218888858,0.196593673
36.4025,1,0,0,1,-1.168014005,0.050874853
39.35541667,1,0,0,1,-1.201079642,-0.033065637
46.05666667,1,0,0,1,-1.260702929,-0.059623287
47.61666667,0,0,0,1,-1.499377965,-0.238675036
43.48291667,0,0,0,1,-1.756403497,-0.257025532
41.04416667,1,0,0,1,-1.753236879,0.003166618
50.08208333,1,0,0,1,-1.293853946,0.459382933
49.64833333,1,0,0,1,-1.094927843,0.198926104
49.89041667,1,0,0,1,-1.08050114,0.014426702
48.345,1,0,0,1,-0.99031954,0.090181601
42.82458333,0,0,0,1,-1.15749243,-0.16717289
38.16041667,0,0,0,1,-1.301172473,-0.143680044
55.10333333,1,0,0,1,-0.810698781,0.490473693
51.97291667,1,0,0,1,-0.747824178,0.062874602
53.32375,1,0,0,1,-0.75656336,-0.008739182
49.50875,1,0,0,1,-0.719382827,0.037180534
47.39916667,1,0,0,1,-0.745969966,-0.026587139
36.94791667,0,0,0,1,-1.262971716,-0.517001751
13.645,0,0,0,1,-1.374965379,-0.111993663
43.53083333,1,0,0,1,-0.658887469,0.716077911
54.21333333,1,0,0,1,-0.50394709,0.154940379
49.81083333,1,0,0,1,-0.426039346,0.077907744
52.42083333,1,1,0,0,-0.402755928,0.023283419
54.17625,1,1,0,0,-0.489880552,-0.087124624
48.32041667,0,1,0,0,-1.02633915,-0.536458598
43.19125,0,1,0,0,-1.39087963,-0.36454048
50.64416667,1,1,0,0,-0.827637742,0.563241888
45.87125,1,1,0,0,-0.715828475,0.111809267
44.82,1,1,0,0,-0.619015428,0.096813047
50.41458333,1,1,0,0,-0.60972072,0.009294708
57.97333333,1,1,0,0,-0.560665507,0.049055213
46.93291667,0,1,0,0,-1.101220954,-0.540555448
35.81458333,0,1,0,0,-1.38616786,-0.284946906
45.94625,1,1,0,0,-0.812971237,0.573196623
46.98583333,1,1,0,0,-0.597212465,0.215758772
49.51125,1,1,0,0,-0.570508674,0.026703791
53.01708333,1,1,0,0,-0.436544922,0.133963752
49.48458333,1,1,0,0,-0.476510262,-0.03996534
52.75708333,0,1,0,0,-1.068933986,-0.592423725
34.32583333,0,1,0,0,-1.37154274,-0.302608754
54.32708333,1,1,0,0,-0.613655402,0.757887338
54.82083333,1,1,0,0,-0.458140108,0.155515294
51.3675,1,1,0,0,-0.372694231,0.085445877
51.04041667,1,1,0,0,-0.427365838,-0.054671606
55.75125,1,1,0,0,-0.472734853,-0.045369016
48.09458333,0,1,0,0,-0.9451844,-0.472449546
42.08083333,0,1,0,0,-1.306929166,-0.361744766
53.4,1,1,0,0,-0.562832962,0.744096204
59.02833333,1,1,0,0,-0.456279388,0.106553574
55.8775,1,1,0,0,-0.565238884,-0.108959496
54.94208333,1,1,0,0,-0.56964961,-0.004410726
56.36166667,1,1,0,0,-0.641084321,-0.071434711
47.65416667,0,1,0,0,-1.162616312,-0.521531991
37.74458333,0,1,0,0,-1.389922406,-0.227306094
48.595,1,1,0,0,-0.674870226,0.715052179
51.91208333,1,1,0,0,-0.573325397,0.101544829
52.98375,1,1,0,0,-0.62047434,-0.047148943
46.22291667,1,1,0,0,-0.595906787,0.024567553
50.8,1,1,0,0,-0.56092695,0.034979837
49.31791667,0,1,0,0,-0.949732624,-0.388805674
43.9725,0,1,0,0,-1.169088644,-0.219356021
51.47708333,1,1,0,0,-0.583063398,0.586025246
53.15458333,1,1,0,0,-0.415239558,0.16782384
54.38791667,1,1,0,0,-0.32928953,0.085950028
57.63416667,1,1,0,0,-0.315066784,0.014222746
54.46083333,1,1,0,0,-0.380813779,-0.065746995
47.64666667,0,1,0,0,-0.772028612,-0.391214833
43.64958333,0,1,0,0,-0.96814107,-0.196112458
57.68458333,1,1,0,0,-0.253781664,0.714359406
49.60083333,1,1,0,0,-0.250036756,0.003744908
56.94,1,1,0,0,-0.042547297,0.207489459
62.93916667,1,1,0,0,0.134162548,0.176709845
61.71125,1,1,0,0,0.226217724,0.092055176
53.09875,0,1,0,0,-0.343780943,-0.569998667
45.40333333,0,1,0,0,-0.768858897,-0.425077954
52.67875,1,1,0,0,-0.145206988,0.623651909
57.96333333,1,1,0,0,0.170938343,0.316145331
59.89416667,1,1,0,0,0.147267268,-0.023671075
60.07375,1,1,0,0,0.035382988,-0.11188428
57.25791667,1,1,0,0,0.051014005,0.015631017
50.865,0,1,0,0,-0.512158871,-0.563172876
46.67833333,0,1,0,0,-0.814902754,-0.302743883
55.33625,1,1,0,0,-0.416050969,0.398851785
45.59125,1,1,0,0,-0.726912519,-0.31086155
56.49916667,1,1,0,0,-0.320558012,0.406354507
51.50041667,1,1,0,0,-0.324589726,-0.004031714
55.86583333,1,1,0,0,-0.261027519,0.063562207
47.6325,0,1,0,0,-0.670213509,-0.40918599
41.97708333,0,1,0,0,-1.014124167,-0.343910658
55.81458333,1,1,0,0,-0.0984539,0.915670268
57.08291667,1,1,0,0,0.112847109,0.211301008
59.24583333,1,1,0,0,0.104843872,-0.008003237
58.78,1,1,0,0,0.200487301,0.095643429
49.91833333,1,1,0,0,-0.597521279,-0.79800858
48.00583333,0,1,0,0,-0.542421334,0.055099946
42.97416667,0,1,0,0,-0.672862168,-0.130440834
58.29958333,1,1,0,0,0.156393212,0.82925538
61.36791667,1,1,0,0,0.415762598,0.259369386
61.77791667,1,1,0,0,0.526633053,0.110870455
63.61375,1,1,0,0,0.485177115,-0.041455937
61.79125,1,1,0,0,0.47531847,-0.009858646
52.23833333,0,1,0,0,0.013305362,-0.462013108
49.44708333,0,1,0,0,-0.24860853,-0.261913891
63.67583333,1,1,0,0,0.468096474,0.716705004
63.89041667,1,1,0,0,0.630447691,0.162351217
65.03541667,1,1,0,0,0.674464644,0.044016953
60.98291667,1,1,0,0,0.727295599,0.052830955
57.07,1,1,0,0,0.752147033,0.024851435
51.22458333,0,1,0,0,0.252828959,-0.499318075
47.00291667,0,1,0,0,-0.078463299,-0.331292257
61.5825,1,1,0,0,0.761475733,0.839939032
56.14708333,1,1,0,0,0.610342778,-0.151132956
57.83083333,1,1,0,0,0.773069148,0.16272637
52.86333333,1,0,0,0,0.546603221,-0.226465927
52.72041667,1,0,0,0,0.630814526,0.084211305
47.40666667,0,0,0,0,0.08332923,-0.547485296
39.93625,0,0,0,0,-0.345702889,-0.42903212
46.8725,1,0,0,0,0.475644889,0.821347778
50.15958333,1,0,0,0,0.745623285,0.269978397
48.06583333,1,0,0,0,0.531836541,-0.213786744
47.085,1,0,0,0,0.669464917,0.137628376
47.14666667,1,0,0,0,0.732516028,0.063051111
48.76416667,0,0,0,0,0.423803963,-0.308712065
47.61125,0,0,0,0,0.277476052,-0.146327912
49.66708333,1,0,0,0,0.729653132,0.45217708
46.39458333,1,0,0,0,0.764154929,0.034501797
47.97958333,1,0,0,0,0.759624206,-0.004530723
47.16,1,0,0,0,0.82838317,0.068758963
50.62375,1,0,0,0,0.690314866,-0.138068303
46.09375,0,0,0,0,0.577591338,-0.112723528
47.30666667,0,0,0,0,0.527352149,-0.050239189
53.29041667,1,0,0,0,1.450170945,0.922818796
48.35333333,1,0,0,0,1.351401187,-0.098769758
49.85916667,1,0,0,0,1.309227081,-0.042174106
48.88083333,1,0,0,0,1.150916802,-0.158310279
46.48708333,1,0,0,0,0.830699469,-0.320217334
28.10166667,0,0,0,0,0.273429044,-0.557270424
23.43708333,0,0,0,0,-0.144910146,-0.41833919
37.37791667,1,0,0,0,0.549129825,0.694039971
45.60833333,1,0,0,0,0.870702074,0.321572249
44.51041667,1,0,0,0,0.73134182,-0.139360254
38.75875,1,0,0,0,0.608917553,-0.122424268
40.9,1,0,0,0,0.514640512,-0.094277041
28.66208333,0,0,0,0,0.160415688,-0.354224824
15.9575,0,0,0,0,-0.423345023,-0.583760711
25.37958333,1,0,0,0,0.322774522,0.746119545
32.64583333,1,0,0,0,0.799209265,0.476434743
34.96541667,1,0,0,0,0.756283022,-0.042926242
32.69083333,1,0,0,0,0.631095065,-0.125187957
37.78833333,1,0,0,0,0.813494656,0.182399591
34.43791667,0,0,0,0,0.416861519,-0.396633137
31.02333333,0,0,0,0,0.186562954,-0.230298565
47.07083333,1,0,0,0,1.012334973,0.825772019
45.81541667,1,0,0,0,1.176298722,0.163963748
47.85833333,1,0,0,0,1.246685487,0.070386766
47.455,1,0,0,0,1.274946487,0.028260999
49.83625,1,0,0,0,1.346132336,0.071185849
45.58083333,0,0,0,0,0.993514547,-0.352617789
42.57125,0,0,0,0,0.882881411,-0.110633136
49.50916667,1,0,0,0,1.621228037,0.738346626
50.05958333,1,0,0,0,1.860221278,0.23899324
49.10916667,1,0,0,0,1.66189189,-0.198329387
46.3725,1,0,0,0,1.357057231,-0.304834659
43.97541667,1,0,0,0,1.203403732,-0.153653499
38.07291667,0,0,0,0,0.517319837,-0.686083895
25.59833333,0,0,0,0,0.202268193,-0.315051644
43.88791667,1,0,0,0,1.014808037,0.812539844
48.70083333,1,0,0,0,1.167334742,0.152526705
46.65875,1,0,0,0,1.051329589,-0.116005153
46.11208333,1,0,0,0,1.018030396,-0.033299193
48.45916667,1,0,0,0,1.102667244,0.084636848
45.385,0,0,0,0,0.699171388,-0.403495856
42.98708333,0,0,0,0,0.630579447,-0.068591941
49.2925,1,0,0,0,1.587925802,0.957346355
53.31625,1,0,0,0,1.78745602,0.199530218
52.80791667,1,0,0,0,1.95510389,0.16764787
63.5025,1,0,0,0,2.276552961,0.321449071
86.05958333,1,0,0,0,2.484312975,0.207760014
68.56708333,0,0,0,0,2.113386269,-0.370926706
71.645,0,0,0,0,1.911096989,-0.202289281
72.61479167,1,0,0,0,2.754590732,0.843493743
73.58458333,1,0,0,0,2.931300997,0.176710265
74.554375,1,0,0,0,2.852552891,-0.078748106
75.52416667,1,0,0,0,2.74215329,-0.110399601
76.49395833,1,0,0,0,2.735462502,-0.006690788
77.46375,0,0,0,0,2.50704267,-0.228419833
68.25083333,0,0,0,0,2.218510128,-0.288532542
90.87708333,1,0,0,0,2.610026914,0.391516786
69.4925,1,0,0,0,2.455229538,-0.154797376
73.6525,1,0,0,0,2.250976422,-0.204253116
63.19583333,1,0,0,0,2.160879523,-0.090096898
62.29041667,1,0,0,0,2.056656212,-0.104223312
52.95083333,0,0,0,0,1.217936013,-0.838720199
55.03916667,0,0,0,0,0.892870982,-0.325065031
69.86041667,1,0,0,0,1.716288597,0.823417614
66.20333333,1,0,0,0,1.818562494,0.102273897
57.04666667,1,0,0,0,1.693781245,-0.124781249
69.55958333,1,0,0,0,1.32239691,-0.371384335
56.32791667,1,0,0,0,0.999509157,-0.322887753
51.67916667,0,0,0,0,0.483358464,-0.516150692
47.60291667,0,0,0,0,0.206219804,-0.277138661
51.59041667,1,0,0,0,0.932067516,0.725847713
52.49875,1,0,0,0,0.965058743,0.032991226
51.70541667,1,0,0,0,0.834407556,-0.130651187
50.69208333,1,0,1,0,0.732706595,-0.101700961
51.45166667,1,0,1,0,0.53168049,-0.201026105
45.75583333,0,0,1,0,0.011077104,-0.520603386
39.58375,0,0,1,0,-0.230480495,-0.241557599
49.365,1,0,1,0,0.453591917,0.684072413
55.21875,1,0,1,0,0.878450416,0.424858499
51.2925,1,0,1,0,0.932315133,0.053864717
53.04875,1,0,1,0,0.915830176,-0.016484957
51.43541667,1,0,1,0,0.990272398,0.074442222
47.0025,0,0,1,0,0.457263179,-0.533009219
36.24,0,0,1,0,-0.006781423,-0.464044602
49.25375,1,0,1,0,0.533174756,0.539956179
48.895,1,0,1,0,0.546114336,0.01293958
48.03375,1,0,1,0,0.51907915,-0.027035187
47.93458333,1,0,1,0,0.414670955,-0.104408194
47.0875,1,0,1,0,0.228110426,-0.186560529
40.07583333,0,0,1,0,-0.321482089,-0.549592515
36.29375,0,0,1,0,-0.457835901,-0.136353812
50.10166667,1,0,1,0,0.294048047,0.751883948
50.35083333,1,0,1,0,0.547585299,0.253537252
49.94041667,1,0,1,0,0.438961174,-0.108624125
48.58791667,1,0,1,0,0.339632776,-0.099328399
42.56333333,1,0,1,0,0.308294268,-0.031338508
38.36583333,0,0,1,0,-0.384051407,-0.692345675
27.23541667,0,0,1,0,-0.730554325,-0.346502918
43.68041667,1,0,1,0,-0.218331764,0.512222561
39.95208333,1,0,1,0,-0.152236777,0.066094988
41.67291667,1,0,1,0,-0.172521162,-0.020284385
38.94666667,1,0,1,0,-0.294258212,-0.121737051
42.24916667,1,0,1,0,-0.372717711,-0.078459499
21.05041667,0,0,1,0,-0.84671953,-0.474001819
23.04875,0,0,1,0,-1.07952439,-0.23280486
48.08125,1,0,1,0,-0.269482066,0.810042324
50.87708333,1,0,1,0,-0.072636121,0.196845945
49.21208333,1,0,1,0,0.014180646,0.086816767
48.89083333,1,0,1,0,-0.003390692,-0.017571339
44.96625,1,0,1,0,-0.069982877,-0.066592185
40.24916667,0,0,1,0,-0.402140243,-0.332157366
34.48625,0,0,1,0,-0.545167927,-0.143027684
23.04916667,1,0,1,0,-0.644556062,-0.099388135
45.19083333,1,0,1,0,-0.035239214,0.609316848
53.85625,1,0,1,0,0.176847128,0.212086342
54.22541667,1,0,1,0,0.333240273,0.156393145
56.67708333,1,0,1,0,0.327913884,-0.005326389
45.21,0,0,1,0,-0.140424945,-0.468338829
33.36458333,0,0,1,0,-0.5556951,-0.415270155
50.87666667,1,0,1,0,0.228219145,0.783914245
55.4475,1,0,1,0,0.419807474,0.191588329
52.56291667,1,0,1,0,0.311239781,-0.108567692
54.82208333,1,0,1,0,0.351561549,0.040321768
54.09875,1,0,1,0,0.320704074,-0.030857475
43.84791667,0,0,1,0,-0.316060738,-0.636764812
38.76583333,0,0,1,0,-0.532206955,-0.216146217
52.23375,1,0,1,0,0.153210058,0.685417013
51.50791667,1,0,1,0,0.153742978,0.00053292
45.32458333,1,0,1,0,0.137039753,-0.016703225
45.76166667,1,0,1,0,-0.052998912,-0.190038665
51.605,1,0,1,0,0.019869639,0.072868551
32.15708333,0,0,1,0,-0.555940427,-0.575810067
24.65,0,0,1,0,-1.013801237,-0.45786081
42.47333333,1,0,1,0,-0.485549993,0.528251244
21.95583333,1,0,1,0,-0.756506683,-0.27095669
47.92916667,1,0,1,0,-0.254939327,0.501567356
50.27625,1,0,1,0,-0.261814393,-0.006875067
42.90125,1,0,1,0,-0.293961612,-0.032147219
37.71125,0,0,1,0,-0.80776107,-0.513799458
32.27375,0,0,1,0,-1.077071627,-0.269310557
47.62,1,0,1,0,-0.66724982,0.409821807
36.08291667,1,0,1,0,-0.922874411,-0.255624591
47.84875,1,0,1,0,-0.505451495,0.417422916
42.40375,1,0,1,0,-0.478746632,0.026704863
43.02666667,1,0,1,0,-0.541642902,-0.062896271
29.50333333,0,0,1,0,-1.149133143,-0.60749024
28.90166667,0,0,1,0,-1.382578753,-0.233445611
46.06416667,1,0,1,0,-0.569705447,0.812873307
49.21541667,1,0,1,0,-0.504161579,0.065543867
44.105,1,0,1,0,-0.366782459,0.13737912
30.36666667,1,0,1,0,-1.004392345,-0.637609886
35.3675,1,0,1,0,-0.820354818,0.184037528
36.21083333,0,0,1,0,-0.910654558,-0.09029974
25.14375,0,0,1,0,-1.223776175,-0.313121617
42.0575,1,0,1,0,-0.532598216,0.691177959
46.11625,1,0,1,0,-0.421389657,0.111208559
45.92833333,1,0,1,0,-0.38621207,0.035177587
44.73375,1,0,1,0,-0.418661161,-0.032449091
39.09458333,1,0,1,0,-0.640523964,-0.221862803
29.56166667,0,0,1,0,-1.241992625,-0.601468661
19.1725,0,0,1,0,-1.458302973,-0.216310348
25.5225,1,0,1,0,-1.433863439,0.024439534
45.58583333,1,0,1,0,-0.775626609,0.65823683
46.15916667,1,0,1,0,-0.628642919,0.14698369
48.94458333,1,0,1,0,-0.603646561,0.024996357
45.95416667,1,0,0,1,-0.673427375,-0.069780813
33.11833333,0,0,0,1,-1.158819317,-0.485391942
27.88291667,0,0,0,1,-1.54248898,-0.383669663
46.66791667,1,0,0,1,-0.835771792,0.706717188
45.97583333,1,0,0,1,-0.576121688,0.259650104
48.95375,1,0,0,1,-0.621608565,-0.045486877
42.3925,1,0,0,1,-0.649388457,-0.027779892
38.63583333,1,0,0,1,-0.808751535,-0.159363079
23.43458333,0,0,0,1,-1.263856779,-0.455105244
24.36791667,0,0,0,1,-1.387809826,-0.123953046
45.52583333,1,0,0,1,-0.692915553,0.694894273
48.90666667,1,0,0,1,-0.582715388,0.110200165
48.23583333,1,0,0,1,-0.533776947,0.048938441
47.68458333,1,0,0,1,-0.500017405,0.033759542
40.645,1,0,0,1,-0.714096349,-0.214078944
26.09291667,0,0,0,1,-1.285079269,-0.57098292
21.71708333,0,0,0,1,-1.53614261,-0.251063341
44.98125,1,0,0,1,-0.743468524,0.792674087
48.20333333,1,0,0,1,-0.541622204,0.20184632
51.01625,1,0,0,1,-0.598870281,-0.057248077
49.06666667,1,0,0,1,-0.721707188,-0.122836907
44.15208333,1,0,0,1,-0.896510259,-0.174803071
32.2825,0,0,0,1,-1.244794176,-0.348283918
19.37333333,0,0,0,1,-1.526672294,-0.281878118
38.64125,1,0,0,1,-0.761617447,0.765054846
44.25458333,1,0,0,1,-0.586385179,0.175232268
48.51208333,1,0,0,1,-0.537280481,0.049104698
48.24666667,1,0,0,1,-0.507458671,0.029821811
48.22625,1,0,0,1,-0.681567676,-0.174109006
37.095,0,0,0,1,-1.215628156,-0.53406048
25.08833333,0,0,0,1,-1.512004651,-0.296376495
43.98166667,1,0,0,1,-0.780539639,0.731465012
49.47,1,0,0,1,-0.610224119,0.17031552
47.96583333,1,0,0,1,-0.60629902,0.003925099
46.89875,1,0,0,1,-0.590470308,0.015828711
48.1275,1,0,0,1,-0.716331753,-0.125861444
39.64541667,0,0,0,1,-1.194366035,-0.478034282
24.6825,0,0,0,1,-1.527152852,-0.332786817
42.73291667,1,0,0,1,-0.800481884,0.726670968
47.23333333,1,0,0,1,-0.668821792,0.131660092
45.21375,1,0,0,1,-0.712873979,-0.044052187
42.88541667,1,0,0,1,-0.665582326,0.047291653
46.77416667,1,0,0,1,-0.69542208,-0.029839754
32.74125,0,0,0,1,-1.260203831,-0.564781751
26.96791667,0,0,0,1,-1.61693556,-0.356731729
40.45583333,1,0,0,1,-0.833241098,0.783694462
45.45333333,1,0,0,1,-0.710617218,0.12262388
43.81375,1,0,0,1,-0.659549589,0.051067629
45.11666667,1,0,0,1,-0.722045793,-0.062496205
45.46416667,1,0,0,1,-0.696934374,0.025111419
38.38583333,0,0,0,1,-1.195348275,-0.4984139
28.08833333,0,0,0,1,-1.444318052,-0.248969777
44.60708333,1,0,0,1,-0.808257504,0.636060548
47.42083333,1,0,0,1,-0.60753946,0.200718043
49.23458333,1,0,0,1,-0.546513177,0.061026283
50.63708333,1,0,0,1,-0.459171109,0.087342069
49.8725,1,0,0,1,-0.505946361,-0.046775253
40.28875,0,0,0,1,-1.182372071,-0.676425709
30.6475,0,0,0,1,-1.567385975,-0.385013905
39.89333333,1,0,0,1,-0.852227182,0.715158793
44.4625,1,0,0,1,-0.717400264,0.134826919
41.49458333,1,0,0,1,-0.730593805,-0.013193541
42.46375,1,0,0,1,-0.846305619,-0.115711814
46.44791667,1,0,0,1,-1.002491586,-0.156185967
40.15958333,0,0,0,1,-1.409488666,-0.406997081
35.98875,0,0,0,1,-1.667482667,-0.257994001
42.91541667,1,0,0,1,-1.198305907,0.46917676
40.39541667,1,0,0,1,-1.014825739,0.183480168
44.22208333,1,0,0,1,-1.058800679,-0.04397494
47.12208333,1,0,0,1,-1.075444469,-0.01664379
44.76416667,1,0,0,1,-1.222384721,-0.146940252
42.15,0,0,0,1,-1.523534969,-0.301150248
28.10666667,0,0,0,1,-1.752035299,-0.22850033
45.73875,1,0,0,1,-1.237542771,0.514492528
47.42583333,1,0,0,1,-1.056194438,0.181348334
37.90083333,1,0,0,1,-1.515165857,-0.458971419
51.36375,1,0,0,1,-1.270230677,0.24493518
50.39166667,1,0,0,1,-1.058200863,0.212029813
44.82083333,0,0,0,1,-1.116801692,-0.058600829
38.66708333,0,0,0,1,-1.259186295,-0.142384602
49.76833333,1,0,0,1,-0.82634004,0.432846255
54.53791667,1,0,0,1,-0.729443615,0.096896425
51.16375,1,0,0,1,-0.880518472,-0.151074857
52.59041667,1,0,0,1,-0.772958421,0.107560051
50.98458333,1,0,0,1,-0.82033401,-0.04737559
42.99458333,0,0,0,1,-1.319837317,-0.499503307
33.2225,0,0,0,1,-1.60974248,-0.289905163
50.84291667,1,0,0,1,-0.87358946,0.736153021
49.44583333,1,0,0,1,-0.67491533,0.19867413
52.25708333,1,0,0,1,-0.668606251,0.006309079
52.4875,1,0,0,1,-0.664091603,0.004514648
50.3025,1,0,0,1,-0.76345938,-0.099367777
43.97458333,0,1,0,0,-1.102427152,-0.338967773
34.42958333,0,1,0,0,-1.36269714,-0.260269987
49.71666667,1,1,0,0,-0.701319837,0.661377303
50.97541667,1,1,0,0,-0.613094098,0.088225739
49.62,1,1,0,0,-0.639743271,-0.026649172
52.90833333,1,1,0,0,-0.689675902,-0.049932631
51.77583333,1,1,0,0,-0.682446604,0.007229298
48.16833333,0,1,0,0,-1.121853377,-0.439406773
40.15208333,0,1,0,0,-1.366865247,-0.245011869
52.34166667,1,1,0,0,-0.669260932,0.697604314
53.7075,1,1,0,0,-0.59941206,0.069848872
55.95791667,1,1,0,0,-0.572970886,0.026441175
52.8525,1,1,0,0,-0.636115119,-0.063144234
45.75291667,1,1,0,0,-0.708150299,-0.07203518
41.32208333,0,1,0,0,-1.12169923,-0.413548931
33.895,0,1,0,0,-1.367336261,-0.245637031
50.10791667,1,1,0,0,-0.652215853,0.715120407
53.06458333,1,1,0,0,-0.545128867,0.107086987
51.34375,1,1,0,0,-0.568116773,-0.022987907
51.78083333,1,1,0,0,-0.423902106,0.144214668
50.24,1,1,0,0,-0.472345559,-0.048443453
43.2775,0,1,0,0,-0.98568201,-0.513336451
31.59083333,0,1,0,0,-1.341992959,-0.35631095
41.79583333,1,1,0,0,-0.810998968,0.530993992
46.08791667,1,1,0,0,-0.627932628,0.18306634
48.93916667,1,1,0,0,-0.528421011,0.099511617
48.23541667,1,1,0,0,-0.551286282,-0.022865271
46.85708333,1,1,0,0,-0.471419647,0.079866635
38.84458333,0,1,0,0,-0.950358356,-0.478938709
29.80625,0,1,0,0,-1.191244457,-0.240886101
51.35666667,1,1,0,0,-0.496984517,0.69425994
49.99125,1,1,0,0,-0.446142128,0.050842389
49.055,1,1,0,0,-0.552746414,-0.106604287
54.75875,1,1,0,0,-0.491118428,0.061627986
53.83083333,1,1,0,0,-0.622311621,-0.131193193
45.83416667,0,1,0,0,-1.0764628,-0.454151178
43.54916667,0,1,0,0,-1.246062355,-0.169599555
50.24833333,1,1,0,0,-0.548001718,0.698060637
52.04208333,1,1,0,0,-0.432337323,0.115664395
53.01458333,1,1,0,0,-0.41868003,0.013657292
54.06125,1,1,0,0,-0.426425175,-0.007745145
47.53708333,1,1,0,0,-0.63274902,-0.206323845
42.69375,0,1,0,0,-0.94475597,-0.31200695
29.98625,0,1,0,0,-1.081262222,-0.136506252
49.97041667,1,1,0,0,-0.309673075,0.771589146
53.24208333,1,1,0,0,-0.128135931,0.181537144
47.69958333,1,1,0,0,-0.303739443,-0.175603512
52.80791667,1,1,0,0,-0.353674089,-0.049934646
49.98708333,1,1,0,0,-0.3524664,0.001207689
41.03291667,0,1,0,0,-0.820037758,-0.467571358
39.67375,0,1,0,0,-1.135896914,-0.315859156
53.13875,1,1,0,0,-0.432237071,0.703659843
50.70541667,1,1,0,0,-0.302936385,0.129300687
53.055,1,1,0,0,-0.314924633,-0.011988248
49.22458333,1,1,0,0,-0.28052129,0.034403343
50.76375,1,1,0,0,-0.336381186,-0.055859895
42.71375,0,1,0,0,-0.654025575,-0.317644389
42.51729167,0,1,0,0,-0.552912468,0.101113107
56.57541667,1,1,0,0,0.341575433,0.894487901
59.20708333,1,1,0,0,0.578945881,0.237370449
56.3525,1,1,0,0,0.585852154,0.006906273
35.11541667,1,1,0,0,-0.384293437,-0.970145591
41.05666667,1,1,0,0,-0.166443847,0.217849589
39.1475,0,1,0,0,-0.209669132,-0.043225284
25.83916667,0,1,0,0,-0.536473408,-0.326804276
45.18625,1,1,0,0,0.166034582,0.70250799
54.28875,1,1,0,0,0.518558149,0.352523567
52.81083333,1,1,0,0,0.538276663,0.019718514
52.02791667,1,1,0,0,0.619276275,0.080999613
54.01125,1,1,0,0,0.519464522,-0.099811753
40.995,0,1,0,0,-0.229259078,-0.7487236
35.09375,0,1,0,0,-0.266654636,-0.037395558
52.67625,1,1,0,0,0.562909268,0.829563904
56.23625,1,1,0,0,0.742080988,0.179171721
55.00833333,1,1,0,0,0.684515411,-0.057565577
57.78625,1,1,0,0,0.805111665,0.120596254
52.92125,1,1,0,0,0.687967342,-0.117144323
43.55916667,0,1,0,0,0.112628676,-0.575338666
43.43166667,0,1,0,0,-0.098636776,-0.211265452
55.19708333,1,1,0,0,0.567260631,0.665897407
52.08875,1,1,0,0,0.650577411,0.08331678
52.12041667,1,1,0,0,0.606357667,-0.044219744
51.10666667,1,1,0,0,0.608779328,0.002421661
50.64541667,1,1,0,0,0.606628232,-0.002151096
38.35458333,0,1,0,0,-0.078596046,-0.685224278
22.03833333,0,1,0,0,-0.513472076,-0.43487603
45.455,1,1,0,0,0.265458834,0.77893091
55.17708333,1,1,0,0,0.695150907,0.429692073
53.40875,1,1,0,0,0.681557525,-0.013593382
53.69083333,1,1,0,0,0.823989619,0.142432094
58.895,1,1,0,0,1.266605504,0.442615885
52.49041667,0,0,0,0,0.856000316,-0.410605188
50.4725,0,0,0,0,0.571174674,-0.284825642
54.215,1,0,0,0,1.122449395,0.551274721
51.67458333,1,0,0,0,1.084837493,-0.037611902
57.15958333,1,0,0,0,1.364012669,0.279175176
60.46625,1,0,0,0,1.636901661,0.272888992
62.36,1,0,0,0,1.435748833,-0.201152829
54.80375,0,0,0,0,1.112536566,-0.323212266
47.94416667,0,0,0,0,0.937934294,-0.174602273
56.95208333,1,0,0,0,1.454244735,0.516310441
68.75333333,1,0,0,0,1.955982509,0.501737774
75.81208333,1,0,0,0,2.251856732,0.295874223
68.53916667,1,0,0,0,1.823847701,-0.428009031
56.98791667,1,0,0,0,1.131532513,-0.692315188
35.51416667,0,0,0,0,0.521351713,-0.6101808
31.95625,0,0,0,0,0.236066092,-0.28528562
49.4775,1,0,0,0,0.877373638,0.641307545
53.89,1,0,0,0,1.176160555,0.298786917
54.015,1,0,0,0,1.192478987,0.016318432
49.58333333,1,0,0,0,1.033000856,-0.15947813
38.67625,1,0,0,0,0.990121847,-0.042879009
35.08375,0,0,0,0,0.221611918,-0.768509929
12.87708333,0,0,0,0,-0.28361819,-0.505230108
13.79072917,1,0,0,0,-0.360180335,-0.076562146
14.704375,1,0,0,0,-0.973221176,-0.613040841
15.61802083,1,0,0,0,-0.292045168,0.681176008
16.53166667,1,0,0,0,-0.124514507,0.167530662
28.94833333,1,0,0,0,0.039845048,0.164359555
14.95791667,0,0,0,0,-0.249101618,-0.288946666
13.6325,0,0,0,0,-0.469932351,-0.220830733
17.72875,1,0,0,0,-0.161866373,0.308065978
