15.13166667,0.241629498,NaN
33.91916667,0.904853411,0.663223913
36.82208333,1.1567889,0.251935489
50.13125,2.262422817,1.105633917
53.14416667,2.491028593,0.228605776
59.895,2.419049934,-0.071978658
67.79958333,2.417745454,-0.001304481
65.76333333,2.441510727,0.023765273
57.16166667,2.059918384,-0.381592343
61.12041667,1.972004577,-0.087913807
73.83458333,2.540276608,0.568272031
86.63875,2.642503769,0.102227161
56.45875,2.361038152,-0.281465617
57.56458333,2.236422865,-0.124615287
55.105,2.067104488,-0.169318377
42.82416667,1.519161536,-0.547942952
33.69375,0.872915059,-0.646246477
47.47791667,1.56684758,0.693932521
49.31125,1.72991571,0.16306813
48.68458333,1.714849106,-0.015066604
47.10875,1.776396287,0.061547181
46.68583333,1.694279518,-0.082116769
41.68625,1.311454673,-0.382824845
38.62416667,1.034315983,-0.277138691
51.27333333,1.661220106,0.626904124
52.15041667,1.864123233,0.202903127
55.95541667,2.004822899,0.140699666
54.39041667,2.087012819,0.082189921
56.49958333,1.935403378,-0.151609441
48.43333333,1.596283978,-0.3391194
59.0225,1.455871967,-0.140412011
63.31333333,2.174452979,0.718581012
55.06833333,2.097806419,-0.076646559
50.55541667,1.87880572,-0.219000699
49.55791667,1.864734898,-0.014070822
43.84416667,1.593293173,-0.271441726
39.85208333,0.94358709,-0.649706083
37.61791667,0.799075295,-0.144511795
56.37875,1.661750608,0.862675313
52.1025,1.624465792,-0.037284816
53.33083333,2.09834226,0.473876468
58.995,2.244441948,0.146099688
67.1575,2.290763767,0.04632182
58.28666667,2.014676331,-0.276087437
47.81791667,1.734070056,-0.280606275
62.715,2.398909445,0.664839389
64.82208333,2.322166614,-0.076742831
59.27166667,2.118208914,-0.2039577
47.72166667,1.610241551,-0.507967363
44.89166667,1.758137554,0.147896003
39.04375,1.345134545,-0.413003009
34.06583333,0.887012229,-0.458122316
37.99958333,1.190684099,0.30367187
38.86375,1.190212856,-0.000471243
39.42708333,1.083732638,-0.106480218
37.44791667,0.910910013,-0.172822625
36.55208333,0.75695072,-0.153959293
30.18041667,0.375501945,-0.381448775
20.22791667,-0.178202455,-0.5537044
36.45916667,0.989593756,1.167796211
42.19666667,1.047134102,0.057540346
40.33208333,1.144651124,0.097517022
41.03583333,1.196327443,0.051676319
44.46416667,1.397215288,0.200887844
37.505,1.083698995,-0.313516293
39.75875,0.957598999,-0.126099996
60.07666667,1.676802369,0.71920337
61.19291667,1.924450187,0.247647818
89.83208333,1.964726355,0.040276168
73.38416667,1.971688979,0.006962624
79.38708333,1.994939326,0.023250347
52.16875,1.30687973,-0.688059595
39.19666667,0.945048416,-0.361831315
53.06166667,1.571924914,0.626876499
49.94,1.578306709,0.006381794
45.9025,1.473947832,-0.104358876
41.65708333,1.202189978,-0.271757854
38.45458333,0.869543059,-0.332646919
31.91458333,-0.025066444,-0.894609503
31.265,-0.263996366,-0.238929922
42.23708333,0.421310662,0.685307028
40.41125,0.491704648,0.070393986
34.67708333,0.376792749,-0.114911898
34.66083333,0.222082396,-0.154710353
34.39166667,0.1789661,-0.043116296
32.56833333,-0.321808666,-0.500774766
26.20375,-0.51046043,-0.188651764
39.0875,0.121889411,0.632349841
36.01541667,0.217957364,0.096067953
35.99916667,0.270257258,0.052299895
41.99208333,0.534796693,0.264539434
42.34,0.551477296,0.016680603
35.09125,-0.089738226,-0.641215522
32.47875,-0.406861125,-0.317122899
33.34166667,-0.212021831,0.194839294
46.19666667,0.306877477,0.518899309
46.72166667,0.263035758,-0.04384172
45.51208333,0.203715679,-0.059320079
42.59916667,0.344360647,0.140644968
36.28666667,-0.234536079,-0.578896726
29.25708333,-0.490606467,-0.256070388
45.67875,0.21643435,0.707040817
47.42125,0.370012111,0.153577762
45.80125,0.401025156,0.031013044
48.54083333,0.401968728,0.000943572
44.28333333,0.244808921,-0.157159808
39.96208333,-0.297135063,-0.541943984
35.5475,-0.618678493,-0.32154343
47.39916667,0.020970452,0.639648945
44.52375,0.018025089,-0.002945363
46.01166667,0.035981915,0.017956826
48.70916667,-0.016188892,-0.052170807
45.01875,-0.101292019,-0.085103127
39.97166667,-0.685875068,-0.58458305
30.60666667,-1.045256905,-0.359381837
40.73125,-0.365969668,0.679287237
42.905,-0.270388739,0.095580929
42.78333333,-0.296923809,-0.02653507
41.89541667,-0.343135064,-0.046211254
40.54833333,-0.378560783,-0.035425719
26.175,-0.807867077,-0.429306294
26.35083333,-1.241405004,-0.433537926
44.21375,-0.25589803,0.985506974
45.43125,-0.060121868,0.195776162
46.95958333,0.071900243,0.132022111
49.71333333,0.215170544,0.143270301
53.08458333,0.241072794,0.02590225
43.81625,-0.300108654,-0.541181448
38.45083333,-0.716371518,-0.416262864
50.91541667,0.036670252,0.753041771
53.55583333,0.143469316,0.106799063
50.53625,0.271500365,0.128031049
42.70458333,-0.334759256,-0.606259621
48.12625,-0.019332782,0.315426474
42.78666667,-0.26814432,-0.248811538
33.25125,-0.614328678,-0.346184359
50.96833333,0.007506584,0.621835263
51.9125,0.081906111,0.074399527
50.29083333,-0.020405699,-0.10231181
48.76083333,-0.10860341,-0.08819771
46.41041667,-0.312583032,-0.203979623
40.60833333,-0.949272273,-0.636689241
28.05666667,-1.258199977,-0.308927705
23.10208333,-1.22686181,0.031338168
44.27958333,-0.550220817,0.676640993
47.94625,-0.501217925,0.049002892
48.08625,-0.418202655,0.08301527
43.52666667,-0.470732077,-0.052529422
36.56916667,-1.022117005,-0.551384929
19.62875,-1.363273474,-0.341156469
37.9725,-0.546593262,0.816680212
42.44333333,-0.313077107,0.233516155
38.82041667,-0.3331047,-0.020027593
38.48916667,-0.438128947,-0.105024247
41.59666667,-0.474138763,-0.036009816
36.37125,-0.984817154,-0.510678391
29.74208333,-1.31168599,-0.326868836
43.60875,-0.575839844,0.735846146
49.81208333,-0.408946667,0.166893176
51.85666667,-0.327651123,0.081295544
48.83625,-0.394282862,-0.066631739
44.6975,-0.49648231,-0.102199448
35.94291667,-1.008442266,-0.511959956
19.34291667,-1.248621041,-0.240178774
44.76708333,-0.482599746,0.766021294
43.78708333,-0.397061439,0.085538307
42.86541667,-0.397087411,-2.60E-05
48.16083333,-0.321081,0.076006412
47.04416667,-0.42306532,-0.101984321
36.02458333,-0.906166387,-0.483101066
25.50958333,-1.170708146,-0.264541759
45.09083333,-0.407754462,0.762953684
49.1175,-0.334242535,0.073511927
47.99625,-0.356373339,-0.022130804
50.29291667,-0.395440147,-0.039066808
49.33583333,-0.468418496,-0.072978349
41.21208333,-1.003555538,-0.535137042
34.09333333,-1.24506129,-0.241505752
52.55,-0.517030091,0.728031199
49.22875,-0.412842025,0.104188065
48.74625,-0.385934335,0.02690769
50.47708333,-0.251515372,0.134418963
51.50458333,-0.212796894,0.038718478
46.01666667,-0.77437073,-0.561573836
34.28625,-1.203187892,-0.428817162
49.72625,-0.553159244,0.650028648
48.92166667,-0.381170661,0.171988583
49.9225,-0.363943069,0.017227592
52.12375,-0.172962917,0.190980152
54.3075,-0.123084402,0.049878515
46.86583333,-0.654528795,-0.531444394
39.58958333,-0.93592604,-0.281397245
58.32541667,-0.295446135,0.640479905
54.01666667,-0.236902718,0.058543417
47.20083333,-0.946101791,-0.709199073
51.62375,-0.575622273,0.370479519
50.85625,-0.433602994,0.142019279
43.52125,-0.948982437,-0.515379443
33.31333333,-1.203086577,-0.25410414
45.19583333,-0.401108565,0.801978012
49.86458333,-0.169597167,0.231511398
50.0425,-0.226910734,-0.057313567
48.7075,-0.309409817,-0.082499083
46.3775,-0.420620077,-0.11121026
37.20041667,-0.902250764,-0.481630687
23.01041667,-1.167251008,-0.265000244
42.04083333,-0.522690269,0.644560739
45.65541667,-0.372618171,0.150072098
44.70333333,-0.407024546,-0.034406375
42.25958333,-0.460584276,-0.05355973
43.41458333,-0.527209761,-0.066625484
37.24375,-0.969350159,-0.442140398
27.6075,-1.236617098,-0.267266939
38.78166667,-0.643394236,0.593222862
35.00666667,-0.619369109,0.024025127
37.20958333,-0.64965159,-0.030282481
38.4675,-0.799343058,-0.149691468
37.46208333,-0.908023119,-0.108680061
29.3075,-1.31049704,-0.402473922
23.51833333,-1.599446658,-0.288949618
36.025,-1.013567684,0.585878974
36.99583333,-0.942039738,0.071527946
36.66416667,-0.961870716,-0.019830978
34.00333333,-1.013100991,-0.051230274
38.57541667,-1.091056262,-0.077955271
38.66166667,-1.327209828,-0.236153566
26.65958333,-1.618747161,-0.291537333
41.13625,-1.141377106,0.477370055
40.80791667,-0.981424106,0.159953
36.595,-0.892792589,0.088631517
38.0975,-0.772947458,0.119845132
41.4675,-0.756651845,0.016295612
34.12083333,-1.067627803,-0.310975958
31.37208333,-1.240450873,-0.172823069
36.62541667,-0.762263964,0.478186909
40.03625,-0.720818365,0.041445599
41.16208333,-0.687597129,0.033221236
47.02833333,-0.455910831,0.231686298
48.52958333,-0.598494047,-0.142583215
41.9975,-1.020329651,-0.421835604
26.62458333,-1.299206276,-0.278876625
42.42166667,-0.620608043,0.678598233
46.44458333,-0.394248117,0.226359926
46.20541667,-0.346135269,0.048112848
45.59291667,-0.274542661,0.071592608
48.44625,-0.388535825,-0.113993164
44.03833333,-0.822667439,-0.434131614
35.71375,-1.132892988,-0.310225549
40.5375,-0.343355437,0.789537551
44.33625,-0.266146839,0.077208598
39.415,-0.303691203,-0.037544364
43.72166667,-0.328134992,-0.02444379
43.12958333,-0.412577654,-0.084442661
38.3875,-0.881300881,-0.468723227
31.20125,-1.167336109,-0.286035227
43.83541667,-0.432223094,0.735113015
45.17291667,-0.356217975,0.076005118
45.52458333,-0.342317745,0.01390023
48.13333333,-0.232981012,0.109336733
48.97125,-0.250578261,-0.017597249
44.35916667,-0.712987492,-0.462409231
41.68625,-0.982665933,-0.269678441
48.78041667,-0.26899256,0.713673373
48.485,-0.134331951,0.134660609
50.82166667,-0.230782807,-0.096450856
50.2775,-0.283989083,-0.053206276
49.13166667,-0.360189132,-0.076200049
44.66666667,-0.8900985,-0.529909368
43.14916667,-1.024622161,-0.134523661
53.50708333,-0.157999655,0.866622506
54.23041667,0.007350009,0.165349664
54.92958333,-0.065613386,-0.072963395
54.34125,-0.053261618,0.012351768
55.01833333,-0.151566213,-0.098304595
45.71291667,-0.888288843,-0.73672263
40.89208333,-1.122645961,-0.234357117
50.65041667,-0.359202448,0.763443512
50.66583333,-0.228038579,0.13116387
52.9125,-0.212027554,0.016011024
53.22375,-0.234746323,-0.022718769
50.32583333,-0.338091417,-0.103345094
44.895,-0.864041709,-0.525950293
39.3275,-1.189626804,-0.325585094
48.05333333,-0.337152333,0.852474471
57.80583333,-0.167772246,0.169380087
54.885,-0.102161776,0.065610469
57.205,0.107245245,0.209407021
60.35416667,0.148373704,0.041128459
51.59541667,-0.384862332,-0.533236035
50.56791667,-0.486640875,-0.101778544
60.12833333,0.358058934,0.84469981
73.99416667,0.435535572,0.077476638
71.69875,0.502086285,0.066550712
75.00125,0.848898201,0.346811917
64.15416667,0.770455875,-0.078442326
67.18583333,0.077975113,-0.692480762
50.59041667,-0.104253,-0.182228113
74.52833333,0.581973133,0.686226133
85.8075,0.922790801,0.340817668
73.8225,0.908957113,-0.013833688
80.18625,0.766006839,-0.142950274
52.36166667,0.584544524,-0.181462315
45.83375,0.022605784,-0.56193874
44.20875,-0.301835219,-0.324441003
44.95166667,-0.28936796,0.01246726
50.71958333,0.362335873,0.651703833
47.54041667,0.292250147,-0.070085726
47.83583333,0.206045567,-0.086204581
46.49541667,0.204527281,-0.001518286
44.69625,-0.216027558,-0.420554839
41.05166667,-0.352020938,-0.13599338
54.0125,0.558323552,0.910344491
52.945,0.589210561,0.030887009
51.21333333,0.76637162,0.177161059
41.05666667,0.066630786,-0.699740834
37.79375,0.118901904,0.052271118
34.18125,-0.064092115,-0.182994019
25.46958333,-0.301306413,-0.237214298
47.56958333,0.764360941,1.065667354
52.12208333,0.940076645,0.175715704
53.16083333,1.139991162,0.199914517
53.36791667,1.10853277,-0.031458391
53.57791667,1.137659937,0.029127167
47.19291667,0.619973517,-0.51768642
42.7125,0.476681034,-0.143292484
51.66625,1.293454552,0.816773518
55.63708333,1.506642937,0.213188385
60.03,1.646998773,0.140355837
62.42791667,1.778094491,0.131095718
62.60958333,1.98034422,0.202249729
57.17125,1.707342882,-0.273001338
52.63583333,1.336053118,-0.371289764
65.30416667,2.20211652,0.866063402
73.0275,2.39500718,0.19289066
72.94625,2.481437063,0.086429882
75.85958333,2.646044298,0.164607235
79.31666667,2.751695452,0.105651154
63.50666667,1.984096343,-0.76759911
63.2275,1.307902749,-0.676193593
76.95166667,1.86987643,0.56197368
69.92,1.991594961,0.121718531
61.33333333,1.791766357,-0.199828603
60.63125,2.164178813,0.372412456
64.40583333,2.205672218,0.041493405
65.00416667,1.451060976,-0.754611242
52.91583333,1.18361746,-0.267443516
64.97458333,2.299408829,1.115791369
72.45166667,2.658252107,0.358843278
75.33166667,2.634984534,-0.023267573
67.47291667,2.423893253,-0.211091281
67.68458333,2.432808469,0.008915217
61.18458333,2.115328698,-0.317479771
54.22333333,1.509309595,-0.606019103
69.085,2.188189912,0.678880317
68.04833333,2.11932465,-0.068865262
56.63541667,2.003212018,-0.116112632
56.13166667,1.142286574,-0.860925444
45.75291667,1.284050605,0.141764031
48.12375,1.250778676,-0.033271929
55.27458333,2.070678339,0.819899663
58.8625,2.036829983,-0.033848356
57.10416667,1.820118817,-0.216711166
55.67333333,1.686598858,-0.133519959
52.85333333,1.674829221,-0.011769636
53.04333333,1.366211394,-0.308617827
35.4275,0.969581755,-0.396629639
46.475,1.580309716,0.61072796
61.46958333,2.390297541,0.809987825
61.22875,2.552802346,0.162504804
58.41958333,2.120042024,-0.432760321
57.67375,1.531619055,-0.588422969
51.89208333,1.249118442,-0.282500613
31.05041667,0.527752799,-0.721365644
35.97791667,0.615249177,0.087496378
48.90083333,1.5079124,0.892663223
56.77208333,1.349622917,-0.158289483
49.475,1.246120788,-0.103502129
44.75166667,0.994532286,-0.251588502
45.54541667,1.037514613,0.042982328
40.15416667,0.501375569,-0.536139045
32.03291667,0.256930763,-0.244444805
48.19166667,1.024506908,0.767576145
52.93583333,1.141182739,0.116675831
57.13958333,1.40680178,0.265619041
56.60875,1.588813087,0.182011307
57.45208333,1.770063896,0.181250809
53.84083333,1.354517632,-0.415546264
49.20666667,1.147122504,-0.207395128
59.65208333,1.930252046,0.783129542
57.89291667,2.112961611,0.182709565
59.19875,2.113086919,0.000125308
58.265,2.009198346,-0.103888573
57.6575,1.987740072,-0.021458275
52.13,1.569620795,-0.418119277
50.20791667,1.390873721,-0.178747073
62.25541667,2.256650206,0.865776485
60.52625,2.426186807,0.169536601
58.48041667,2.22667621,-0.199510598
57.01541667,2.001724621,-0.224951589
55.79083333,1.586760744,-0.414963877
48.66291667,0.849164653,-0.737596091
36.06708333,0.690218221,-0.158946432
52.3825,1.32574792,0.635529699
55.84041667,1.488935032,0.163187111
55.31708333,1.395842786,-0.093092246
54.0475,1.230980611,-0.164862175
53.31958333,1.009024969,-0.221955642
49.53583333,0.656099131,-0.352925838
42.32833333,0.314158041,-0.34194109
50.8075,1.023287257,0.709129216
55.72666667,1.113979547,0.09069229
54.48791667,1.234478769,0.120499221
56.58083333,1.285443304,0.050964536
57.41833333,1.35103719,0.065593885
50.05,0.77223894,-0.57879825
46.41666667,0.481909876,-0.290329064
58.70541667,1.201889647,0.71997977
58.77375,1.323557192,0.121667545
59.18041667,1.461787742,0.138230551
58.31916667,1.198456749,-0.263330994
56.25625,1.068353238,-0.13010351
49.93666667,0.466807904,-0.601545335
49.11,0.255252703,-0.211555201
60.14583333,1.134855722,0.879603019
58.25333333,1.093703335,-0.041152387
55.93125,1.10665559,0.012952255
59.1325,1.205685435,0.099029844
60.18375,1.325333318,0.119647884
56.44541667,0.835663232,-0.489670087
49.33708333,0.535591944,-0.300071287
59.36666667,1.223118467,0.687526522
59.03583333,1.206555048,-0.016563418
59.19583333,1.086476809,-0.12007824
54.48291667,1.006106518,-0.08037029
57.895,0.978503032,-0.027603486
53.07375,0.305522737,-0.672980295
50.62916667,0.0125857,-0.292937037
59.21375,0.56385683,0.55127113
53.95083333,0.507971988,-0.055884842
53.045,0.534376335,0.026404346
56.1025,0.493054814,-0.04132152
60.28208333,0.468724043,-0.024330771
49.62791667,-0.020342417,-0.48906646
44.67083333,-0.028118254,-0.007775837
56.02,0.669705057,0.697823311
55.43625,0.709923395,0.040218339
54.16,0.564363202,-0.145560193
54.67041667,0.466136807,-0.098226395
54.21458333,0.358849736,-0.107287071
52.47625,-0.172383815,-0.531233551
30.78833333,-0.451078691,-0.278694876
48.03125,0.144329686,0.595408378
55.53208333,0.265910798,0.121581112
55.06833333,0.156544746,-0.109366052
51.8375,-0.007312994,-0.16385774
54.67666667,-0.117274134,-0.10996114
51.48666667,-0.728351884,-0.61107775
44.86625,-0.824164639,-0.095812755
57.58416667,-0.11747791,0.706686728
54.925,0.012810092,0.130288002
55.12166667,-0.112998113,-0.125808205
59.91625,-0.22690543,-0.113907317
50.15416667,-0.314187514,-0.087282084
42.40833333,-0.917543078,-0.603355564
30.3025,-1.178468185,-0.260925106
53.82875,-0.570888502,0.607579682
52.30583333,-0.434200642,0.13668786
60.095,-0.126122651,0.308077991
60.6575,-0.099811004,0.026311647
57.915,-0.115393175,-0.015582171
51.96791667,-0.621062108,-0.505668933
48.58916667,-0.945375656,-0.324313548
59.50583333,-0.329540745,0.615834911
55.6375,-0.226534843,0.103005902
56.15291667,-0.285228966,-0.058694123
53.97666667,-0.346417171,-0.061188205
52.75375,-0.45633802,-0.109920849
47.3825,-0.892008363,-0.435670343
28.91833333,-1.203773141,-0.311764778
23.18916667,-1.266922776,-0.063149636
49.50583333,-0.674305353,0.592617423
53.05416667,-0.523570567,0.150734786
54.46833333,-0.409716127,0.113854441
51.43958333,-0.350958377,0.05875775
30.87875,-0.947511951,-0.596553574
14.93208333,-1.207767299,-0.260255348
50.10291667,-0.546917347,0.660849953
58.47,-0.388942409,0.157974937
54.57041667,-0.329554019,0.059388391
57.79375,-0.329047211,0.000506808
51.76791667,-0.454364879,-0.125317668
49.76416667,-1.099057793,-0.644692914
43.00541667,-1.345759179,-0.246701387
60.55041667,-0.610322852,0.735436327
60.06375,-0.423242104,0.187080748
61.82,-0.45940659,-0.036164486
66.26208333,-0.544603948,-0.085197358
57.22125,-0.525562583,0.019041365
52.75333333,-1.043102878,-0.517540295
46.10166667,-1.319472263,-0.276369385
54.86916667,-0.500222562,0.819249701
62.11708333,-0.367424761,0.132797802
59.78416667,-0.322591664,0.044833096
60.78625,-0.358377319,-0.035785654
66.29916667,-0.447965109,-0.08958779
52.54083333,-0.987459637,-0.539494528
46.1625,-1.376053712,-0.388594075
60.31958333,-0.579237455,0.796816257
54.46666667,-0.478865054,0.100372401
61.39208333,-0.431885974,0.046979081
52.58583333,-0.547411685,-0.115525711
54.72041667,-0.545308327,0.002103358
47.87291667,-1.033042766,-0.487734439
32.165,-1.316688907,-0.283646141
53.79833333,-0.485153808,0.831535099
54.11,-0.451239124,0.033914685
54.04666667,-0.410962932,0.040276192
22.65833333,-1.161322807,-0.750359875
40.75833333,-0.902236527,0.25908628
37.95916667,-1.010409739,-0.108173212
31.27791667,-1.300622296,-0.290212557
50.90083333,-0.599841942,0.700780354
51.84333333,-0.461203085,0.138638857
51.35583333,-0.479806383,-0.018603298
49.85541667,-0.409182873,0.07062351
46.49791667,-0.396813717,0.012369156
39.63625,-0.975011775,-0.578198058
20.92041667,-1.224235573,-0.249223798
30.74666667,-1.24457779,-0.020342217
49.87708333,-0.543482045,0.701095745
57.12875,-0.478429911,0.065052134
52.09458333,-0.549115849,-0.070685938
50.51666667,-0.574081206,-0.024965357
34.42541667,-1.289962563,-0.715881357
14.87916667,-1.488099016,-0.198136453
45.14375,-0.58626539,0.901833626
50.66041667,-0.436756674,0.149508715
46.69375,-0.504268558,-0.067511883
42.87208333,-0.566998071,-0.062729513
49.70541667,-0.536154796,0.030843274
43.81541667,-1.055759943,-0.519605147
39.83625,-1.219541355,-0.163781412
51.93291667,-0.375606591,0.843934764
49.64166667,-0.335763963,0.039842628
46.93166667,-0.614855819,-0.279091856
47.47916667,-0.603360287,0.011495532
49.13708333,-0.640022873,-0.036662586
45.31541667,-1.084539642,-0.444516768
29.22791667,-1.285735878,-0.201196237
46.43416667,-0.520565043,0.765170835
49.67791667,-0.370567927,0.149997116
48.885,-0.512869947,-0.14230202
51.00083333,-0.51104572,0.001824226
48.56333333,-0.600721861,-0.089676141
39.30083333,-0.991958304,-0.391236443
31.89083333,-1.201212652,-0.209254347
49.02458333,-0.471972603,0.729240048
48.105,-0.385392608,0.086579996
48.07208333,-0.535659201,-0.150266594
17.39291667,-1.189676238,-0.654017037
42.3225,-0.862221794,0.327454444
24.47875,-1.098345735,-0.236123941
12.035,-1.464550544,-0.366204808
38.41333333,-0.760843448,0.703707096
43.11,-0.504854931,0.255988517
42.02666667,-0.513640563,-0.008785632
44.78958333,-0.524974379,-0.011333816
47.34208333,-0.585007423,-0.060033044
16.49041667,-1.095608096,-0.510600673
11.25541667,-1.373307801,-0.277699705
42.21041667,-0.642924902,0.730382899
40.22708333,-0.516423182,0.12650172
41.40291667,-0.573034365,-0.056611184
40.75166667,-0.644887391,-0.071853026
41.29875,-0.744152431,-0.09926504
14.01416667,-1.22977862,-0.485626189
14.33208333,-1.51346033,-0.28368171
35.0725,-0.864613752,0.648846578
39.34083333,-0.70891947,0.155694282
38.99125,-0.756661665,-0.047742195
37.1025,-0.941134737,-0.184473072
37.37,-0.969682737,-0.028548
19.62791667,-1.405432795,-0.435750058
14.9425,-1.837627132,-0.432194337
29.10416667,-1.372196141,0.465430991
32.04125,-1.169703761,0.20249238
36.4025,-1.11730243,0.052401331
39.35541667,-1.151360187,-0.034057757
46.05666667,-1.212772444,-0.061412258
47.61666667,-1.458608821,-0.245836376
43.48291667,-1.723346291,-0.26473747
41.04416667,-1.72008466,0.003261631
50.08208333,-1.246918144,0.473166516
49.64833333,-1.04202335,0.204894794
49.89041667,-1.027163781,0.014859569
48.345,-0.934276321,0.09288746
42.82458333,-1.10646516,-0.172188839
38.16041667,-1.25445626,-0.1479911
55.10333333,-0.749266119,0.50519014
51.97291667,-0.684504992,0.064761127
53.32375,-0.69350639,-0.009001397
49.50875,-0.655210271,0.038296119
47.39916667,-0.682595145,-0.027384875
36.94791667,-1.215109306,-0.532514161
13.645,-1.33046329,-0.115353984
43.53083333,-0.592899776,0.737563514
54.21333333,-0.433310479,0.159589297
49.81083333,-0.353065148,0.080245331
52.42083333,-0.329083121,0.023982027
54.17625,-0.418821881,-0.08973876
48.32041667,-0.971376684,-0.552554803
43.19125,-1.346855041,-0.375478357
50.64416667,-0.766713327,0.580141713
45.87125,-0.651549273,0.115164055
44.82,-0.551831392,0.09971788
50.41458333,-0.5422578,0.009573592
57.97333333,-0.491730707,0.050527094
46.93291667,-1.048505284,-0.556774577
35.81458333,-1.342001896,-0.293496613
45.94625,-0.75160676,0.590395136
46.98583333,-0.529374241,0.222232519
49.51125,-0.501869214,0.027505027
53.01708333,-0.363885939,0.137983276
49.48458333,-0.405050421,-0.041164482
52.75708333,-1.015249559,-0.610199138
34.32583333,-1.326937956,-0.311688396
54.32708333,-0.546310541,0.780627414
54.82083333,-0.386129079,0.160181462
51.3675,-0.298119436,0.088009643
51.04041667,-0.35443144,-0.056312004
55.75125,-0.401161733,-0.046730293
48.09458333,-0.887786921,-0.486625188
42.08083333,-1.26038568,-0.372598759
53.4,-0.493963196,0.766422484
59.02833333,-0.384212529,0.109750667
55.8775,-0.496441307,-0.112228778
54.94208333,-0.500984375,-0.004543068
56.36166667,-0.574562453,-0.073578078
47.65416667,-1.111742782,-0.537180329
37.74458333,-1.345869095,-0.234126313
48.595,-0.609362089,0.736507006
51.91208333,-0.504770452,0.104591637
52.98375,-0.553334078,-0.048563626
46.22291667,-0.528029387,0.025304692
50.8,-0.491999995,0.036029392
49.31791667,-0.892471612,-0.400471617
43.9725,-1.118409314,-0.225937702
51.47708333,-0.514800638,0.603608676
53.15458333,-0.341941317,0.172859321
54.38791667,-0.253412396,0.088528921
57.63416667,-0.238762902,0.014649494
54.46083333,-0.306482607,-0.067719705
47.64666667,-0.70943567,-0.402953062
43.64958333,-0.911432396,-0.201996726
57.68458333,-0.175638949,0.735793447
49.60083333,-0.171781677,0.003857272
56.94,0.041933412,0.213715089
62.93916667,0.223945358,0.182011946
61.71125,0.31876261,0.094817252
53.09875,-0.268338617,-0.587101227
45.40333333,-0.706170849,-0.437832232
52.67875,-0.063806538,0.642364311
57.96333333,0.261824595,0.325631133
59.89416667,0.23744328,-0.024381316
60.07375,0.122201961,-0.115241319
57.25791667,0.13830198,0.016100018
50.865,-0.441768651,-0.580070631
46.67833333,-0.753596232,-0.31182758
55.33625,-0.342777074,0.410819158
45.59125,-0.662965888,-0.320188814
56.49916667,-0.244418892,0.418546995
51.50041667,-0.248571577,-0.004152684
55.86583333,-0.183102213,0.065469363
47.6325,-0.604565649,-0.421463436
41.97708333,-0.958795196,-0.354229546
55.81458333,-0.015650644,0.943144552
57.08291667,0.201990359,0.217641002
59.24583333,0.193746988,-0.00824337
58.78,0.292260156,0.098513168
49.91833333,-0.529692321,-0.821952477
48.00583333,-0.472939126,0.056753195
42.97416667,-0.60729378,-0.134354654
58.29958333,0.246843043,0.854136823
61.36791667,0.513994694,0.267151651
61.77791667,0.628191768,0.114197074
63.61375,0.585491964,-0.042699805
61.79125,0.575337514,-0.01015445
52.23833333,0.099461905,-0.475875608
49.44708333,-0.170310597,-0.269772503
63.67583333,0.567898826,0.738209423
63.89041667,0.735121319,0.167222494
65.03541667,0.780458982,0.045337662
60.98291667,0.834875106,0.054416124
57.07,0.860472197,0.025597091
51.22458333,0.346172303,-0.514299894
47.00291667,0.004939767,-0.341232536
61.5825,0.8700808,0.865141034
56.14708333,0.714413167,-0.155667634
57.83083333,0.88202207,0.167608904
52.86333333,0.648761133,-0.233260937
52.72041667,0.735499161,0.086738028
47.40666667,0.171586809,-0.563912352
39.93625,-0.270318231,-0.44190504
46.8725,0.575673727,0.845991958
50.15958333,0.853752707,0.27807898
48.06583333,0.633551385,-0.220201322
47.085,0.77530924,0.141757855
47.14666667,0.840252172,0.064942932
48.76416667,0.522277337,-0.317974835
47.61125,0.371558921,-0.150718417
49.66708333,0.837303376,0.465744455
46.39458333,0.872840384,0.035537008
47.97958333,0.868173719,-0.004666665
47.16,0.938995765,0.070822046
50.62375,0.796784783,-0.142210982
46.09375,0.680679035,-0.116105748
47.30666667,0.628932441,-0.051746594
53.29041667,1.57944001,0.950507569
48.35333333,1.477706708,-0.101733301
49.85916667,1.434267187,-0.043439522
48.88083333,1.271206878,-0.163060309
46.48708333,0.941381564,-0.329825314
28.10166667,0.367390485,-0.573991079
23.43708333,-0.063500789,-0.430891274
37.37791667,0.651363547,0.714864336
45.60833333,0.98258443,0.331220883
44.51041667,0.839042733,-0.143541697
38.75875,0.712945179,-0.126097554
40.9,0.615839397,-0.097105782
28.66208333,0.250986212,-0.364853184
15.9575,-0.350289983,-0.601276195
25.37958333,0.418216551,0.768506534
32.64583333,0.90894651,0.490729958
34.96541667,0.864732284,-0.044214225
32.69083333,0.735788118,-0.128944167
37.78833333,0.923660528,0.187872411
34.43791667,0.515126588,-0.408533941
31.02333333,0.277918016,-0.237208572
47.07083333,1.128466962,0.850548946
45.81541667,1.29735037,0.168883408
47.85833333,1.36984906,0.07249869
47.455,1.398958018,0.029108958
49.83625,1.472279768,0.073321749
45.58083333,1.109081837,-0.363197931
42.57125,0.995129202,-0.113952635
49.50916667,1.755629595,0.760500392
50.05958333,2.001793722,0.246164127
49.10916667,1.797513549,-0.204280173
46.3725,1.48353246,-0.313981089
43.97541667,1.325268655,-0.158263805
38.07291667,0.618599114,-0.706669541
25.59833333,0.294094483,-0.32450463
43.88791667,1.131014229,0.836919746
48.70083333,1.288117431,0.157103202
46.65875,1.168631594,-0.119485837
46.11208333,1.134333273,-0.034298321
48.45916667,1.221509612,0.087176339
45.385,0.80590704,-0.415602572
42.98708333,0.735257029,-0.070650012
49.2925,1.72132814,0.986071112
53.31625,1.926845175,0.205517035
52.80791667,2.099523246,0.172678071
63.5025,2.430617255,0.331094009
86.05958333,2.644611017,0.213993762
68.56708333,2.262554818,-0.382056199
71.645,2.054195937,-0.208358882
99.445,2.92299834,0.868802403
129.5591667,3.105010718,0.182012379
117.3675,3.02389981,-0.081110908
367.6033333,2.910187718,-0.113712092
147.2466667,2.903296176,-0.006891542
77.46375,2.668022706,-0.23527347
68.25083333,2.370832872,-0.297189834
90.87708333,2.774096948,0.403264076
69.4925,2.614654944,-0.159442004
73.6525,2.404273303,-0.210381641
63.19583333,2.311473087,-0.092800216
62.29041667,2.2041226,-0.107350486
52.95083333,1.34023697,-0.86388563
55.03916667,1.005418506,-0.334818464
69.86041667,1.853542404,0.848123898
66.20333333,1.958884985,0.105342581
57.04666667,1.83035973,-0.128525255
69.55958333,1.447832171,-0.382527559
56.32791667,1.115256312,-0.332575859
51.67916667,0.583618745,-0.531637567
47.60291667,0.29816466,-0.285454084
51.59041667,1.045791115,0.747626455
52.49875,1.079772229,0.033981114
51.70541667,0.94520091,-0.134571318
50.69208333,0.840448457,-0.104752454
51.45166667,0.633390651,-0.207057805
45.75583333,0.09716679,-0.536223862
39.58375,-0.151638639,-0.248805429
49.365,0.552959066,0.704597705
55.21875,0.990565257,0.437606191
51.2925,1.046046161,0.055480904
53.04875,1.02906658,-0.016979581
51.43541667,1.105742409,0.076675829
47.0025,0.556740482,-0.549001927
36.24,0.078772426,-0.477968057
49.25375,0.634929753,0.556157327
48.895,0.648257579,0.013327827
48.03375,0.620411214,-0.027846366
47.93458333,0.512870297,-0.107540916
47.0875,0.320712101,-0.192158196
40.07583333,-0.245370696,-0.566082797
36.29375,-0.385815744,-0.140445048
50.10166667,0.388628152,0.774443896
50.35083333,0.649772677,0.261144526
49.94041667,0.537889334,-0.111883344
48.58791667,0.43558063,-0.102308704
42.56333333,0.403301824,-0.032278806
38.36583333,-0.309817379,-0.713119203
27.23541667,-0.666716964,-0.356899586
43.68041667,-0.139125391,0.527591574
39.95208333,-0.071047252,0.068078139
41.67291667,-0.091940262,-0.020893009
38.94666667,-0.217329979,-0.125389717
42.24916667,-0.29814362,-0.080813642
21.05041667,-0.786367656,-0.488224035
23.04875,-1.026157723,-0.239790068
48.08125,-0.191810435,0.834347288
50.87708333,0.010941786,0.202752222
49.21208333,0.100363452,0.089421666
48.89083333,0.082264893,-0.018098559
44.96625,0.013674639,-0.068590254
40.24916667,-0.328448963,-0.342123602
34.48625,-0.475768129,-0.147319167
23.04916667,-0.578138362,-0.102370233
45.19083333,0.049460771,0.627599133
53.85625,0.26791067,0.218449899
54.22541667,0.428996323,0.161085653
56.67708333,0.423510118,-0.005486205
45.21,-0.058881012,-0.48239113
33.36458333,-0.486611166,-0.427730154
50.87666667,0.320824083,0.807435248
55.4475,0.518160935,0.197336852
52.56291667,0.406335716,-0.111825218
54.82208333,0.447867321,0.041531605
54.09875,0.416083981,-0.03178334
43.84791667,-0.23978668,-0.655870661
38.76583333,-0.462418269,-0.22263159
52.23375,0.243564381,0.70598265
51.50791667,0.24411329,0.00054891
45.32458333,0.226908893,-0.017204397
45.76166667,0.031168201,-0.195740691
51.605,0.106223141,0.07505494
32.15708333,-0.486863854,-0.593086995
24.65,-0.958462576,-0.471598722
42.47333333,-0.414361385,0.54410119
21.95583333,-0.693448012,-0.279086627
47.92916667,-0.176831347,0.516616665
50.27625,-0.183912697,-0.00708135
42.90125,-0.217024479,-0.033111782
37.71125,-0.746240264,-0.529215786
32.27375,-1.023631366,-0.277391102
47.62,-0.601513036,0.42211833
36.08291667,-0.864807531,-0.263294494
47.84875,-0.434860023,0.429947507
42.40375,-0.407353892,0.027506131
43.02666667,-0.472137338,-0.064783446
29.50333333,-1.097855056,-0.625717718
28.90166667,-1.3383051,-0.240450044
46.06416667,-0.501041886,0.837263214
49.21541667,-0.433531404,0.067510482
44.105,-0.292030284,0.14150112
30.36666667,-0.948771375,-0.656741091
35.3675,-0.759211882,0.189559493
36.21083333,-0.852221026,-0.093009144
25.14375,-1.17473772,-0.322516694
42.0575,-0.46282127,0.71191645
46.11625,-0.348275947,0.114545323
45.92833333,-0.312042872,0.036233075
44.73375,-0.345465584,-0.033422712
39.09458333,-0.573985282,-0.228519699
29.56166667,-1.193500746,-0.619515464
19.1725,-1.416301391,-0.222800645
25.5225,-1.39112856,0.025172831
45.58583333,-0.713141623,0.677986937
46.15916667,-0.561747752,0.151393872
48.94458333,-0.536001389,0.025746362
45.95416667,-0.607875945,-0.071874556
33.11833333,-1.10783186,-0.499955914
27.88291667,-1.503013363,-0.395181503
46.66791667,-0.775091435,0.727921927
45.97583333,-0.507650644,0.267440791
48.95375,-0.554502335,-0.046851691
42.3925,-0.58311575,-0.028613415
38.63583333,-0.747260448,-0.164144698
23.43458333,-1.216020925,-0.468760477
24.36791667,-1.343693128,-0.127672203
45.52583333,-0.627948858,0.71574427
48.90666667,-0.514442185,0.113506673
48.23583333,-0.464035368,0.050406817
47.68458333,-0.429262885,0.034772482
40.645,-0.649765174,-0.220502289
26.09291667,-1.237880186,-0.588115012
21.71708333,-1.496476573,-0.258596387
44.98125,-0.680018648,0.816457925
48.20333333,-0.472116018,0.20790263
51.01625,-0.531081799,-0.058965781
49.06666667,-0.657604373,-0.126522574
44.15208333,-0.837652333,-0.18004796
32.2825,-1.196386357,-0.358734024
19.37333333,-1.486722104,-0.290335747
38.64125,-0.698712123,0.788009981
44.25458333,-0.518222087,0.180490035
48.51208333,-0.467644024,0.050578063
48.24666667,-0.436927423,0.030716601
48.22625,-0.616260493,-0.17933307
37.095,-1.166345223,-0.55008473
25.08833333,-1.471614364,-0.305269141
43.98166667,-0.718202066,0.753412298
49.47,-0.542776303,0.175425763
47.96583333,-0.538733433,0.00404287
46.89875,-0.522429789,0.016303645
48.1275,-0.65206765,-0.129637861
39.64541667,-1.144445141,-0.492377491
24.6825,-1.487217081,-0.34277194
42.73291667,-0.738742669,0.748474411
47.23333333,-0.603132174,0.135610495
45.21375,-0.648506128,-0.045373953
42.88541667,-0.599795509,0.048710618
46.77416667,-0.630530592,-0.030735083
32.74125,-1.212258372,-0.58172778
26.96791667,-1.57969368,-0.367435308
40.45583333,-0.772484809,0.807208871
45.45333333,-0.646181653,0.126303156
43.81375,-0.593581762,0.052599891
45.11666667,-0.657953138,-0.064371376
45.46416667,-0.632088262,0.025864876
38.38583333,-1.145456853,-0.513368591
28.08833333,-1.401896859,-0.256440006
44.60708333,-0.746751593,0.655145266
47.42083333,-0.540011093,0.2067405
49.23458333,-0.477153743,0.06285735
50.63708333,-0.387191014,0.089962729
49.8725,-0.435369738,-0.048178724
40.28875,-1.132091303,-0.696721566
30.6475,-1.528657381,-0.396566078
39.89333333,-0.792040563,0.736616818
44.4625,-0.653168221,0.138872341
41.49458333,-0.666757629,-0.013589408
42.46375,-0.785941325,-0.119183696
46.44791667,-0.946813584,-0.160872259
40.15958333,-1.366022433,-0.419208849
35.98875,-1.63175743,-0.265734997
42.91541667,-1.148503228,0.483254202
40.39541667,-0.959517818,0.18898541
44.22208333,-1.004812206,-0.045294388
47.12208333,-1.021955386,-0.01714318
44.76416667,-1.173304516,-0.151349129
42.15,-1.483490645,-0.310186129
28.10666667,-1.718847027,-0.235356382
45.73875,-1.188917377,0.52992965
47.42583333,-1.002127766,0.186789611
37.90083333,-1.474870421,-0.472742655
51.36375,-1.222586068,0.252284353
50.39166667,-1.004194394,0.218391675
44.82083333,-1.064553515,-0.060359121
38.66708333,-1.211210305,-0.14665679
49.76833333,-0.765376688,0.445833617
54.53791667,-0.665572928,0.09980376
51.16375,-0.82118072,-0.155607792
52.59041667,-0.710393377,0.110787343
50.98458333,-0.75919045,-0.048797074
42.99458333,-1.273681134,-0.514490684
33.2225,-1.572284775,-0.29860364
50.84291667,-0.814043806,0.758240969
49.44583333,-0.609408546,0.20463526
52.25708333,-0.602910166,0.00649838
52.4875,-0.598260058,0.004650108
50.3025,-0.700609321,-0.102349264
43.97458333,-1.049747673,-0.349138352
34.42958333,-1.317826947,-0.268079274
49.71666667,-0.636605309,0.681221638
50.97541667,-0.545732396,0.090872913
49.62,-0.573181164,-0.027448769
52.90833333,-0.624612002,-0.051430838
51.77583333,-0.617165793,0.00744621
48.16833333,-1.069756773,-0.45259098
40.15208333,-1.322120116,-0.252363343
52.34166667,-0.603584491,0.718535625
53.7075,-0.531639834,0.071944657
55.95791667,-0.504405303,0.027234531
52.8525,-0.569444152,-0.065038849
45.75291667,-0.643640716,-0.074196563
41.32208333,-1.069598001,-0.425957285
33.895,-1.322605263,-0.253007262
50.10791667,-0.586027982,0.736577281
53.06458333,-0.475727897,0.110300085
51.34375,-0.499405546,-0.023677649
51.78083333,-0.35086378,0.148541765
50.24,-0.400760758,-0.049896978
43.2775,-0.929499644,-0.528738886
31.59083333,-1.296501547,-0.367001903
41.79583333,-0.749575313,0.546926233
46.08791667,-0.561016149,0.188559165
48.93916667,-0.458518729,0.10249742
48.23541667,-0.482070062,-0.023551333
46.85708333,-0.399807064,0.082262998
38.84458333,-0.893116119,-0.493309055
29.80625,-1.141229902,-0.248113783
51.35666667,-0.426138997,0.715090905
49.99125,-0.373771104,0.052367892
49.055,-0.483574006,-0.109802901
54.75875,-0.420096899,0.063477107
53.83083333,-0.555226486,-0.135129587
45.83416667,-1.023004271,-0.467777785
43.54916667,-1.197692587,-0.174688315
50.24833333,-0.478686947,0.71900564
52.04208333,-0.359552092,0.119134855
53.01458333,-0.345485019,0.014067073
54.06125,-0.353462553,-0.007977535
47.53708333,-0.565977055,-0.212514501
42.69375,-0.887345636,-0.321368581
29.98625,-1.027947698,-0.140602062
49.97041667,-0.233207358,0.79474034
53.24208333,-0.046223271,0.186984087
47.69958333,-0.227095689,-0.180872418
52.80791667,-0.278528602,-0.051432913
49.98708333,-0.277284678,0.001243925
41.03291667,-0.758885309,-0.481600632
39.67375,-1.08422168,-0.325336371
53.13875,-0.359448833,0.724772847
50.70541667,-0.226268536,0.133180297
53.055,-0.238616486,-0.012347951
49.22458333,-0.203180886,0.0354356
50.76375,-0.260716833,-0.057535947
42.71375,-0.587892003,-0.32717517
42.51729167,-0.483745042,0.104146961
56.57541667,0.437581576,0.921326617
59.20708333,0.68207422,0.244492645
56.3525,0.689187713,0.007113493
35.11541667,-0.310066671,-0.999254384
41.05666667,-0.0856806,0.224386071
39.1475,-0.13020284,-0.04452224
25.83916667,-0.466812735,-0.336609895
45.18625,0.256773699,0.723586434
54.28875,0.61987458,0.363100881
52.81083333,0.64018474,0.020310159
52.02791667,0.72361471,0.08342997
54.01125,0.620808149,-0.102806561
40.995,-0.150380574,-0.771188723
35.09375,-0.188898169,-0.038517596
52.67625,0.665556435,0.854454604
56.23625,0.850104124,0.184547689
55.00833333,0.790811317,-0.059292807
57.78625,0.915026009,0.124214692
52.92125,0.794366822,-0.120659187
43.55916667,0.201765372,-0.59260145
43.43166667,-0.015839007,-0.217604379
55.19708333,0.670038359,0.685877366
52.08875,0.755855023,0.085816663
52.12041667,0.710308485,-0.045546538
51.10666667,0.712802806,0.002494321
50.64541667,0.710587167,-0.002215639
38.35458333,0.004803036,-0.705784132
22.03833333,-0.443121258,-0.447924294
45.455,0.359181132,0.80230239
55.17708333,0.801765927,0.442584795
53.40875,0.787764682,-0.014001245
53.69083333,0.934470388,0.146705706
58.895,1.390366769,0.455896381
52.49041667,0.967441552,-0.422925216
50.4725,0.674069841,-0.293371711
54.215,1.241885318,0.567815477
51.67458333,1.203144888,-0.03874043
57.15958333,1.490696592,0.287551705
60.46625,1.771773499,0.281076907
62.36,1.564585168,-0.207188331
54.80375,1.231675059,-0.332910109
47.94416667,1.051833922,-0.179841137
56.95208333,1.583636032,0.531802109
68.75333333,2.100428227,0.516792195
75.81208333,2.405180026,0.304751799
68.53916667,1.964328772,-0.440851254
56.98791667,1.251240971,-0.713087801
35.51416667,0.622751964,-0.628489007
31.95625,0.328906474,-0.29384549
49.4775,0.98945617,0.660549696
53.89,1.297208058,0.307751888
54.015,1.314016117,0.016808059
49.58333333,1.149752916,-0.164263202
38.67625,1.105587341,-0.044165575
35.08375,0.314018609,-0.791568732
12.87708333,-0.206370707,-0.520389316
10.8025,-0.285230066,-0.078859359
7.105833333,-0.916664928,-0.631434862
12.11083333,-0.215050533,0.701614395
16.53166667,-0.042493188,0.172557346
28.94833333,0.126797904,0.169291091
14.95791667,-0.170818481,-0.297616384
13.6325,-0.398275143,-0.227456662
17.72875,-0.08096578,0.317309363
20.29541667,-0.373936271,-0.292970491
40.76458333,0.59377062,0.967706891
44.69916667,1.143887854,0.550117234
41.32458333,1.097276582,-0.046611273
33.13958333,0.558817692,-0.538458889
29.29541667,0.340616203,-0.218201489
53.37708333,1.181989161,0.841372958
55.44958333,1.465156046,0.283166885
56.78083333,1.472243062,0.007087015
57.87875,1.285625774,-0.186617288
55.19208333,1.231469469,-0.054156305
49.295,0.914516019,-0.31695345
44.66458333,0.792383652,-0.122132367
53.10708333,1.626798172,0.83441452
59.47125,1.696693573,0.069895401
61.12958333,2.115143113,0.418449539
74.20083333,2.369956092,0.25481298
63.01791667,2.234272615,-0.135683478
55.90833333,1.474328315,-0.7599443
48.59625,1.290825967,-0.183502348
64.03,1.986509754,0.695683787
58.05125,2.153507251,0.166997497
62.05125,2.238600448,0.085093197
61.29541667,2.131850662,-0.106749786
57.46166667,2.332462729,0.200612068
49.41208333,1.353526881,-0.978935848
39.60875,0.892250462,-0.461276419
50.76333333,1.452066688,0.559816226
46.69833333,1.299303468,-0.15276322
39.76875,1.027717996,-0.271585472
43.02208333,0.96939334,-0.058324656
44.67041667,0.852980667,-0.116412673
35.05541667,0.351677287,-0.50130338
36.06708333,0.422729312,0.071052025
52.56583333,0.840744763,0.418015451
48.69416667,0.921432771,0.080688008
48.32583333,1.14469356,0.223260789
55.82416667,1.431121789,0.286428229
55.38958333,1.756200403,0.325078614
53.20125,1.477491287,-0.278709115
46.38166667,1.043241309,-0.434249979
52.07125,1.694842942,0.651601633
59.39,1.926500405,0.231657464
58.42416667,2.092579157,0.166078752
53.59458333,1.815785286,-0.276793871
55.26666667,1.537588752,-0.278196534
53.82083333,1.194774995,-0.342813757
48.12833333,0.77158732,-0.423187676
55.47333333,1.471814129,0.700226809
59.95041667,1.597878242,0.126064113
54.11458333,1.244083584,-0.353794657
55.93458333,1.687465026,0.443381442
53.93416667,1.860283773,0.172818747
61.72416667,1.575707653,-0.28457612
56.24666667,1.262259015,-0.313448638
85.25666667,1.95622384,0.693964824
61.91958333,2.091646537,0.135422697
62.45375,1.914800658,-0.176845879
61.08916667,1.711210908,-0.203589751
59.92,1.607009063,-0.104201845
58.1725,1.162849582,-0.44415948
53.56041667,0.991177563,-0.171672019
55.65958333,1.260976338,0.269798775
60.55625,0.960433379,-0.300542959
55.42083333,0.891550376,-0.068883003
47.93208333,0.717307084,-0.174243293
44.43125,0.424607341,-0.292699742
36.47625,-0.008808684,-0.433416026
30.28125,-0.245216039,-0.236407355
49.04958333,0.414911787,0.660127827
60.42541667,0.856048985,0.441137198
74.59416667,1.415718195,0.55966921
76.33583333,1.65279967,0.237081475
60.60333333,1.585012385,-0.067787285
54.99166667,0.687749275,-0.897263109
48.91166667,0.256267993,-0.431481283
59.78125,1.163272357,0.907004364
62.41208333,1.243902278,0.080629921
66.00166667,1.189269483,-0.054632795
68.18,1.253137957,0.063868474
63.70708333,0.725352991,-0.527784967
44.94166667,0.294825462,-0.430527529
46.59958333,-0.034912806,-0.329738267
70.98833333,0.74358534,0.778498145
72.84166667,0.998609273,0.255023933
78.47541667,1.256933576,0.258324303
73.51666667,1.22886435,-0.028069226
65.845,1.143000114,-0.085864236
55.80541667,0.409867108,-0.733133006
33.92583333,0.267123148,-0.142743959
45.24791667,0.295522578,0.028399429
65.30916667,0.95180434,0.656281762
69.12,0.99876825,0.046963911
62.58958333,0.925865815,-0.072902436
66.06041667,0.856412191,-0.069453623
67.32958333,0.419718454,-0.436693738
61.91416667,0.269383675,-0.150334778
82.95041667,0.89423597,0.624852295
67.475,0.718013833,-0.176222137
63.04166667,0.548541879,-0.169471954
63.10416667,0.246022442,-0.302519437
49.53041667,0.035231578,-0.210790864
31.49416667,-0.380080377,-0.415311955
15.99541667,-0.904556193,-0.524475816
46.06333333,-0.213769802,0.690786391
51.76166667,-0.214756151,-0.000986349
40.35083333,-0.418568074,-0.203811923
32.77541667,-0.579953073,-0.161384999
33.25166667,-0.412976978,0.166976096
27.895,-0.829827224,-0.416850246
16.32375,-0.918355337,-0.088528113
46.28916667,-0.208945016,0.709410321
39.82708333,-0.121312693,0.087632323
37.90333333,-0.221504573,-0.10019188
32.66333333,-0.365750581,-0.144246008
33.70375,-0.456131457,-0.090380876
25.9325,-0.660460813,-0.204329356
22.91708333,-0.769329129,-0.108868316
39.01666667,-0.089978218,0.679350911
40.24708333,-0.06124959,0.028728628
14.81083333,-0.778270773,-0.717021183
32.85416667,-0.195739119,0.582531654
37.39541667,-0.228398941,-0.032659822
30.44833333,-0.692420959,-0.464022018
15.52125,-0.987282319,-0.294861359
35.77708333,-0.39429655,0.592985768
35.67208333,-0.334816511,0.059480039
18.75625,-1.208222427,-0.873405916
18.56625,-1.388340144,-0.180117716
23.38875,-0.99356383,0.394776313
14.04125,-1.152905067,-0.159341237
11.12041667,-1.337517513,-0.184612446
31.54791667,-0.686221917,0.651295596
34.34083333,-0.506190201,0.180031716
33.11625,-0.439834176,0.066356025
36.6,-0.197522303,0.242311872
36.91666667,-0.281642296,-0.084119993
17.05708333,-0.839903294,-0.558260998
13.09958333,-1.137356463,-0.297453169
27.28916667,-1.017692386,0.119664077
43.34458333,-0.313697529,0.703994857
39.44541667,-0.230644039,0.08305349
45.21041667,-0.157393754,0.073250285
47.28625,0.020130653,0.177524407
36.60666667,-0.485563836,-0.505694489
17.88875,-0.705027594,-0.219463757
43.135,-0.058774794,0.6462528
48.1875,-0.09792606,-0.039151266
49.77916667,-0.123611198,-0.025685138
43.42875,-0.191645631,-0.068034433
33.8475,-0.400399233,-0.208753603
15.17291667,-1.040132916,-0.639733683
9.034166667,-1.229829098,-0.189696183
29.53708333,-0.54845887,0.681370228
36.94583333,-0.458155099,0.090303771
34.62458333,-0.551578313,-0.093423214
25.97958333,-0.691503555,-0.139925242
25.335,-0.802071049,-0.110567495
11.88291667,-1.373096486,-0.571025437
10.49541667,-1.57032484,-0.197228354
28.83125,-0.808511412,0.761813428
30.23291667,-0.673729467,0.134781945
29.76833333,-0.743828319,-0.070098853
28.72458333,-0.758972104,-0.015143785
28.62791667,-0.685650894,0.07332121
8.620416667,-1.332552722,-0.646901828
-40.98791667,-1.466495504,-0.133942781
30.90958333,-0.755771318,0.710724186
33.59833333,-0.530253535,0.225517783
34.57958333,-0.495831163,0.034422373
38.25291667,-0.62778516,-0.131953997
30.78625,-0.775921263,-0.148136103
11.69875,-1.335443647,-0.559522385
7.977916667,-1.671495373,-0.336051726
30.80125,-0.792212812,0.879282561
33.14875,-0.558474945,0.233737866
33.18541667,-0.604636158,-0.046161212
38.02541667,-0.608286712,-0.003650555
33.40083333,-0.662747227,-0.054460515
17.39,-1.261969746,-0.599222518
15.03416667,-1.469460698,-0.207490952
34.85166667,-0.731939765,0.737520933
37.12208333,-0.591894715,0.14004505
39.84041667,-0.753446282,-0.161551567
39.88666667,-0.682364671,0.071081611
33.86,-0.700097453,-0.017732782
15.86375,-1.200104806,-0.500007353
11.1425,-1.439502388,-0.239397582
28.87083333,-0.744661856,0.694840532
33.83541667,-0.560623258,0.184038598
30.23166667,-0.567476217,-0.006852959
35.34708333,-0.622677789,-0.055201571
34.92875,-0.635485798,-0.012808009
30.85333333,-1.097021412,-0.461535615
15.06541667,-1.335692779,-0.238671367
34.33875,-0.555060777,0.780632002
40.91125,-0.442833361,0.112227416
46.08458333,-0.442051032,0.000782329
38.61,-0.439465393,0.002585639
34.26166667,-0.516234521,-0.076769129
26.96458333,-1.003163747,-0.486929225
17.91875,-1.106310091,-0.103146345
41.21541667,-0.375938461,0.73037163
46.87583333,-0.277471715,0.098466746
51.07,-0.446304626,-0.168832911
50.24208333,-0.432240755,0.014063871
42.015,-0.417199645,0.01504111
36.17708333,-0.861288432,-0.444088786
22.10291667,-1.257072735,-0.395784303
44.19,-0.899600973,0.357471762
37.605,-0.910503703,-0.01090273
32.77791667,-0.819564049,0.090939654
39.55916667,-0.774015842,0.045548207
34.56958333,-0.797620021,-0.023604179
31.06833333,-1.322719059,-0.525099038
29.71833333,-1.559822377,-0.237103318
41.76291667,-0.966715135,0.593107242
34.21666667,-0.856110143,0.110604992
35.1775,-0.977027383,-0.12091724
34.56625,-1.178550022,-0.201522639
31.50666667,-1.368017749,-0.189467727
18.68958333,-1.703851177,-0.335833428
11.42208333,-1.923118672,-0.219267496
28.34583333,-1.418547208,0.504571464
26.25166667,-1.247616838,0.17093037
26.505,-1.266653985,-0.019037147
21.08916667,-1.542179103,-0.275525118
35.68166667,-1.605809424,-0.063630321
32.14041667,-1.487891771,0.117917653
20.6925,-1.63224935,-0.144357579
46.64375,-1.163075797,0.469173553
41.01291667,-1.027223018,0.135852778
41.55791667,-0.971454973,0.055768046
45.41458333,-0.874859767,0.096595206
45.255,-0.873585324,0.001274443
30.15416667,-1.327220521,-0.453635197
26.02,-1.53530557,-0.208085049
44.83125,-0.93434031,0.60096526
49.78625,-0.798426257,0.135914053
53.47,-0.770605844,0.027820413
51.52166667,-0.684651861,0.085953983
49.18416667,-0.728520785,-0.043868924
32.90625,-1.144851025,-0.41633024
26.04333333,-1.37506658,-0.230215556
43.90208333,-0.715681828,0.659384752
49.19791667,-0.614832868,0.100848961
50.5525,-0.582858893,0.031973975
50.91333333,-0.554886252,0.027972641
49.86208333,-0.616348607,-0.061462354
38.03958333,-1.092285656,-0.475937049
29.0775,-1.310333088,-0.218047432
45.71333333,-0.74618813,0.564144958
47.59833333,-0.652989369,0.093198761
46.42333333,-0.627017603,0.025971766
48.49208333,-0.589777519,0.037240084
48.55,-0.631801284,-0.042023765
36.07666667,-1.146126331,-0.514325048
24.15458333,-1.37379055,-0.227664219
42.99666667,-0.702801054,0.670989496
43.71916667,-0.565543715,0.137257339
46.90333333,-0.708735034,-0.143191319
48.37541667,-0.494055052,0.214679982
50.54875,-0.547621584,-0.053566532
37.82083333,-1.001152925,-0.453531341
26.41,-1.315250695,-0.31409777
44.35583333,-0.692226479,0.623024216
52.35416667,-0.535341638,0.156884842
55.76625,-0.475152808,0.06018883
56,-0.470579738,0.00457307
53.44083333,-0.573095515,-0.102515777
39.6425,-1.134082456,-0.560986941
22.6925,-1.34664036,-0.212557903
43.50833333,-0.626619592,0.720020768
52.45666667,-0.472607786,0.154011806
47.71041667,-0.482320461,-0.009712675
49.17,-0.581901875,-0.099581413
50.63041667,-0.65386526,-0.071963386
37.64958333,-1.117877936,-0.464012675
33.90208333,-1.265134024,-0.147256088
54.99333333,-0.513867117,0.751266907
53.25291667,-0.362328409,0.151538707
54.66875,-0.40001977,-0.037691361
54.84375,-0.443914615,-0.043894845
54.0025,-0.161235474,0.28267914
50.56916667,-0.452468292,-0.291232818
34.48625,-0.694655452,-0.24218716
49.66666667,-0.18415221,0.510503241
55.12166667,-0.117319422,0.066832788
54.27041667,-0.118702893,-0.001383471
49.23083333,-0.185149317,-0.066446424
50.84791667,-0.142446404,0.042702913
30.56416667,-0.852724334,-0.71027793
25.76583333,-1.209189247,-0.356464912
46.01916667,-0.501562494,0.707626752
37.84208333,-0.593598603,-0.092036109
42.87875,-0.617613043,-0.02401444
44.53625,-0.421685297,0.195927746
41.46708333,-0.620089393,-0.198404097
28.19708333,-1.188942396,-0.568853002
15.29416667,-1.509828912,-0.320886517
39.15458333,-0.813726727,0.696102185
44.82875,-0.327155214,0.486571513
48.10041667,-0.051996154,0.27515906
49.92708333,0.022974594,0.074970748
32.95208333,-0.640002464,-0.662977058
28.55875,-0.944483383,-0.304480918
11.24041667,-0.977184027,-0.032700644
42.06083333,-0.160355324,0.816828702
45.26875,0.077797696,0.238153021
37.66458333,-0.121309043,-0.199106739
41.76375,0.007242281,0.128551325
46.59916667,0.052791737,0.045549455
32.335,-0.442193084,-0.494984821
24.79875,-0.670872683,-0.228679599
42.55625,-0.255116641,0.415756043
55.0275,0.427353304,0.682469945
52.48166667,0.534740296,0.107386992
52.47583333,0.627572066,0.09283177
54.71083333,0.600209974,-0.027362092
53.13333333,0.581381976,-0.018827998
46.12208333,0.424081205,-0.157300772
56.08208333,1.138136463,0.714055259
58.9475,1.152176313,0.01403985
57.04208333,1.406657945,0.254481631
60.83625,1.537548434,0.130890489
60.64625,1.555343086,0.017794652
54.56041667,0.890143727,-0.665199359
49.72833333,0.525722278,-0.364421449
58.84375,1.392261242,0.866538964
64.88791667,1.684252679,0.291991436
66.91125,1.864381902,0.180129224
65.59125,1.946717368,0.082335465
64.88958333,1.610358424,-0.336358944
54.485,0.761351816,-0.849006608
55.68708333,0.649518813,-0.111833003
62.95833333,1.333665784,0.684146971
73.13416667,1.73279845,0.399132666
71.76083333,1.651417744,-0.081380707
74.91625,1.490513514,-0.16090423
69.415,1.381094186,-0.109419327
60.51458333,1.208023037,-0.17307115
51.08458333,0.902748549,-0.305274488
61.07166667,1.824715691,0.921967142
68.41,1.914486193,0.089770502
71.40208333,1.798672774,-0.115813419
68.74333333,1.745676353,-0.052996421
73.7,1.652562328,-0.093114025
54.81708333,0.976613715,-0.675948613
55.26375,0.635513435,-0.34110028
54.6375,1.157840144,0.522326709
64.67583333,1.208383596,0.050543452
52.76166667,0.981180797,-0.227202799
53.22833333,0.883911048,-0.097269749
52.22583333,1.117366025,0.233454977
35.83083333,0.470602271,-0.646763754
16.27875,-0.136556536,-0.607158807
28.2375,0.120110364,0.256666901
11.83833333,-0.388335088,-0.508445452
22.215,-0.339787315,0.048547772
31.91833333,0.288265659,0.628052975
27.03583333,0.073097362,-0.215168298
24.34583333,0.07873401,0.005636649
28.08083333,0.13772952,0.05899551
38.67375,0.559843137,0.422113617
26.10791667,0.379947285,-0.179895853
12.92625,-0.120721546,-0.50066883
28.71125,0.309648545,0.43037009
28.3975,0.580175994,0.270527449
12.9975,0.138080998,-0.442094996
23.085,-0.069710504,-0.207791503
31.29,0.372512497,0.442223001
35.39208333,0.424742412,0.052229915
41.60416667,0.535234926,0.110492514
41.21375,0.44132521,-0.093909716
48.97333333,0.816211097,0.374885887
42.31791667,0.294000555,-0.522210542
29.97791667,0.106855542,-0.187145013
44.42958333,0.749324274,0.642468732
49.20041667,1.145315757,0.395991483
46.35625,1.150173165,0.004857408
41.8325,0.872823253,-0.277349912
38.1925,0.845051568,-0.027771685
31.62541667,0.579498477,-0.265553091
33.24875,0.532562485,-0.046935993
50.87916667,1.292360754,0.759798269
51.35583333,1.459880881,0.167520127
55.64666667,1.466499731,0.00661885
51.29083333,1.248920618,-0.217579113
51.03791667,1.333604244,0.084683627
36.12583333,0.713888165,-0.619716079
18.76833333,0.22681614,-0.487072025
40.82875,0.902270243,0.675454103
47.50583333,1.207408669,0.305138427
49.20291667,1.540448439,0.33303977
49.39291667,1.687539037,0.147090598
49.60416667,1.518246596,-0.169292442
35.24833333,0.609573209,-0.908673387
33.1975,0.576625542,-0.032947666
51.42833333,1.315826293,0.739200751
47.77125,1.198283647,-0.117542646
43.89458333,0.813014411,-0.385269236
47.93666667,0.815368844,0.002354434
35.85916667,0.569035935,-0.246332909
26.83083333,0.226861364,-0.342174572
17.45416667,0.04758714,-0.179274224
48.34291667,1.119325901,1.071738761
45.13,1.125076474,0.005750573
47.84583333,1.076621911,-0.048454563
45.40458333,0.8337491,-0.242872811
43.40125,0.833497512,-0.000251589
23.37791667,0.129880655,-0.703616857
19.79916667,0.243361705,0.11348105
43.58791667,0.974321885,0.730960181
44.85416667,1.066882563,0.092560678
45.02708333,0.926011523,-0.140871041
39.9525,0.744777994,-0.181233529
38.16958333,0.69676228,-0.048015713
34.21083333,0.387829529,-0.308932751
19.03625,-0.006831858,-0.394661386
36.2925,0.557079176,0.563911034
39.205,0.525293895,-0.031785281
43.80541667,0.863764627,0.338470732
43.19375,0.896598568,0.032833941
43.05041667,0.762063505,-0.134535063
42.01375,0.559678704,-0.202384801
31.80166667,0.2948863,-0.264792405
44.12416667,0.78141191,0.48652561
49.08208333,1.102582168,0.321170258
47.24625,1.077788075,-0.024794093
44.67833333,0.998487447,-0.079300628
41.23166667,0.908000878,-0.09048657
27.00625,0.100637097,-0.80736378
15.46208333,-0.39291841,-0.493555508
37.01875,0.428848939,0.82176735
34.48833333,0.297485062,-0.131363877
36.00625,0.217989873,-0.079495189
38.53791667,0.227557817,0.009567943
38.06958333,0.176025367,-0.051532449
18.26083333,-0.382037342,-0.558062709
14.29541667,-0.765383109,-0.383345768
39.50208333,0.092174931,0.85755804
36.48083333,0.076650258,-0.015524673
30.03541667,0.083269764,0.006619506
30.12958333,-0.005342012,-0.088611776
33.05083333,-0.119430421,-0.114088409
28.79708333,-0.597621202,-0.478190781
25.68916667,-0.592532146,0.005089056
43.35791667,0.417344941,1.009877087
44.01958333,0.629702589,0.212357648
45.21833333,0.677192205,0.047489616
47.95666667,0.822315057,0.145122852
44.10958333,0.498465984,-0.323849073
31.025,-0.336340076,-0.83480606
23.703125,-0.780939423,-0.444599347
40.03416667,-0.109633873,0.671305549
39.83666667,-0.096077921,0.013555952
40.46791667,-0.258472177,-0.162394256
36.35291667,-0.278374955,-0.019902778
38.85958333,-0.30179896,-0.023424005
31.75416667,-0.793475378,-0.491676418
22.04625,-1.081300637,-0.287825258
36.39166667,-0.457825811,0.623474826
36.55041667,-0.354355019,0.103470792
40.25625,-0.124296783,0.230058236
40.64875,-0.193686717,-0.069389935
39.69666667,-0.287853266,-0.094166549
27.255,-0.816574999,-0.528721732
14.035,-1.064827391,-0.248252393
32.4725,-0.401085077,0.663742315
35.26916667,-0.255604871,0.145480206
39.59208333,-0.176117762,0.079487109
36.08833333,-0.141196079,0.034921683
29.745,-0.261803287,-0.120607209
28.225,-0.671279042,-0.409475755
18.20458333,-0.942661464,-0.271382421
22.71875,-0.879966733,0.06269473
38.63583333,-0.267939051,0.612027682
38.33541667,-0.190574809,0.077364242
38.08833333,-0.222691704,-0.032116895
33.44958333,-0.417839551,-0.195147847
33.72916667,-0.919772739,-0.501933188
24.66166667,-1.214872739,-0.2951
41.71708333,-0.406878694,0.807994045
40.825,-0.143977902,0.262900792
35.91333333,-0.207558927,-0.063581025
21.44208333,-0.941992103,-0.734433176
29.12083333,-0.749027175,0.192964927
25.48541667,-0.924521696,-0.17549452
18.31916667,-1.041715093,-0.117193398
35.695,-0.405537606,0.636177488
34.08375,-0.47820342,-0.072665814
34.27791667,-0.591628879,-0.113425459
21.75541667,-1.299485797,-0.707856918
23.03125,-1.129251093,0.170234704
17.855,-1.247334605,-0.118083511
7.9725,-1.530338947,-0.283004342
32.25333333,-0.594716895,0.935622052
39.87166667,-0.473309105,0.12140779
34.76208333,-0.393967219,0.079341886
37.71416667,-0.435431175,-0.041463956
32.19625,-0.540264534,-0.10483336
28.98583333,-1.054387936,-0.514123402
21.61291667,-1.3212121,-0.266824164
36.89416667,-0.740459232,0.580752868
37.58208333,-0.671078499,0.069380733
37.42166667,-0.701614271,-0.030535772
35.73791667,-0.812562225,-0.110947953
38.09,-0.715951891,0.096610334
29.04583333,-1.217789627,-0.501837736
21.90333333,-1.301362922,-0.083573296
36.67083333,-0.610254972,0.691107951
37.94916667,-0.56825313,0.042001841
37.02708333,-0.46722152,0.10103161
29.62708333,-1.124372068,-0.657150548
36.82541667,-0.917915347,0.206456722
22.10541667,-1.157376461,-0.239461114
18.65541667,-1.385047391,-0.22767093
35.5975,-0.683196101,0.701851289
42,-0.574769892,0.108426209
38.29333333,-0.712044541,-0.137274648
31.82541667,-0.639809309,0.072235232
29.0625,-0.711331354,-0.071522045
22.795,-1.289804587,-0.578473234
20.64958333,-1.531530784,-0.241726196
26.0125,-1.35553356,0.175997223
33.52541667,-0.691243244,0.664290317
38.84541667,-0.589384556,0.101858688
37.87583333,-0.583217079,0.006167477
30.66125,-0.633363618,-0.050146539
22.24333333,-1.287030792,-0.653667174
15.03916667,-1.628329897,-0.341299106
29.4325,-0.892761088,0.73556881
36.84708333,-0.811754073,0.081007015
33.195,-0.782041019,0.029713054
29.81,-0.721281048,0.060759971
30.34791667,-0.780307251,-0.059026203
22.40875,-1.265455909,-0.485148657
18.93583333,-1.427247498,-0.161791589
34.58166667,-0.691756526,0.735490972
39.61291667,-0.634344909,0.057411618
36.92666667,-0.700149402,-0.065804493
40.01375,-0.642151494,0.057997908
37.01125,-0.675359403,-0.033207909
29.64333333,-1.102897085,-0.427537682
22.565,-1.468762148,-0.365865063
35.03041667,-0.724748857,0.744013291
31.96041667,-0.634247378,0.090501479
32.00833333,-0.683755055,-0.049507677
32.79291667,-0.613856243,0.069898812
29.92666667,-0.647825665,-0.033969422
19.57833333,-1.298940738,-0.651115073
15.28708333,-1.446164459,-0.147223721
28.97625,-0.710911057,0.735253403
24.65208333,-0.701043795,0.009867261
15.66791667,-0.758907643,-0.057863847
19.51791667,-0.844931282,-0.086023639
24.22166667,-0.819116454,0.025814828
15.355,-1.241353621,-0.422237167
16.71041667,-1.49316612,-0.251812499
20.63291667,-1.475716416,0.017449705
29.83291667,-0.756951299,0.718765116
31.05125,-0.613970014,0.142981285
32.08125,-0.585087959,0.028882055
32.38916667,-0.563150464,0.021937494
23.21125,-0.979629183,-0.416478719
19.57083333,-1.278264587,-0.298635404
29.59625,-0.862482775,0.415781813
31.51416667,-0.763270322,0.099212453
30.28125,-0.675405314,0.087865008
32.8525,-0.624836123,0.050569191
32.96875,-0.684749738,-0.059913615
21.71375,-1.125510068,-0.44076033
17.50375,-1.387748463,-0.262238395
25.41166667,-0.798865287,0.588883176
19.30875,-0.77880247,0.020062817
25.39041667,-0.803145433,-0.024342963
28.14166667,-0.798897876,0.004247556
22.97166667,-0.850342627,-0.051444751
18.44041667,-1.316660924,-0.466318297
15.69625,-1.602661343,-0.286000419
28.0175,-1.068407801,0.534253542
24.81958333,-0.997705987,0.070701814
19.28125,-1.061103716,-0.063397729
19.02875,-1.065997278,-0.004893562
20.99375,-1.172954393,-0.106957115
17.86541667,-1.526344338,-0.353389945
10.37166667,-1.878799336,-0.352454998
14.435,-1.415726402,0.463072933
15.04125,-1.285916962,0.129809441
15.48208333,-1.345952944,-0.060035982
16.46625,-1.399492228,-0.053539283
15.72625,-1.740213135,-0.340720907
15.94,-1.790865346,-0.050652211
9.45875,-1.93569814,-0.144832794
19.91625,-1.353614245,0.582083894
24.55958333,-1.104303281,0.249310964
30.77666667,-1.016846718,0.087456563
28.91291667,-0.967854207,0.048992511
27.3875,-1.025315776,-0.057461569
26.92166667,-1.362889562,-0.337573786
17.77125,-1.496688784,-0.133799222
35.04958333,-0.979632681,0.517056103
39.60666667,-0.945944099,0.033688583
36.50375,-0.792853004,0.153091095
34.76041667,-0.76802938,0.024823624
33.9425,-0.771644693,-0.003615312
27.68166667,-1.207942868,-0.436298176
21.67083333,-1.449748908,-0.24180604
34.43416667,-0.785673408,0.6640755
35.84833333,-0.684726895,0.100946513
32.16166667,-0.737991818,-0.053264923
33.68,-0.67663806,0.061353758
37.83791667,-0.676336696,0.000301364
31.64791667,-1.130471095,-0.454134399
28.05916667,-1.380262115,-0.24979102
38.69083333,-0.692126486,0.688135628
39.00166667,-0.573259666,0.11886682
38.37625,-0.612796933,-0.039537267
38.3425,-0.643698412,-0.030901479
37.71833333,-0.685973454,-0.042275042
30.01916667,-1.170488355,-0.4845149
25.45333333,-1.398912091,-0.228423736
39.18458333,-0.677351909,0.721560181
40.99625,-0.560541542,0.116810367
40.18833333,-0.587202605,-0.026661063
40.47333333,-0.56855057,0.018652035
42.1125,-0.591086878,-0.022536308
38.36958333,-1.098051379,-0.506964501
29.08041667,-1.421154059,-0.32310268
41.37875,-0.699453966,0.721700092
42.5725,-0.534980921,0.164473046
46.39125,-0.511205528,0.023775393
44.12041667,-0.550393468,-0.03918794
41.04708333,-0.580875323,-0.030481856
34.27,-1.137476391,-0.556601067
26.30916667,-1.378987019,-0.241510629
43.00666667,-0.662492948,0.716494072
45.83708333,-0.525353639,0.137139309
53.32458333,-0.55810001,-0.032746371
48.54291667,-0.554463806,0.003636204
51.08875,-0.628978517,-0.074514711
36.97875,-1.172396564,-0.543418047
35.01583333,-1.296671407,-0.124274843
50.61333333,-0.605225813,0.691445594
45.90166667,-0.641735612,-0.036509799
42.17708333,-0.700380081,-0.058644469
42.55875,-0.682018291,0.01836179
44.43333333,-0.488080322,0.193937969
36.61708333,-0.963757672,-0.47567735
31.86375,-1.336499991,-0.372742319
42.30416667,-0.712967156,0.623532835
46.23708333,-0.320577845,0.39238931
43.985,-0.354855982,-0.034278137
42.315,-0.548677582,-0.1938216
40.9175,-0.575481618,-0.026804036
32.11,-1.150301245,-0.574819627
21.73958333,-1.390928089,-0.240626844
38.89708333,-0.553769239,0.83715885
36.52416667,-0.727366041,-0.173596802
39.8225,-0.488849326,0.238516715
53.63666667,-0.227151088,0.261698238
44.00291667,-0.276714797,-0.049563709
37.66666667,-0.727160163,-0.450445366
31.84041667,-0.863047452,-0.135887288
43.10166667,-0.149378461,0.713668991
46.89583333,-0.089537981,0.05984048
47.04166667,-0.049851732,0.039686249
48.46666667,-0.15688057,-0.107028838
40.65,-0.243365495,-0.086484926
25.07625,-0.839955044,-0.596589549
17.56875,-1.305392504,-0.465437459
37.61833333,-0.602159539,0.703232965
50.09291667,-0.077144337,0.525015202
48.6325,0.210761054,0.287905392
51.30875,0.340604849,0.129843795
38.54625,0.037828388,-0.302776461
37.10458333,-0.393607869,-0.431436257
30.48958333,-0.378201529,0.01540634
43.00041667,-0.081242104,0.296959424
38.06208333,-0.424244995,-0.343002891
41.62958333,0.176696843,0.600941838
43.21541667,0.312635469,0.135938626
39.25666667,0.209531074,-0.103104396
32.04416667,-0.201665722,-0.411196796
26.0175,-0.365435777,-0.163770055
44.71125,0.510848419,0.876284196
47.55208333,0.6105132,0.09966478
49.045,0.766332759,0.155819559
46.86666667,0.609519354,-0.156813405
45.5675,0.418142539,-0.191376815
34.8925,-0.193656112,-0.611798651
26.01625,-0.548665363,-0.355009251
41.48,0.134333993,0.682999356
49.17916667,0.294148732,0.159814739
45.78625,0.360629046,0.066480314
48.27166667,0.37926255,0.018633504
31.09916667,0.074473708,-0.304788843
28.785,-0.206662542,-0.281136249
25.54833333,-0.232473435,-0.025810893
45.3175,0.530139294,0.762612729
52.56,0.910637462,0.380498168
57.68666667,1.134077754,0.223440292
59.835,1.396605864,0.26252811
58.70791667,1.312701438,-0.083904426
47.91125,0.770845692,-0.541855746
44.40291667,0.639306646,-0.131539046
49.41,1.305613494,0.666306848
54.67,1.582313046,0.276699552
51.35958333,1.279187392,-0.303125654
48.18083333,0.986003864,-0.293183528
47.83666667,0.804429416,-0.181574449
44.8125,0.558610265,-0.24581915
46.90541667,0.515711564,-0.042898701
53.30416667,1.066691318,0.550979754
49.84166667,1.19830803,0.131616711
45.74291667,0.93737167,-0.26093636
36.45791667,0.518056408,-0.419315262
25.945,0.384935889,-0.133120519
20.90958333,0.17899905,-0.205936839
22.08875,0.080311057,-0.098687993
27.60833333,0.685302369,0.604991313
28.06,0.435349706,-0.249952663
20.52458333,0.065791697,-0.369558009
20.63,0.018325207,-0.04746649
36.00916667,0.723273645,0.704948438
29.43333333,0.248592492,-0.474681154
33.70458333,0.569320584,0.320728093
49.39458333,1.453299162,0.883978578
46.31875,1.545030533,0.091731371
45.88541667,1.577118858,0.032088325
