21.04958333,-0.770133936,NaN
37.55166667,0.210205122,0.980339058
33.8475,-0.313260932,-0.523466054
40.02041667,1.432918964,1.746179895
43.71333333,1.537367945,0.104448981
44.41791667,1.254744429,-0.282623516
50.58583333,1.845541125,0.590796695
46.36958333,1.432613673,-0.412927452
36.91291667,-0.643605228,-2.0762189
32.70291667,-0.854573966,-0.210968738
45.30583333,1.794453275,2.649027241
53.25666667,2.008784294,0.21433102
44.13541667,1.63214899,-0.376635305
47.745,1.842353228,0.210204238
49.89958333,1.944762107,0.102408878
36.8275,0.543146481,-1.401615626
31.74416667,-0.0989555,-0.642101981
46.97583333,1.693505209,1.792460709
45.96666667,1.957469318,0.263964109
43.8875,1.783667923,-0.173801395
45.54166667,1.896206753,0.11253883
43.53333333,1.836303911,-0.059902842
40.48208333,0.712972442,-1.123331469
36.2,0.010225941,-0.702746501
48.07666667,1.755595192,1.745369252
54.065,2.022933497,0.267338304
45.89916667,1.61589414,-0.407039356
41.08916667,0.805369493,-0.810524647
49.17916667,1.648850743,0.84348125
35.89041667,0.323127282,-1.325723461
35.48666667,-0.094538702,-0.417665984
45.58083333,1.579639678,1.674178379
40.75291667,1.305785519,-0.273854159
43.61416667,1.363117109,0.05733159
47.98541667,1.762720448,0.399603339
41.62916667,1.527591264,-0.235129184
41.58416667,0.492854215,-1.034737049
37.81875,0.034935145,-0.45791907
51.61,1.805303831,1.770368686
51.34,1.976095389,0.170791558
51.40041667,1.818758912,-0.157336478
47.66333333,1.190230652,-0.628528259
46.11541667,1.326297563,0.13606691
41.39166667,0.561183458,-0.765114105
40.56291667,0.140316084,-0.420867374
51.07375,1.273736163,1.133420079
49.70708333,1.439953217,0.166217054
49.265,1.681128663,0.241175446
46.70833333,1.620134394,-0.060994269
41.57083333,1.490252388,-0.129882006
32.63916667,-0.258351513,-1.748603901
33.0125,-0.335040945,-0.076689432
37.93416667,1.224523019,1.559563964
40.86791667,1.366591983,0.142068964
38.18541667,1.466628963,0.10003698
35.64375,1.057531334,-0.409097629
37.59291667,1.112398142,0.054866808
28.4275,-0.50970946,-1.622107602
16.68958333,-1.227964005,-0.718254545
32.82541667,-0.182641268,1.045322736
41.57166667,1.214657528,1.397298796
38.56958333,1.302022834,0.087365306
42.665,1.4775613,0.175538466
41.55833333,1.400920918,-0.076640382
36.1175,-0.019118635,-1.420039553
36.57541667,-0.350330661,-0.331212026
52.02916667,1.421582055,1.771912716
53.995,1.56533672,0.143754665
50.99125,1.4904769,-0.07485982
51.01291667,1.527879586,0.037402686
43.18958333,1.221606503,-0.306273083
37.67208333,-0.531058395,-1.752664898
32.7775,-1.45866424,-0.927605845
45.40833333,0.810102641,2.268766881
48.63958333,1.309825062,0.499722421
40.73666667,1.089778312,-0.22004675
41.26875,1.181724824,0.091946512
35.67416667,0.626631619,-0.555093204
34.495,-0.729336594,-1.355968213
28.60958333,-1.169334716,-0.439998122
43.89041667,1.053201241,2.222535957
37.26,1.128781007,0.075579766
36.07208333,1.096089913,-0.032691094
35.38166667,0.974768001,-0.121321913
37.31708333,1.016510534,0.041742534
29.54791667,-0.453748846,-1.47025938
19.87520833,-1.276177348,-0.822428502
35.91875,0.780291579,2.056468927
36.895,0.887583781,0.107292201
36.16833333,0.377657525,-0.509926256
38.795,0.25665066,-0.121006865
39.18041667,-1.238424787,-1.495075447
36.99708333,-0.879115624,0.359309163
29.30208333,-1.387238028,-0.508122404
30.43583333,-1.256232536,0.131005492
49.86541667,0.512213983,1.768446519
43.8625,0.530508786,0.018294803
43.4325,0.884196954,0.353688167
43.32458333,0.619728135,-0.264468819
35.32083333,-0.473319418,-1.093047553
29.11333333,-1.27595007,-0.802630652
41.75541667,0.504644376,1.780594446
45.93083333,0.642419105,0.137774729
46.21666667,0.656471789,0.014052684
48.335,0.739738516,0.083266727
41.60666667,0.543024619,-0.196713897
40.39791667,-0.630040299,-1.173064918
36.95791667,-1.147226355,-0.517186055
45.06375,0.585660854,1.732887209
42.6225,0.593737584,0.00807673
40.415,-0.171684731,-0.765422315
42.14,0.474279968,0.645964698
44.48333333,0.823932317,0.349652349
37.45083333,-0.408003993,-1.23193631
21.70583333,-1.291630436,-0.883626442
40.16833333,0.580279744,1.87191018
41.62166667,0.618235635,0.03795589
43.98416667,0.831710287,0.213474653
41.13875,0.579669158,-0.252041129
39.61791667,0.462918712,-0.116750446
27.61791667,-0.864208399,-1.32712711
32.33333333,-1.08208001,-0.217871611
45.48666667,0.524043623,1.606123633
44.51708333,0.554042127,0.029998504
46.45416667,0.51118044,-0.042861687
46.30583333,0.153049289,-0.358131152
48.89291667,0.632067353,0.479018064
43.2225,-0.32136907,-0.953436423
39.63541667,-1.065739904,-0.744370834
50.28125,0.685153756,1.75089366
50.96,0.781275655,0.096121899
48.92625,0.446336283,-0.334939373
44.79958333,-1.231117936,-1.677454218
47.4425,-0.069248053,1.161869883
41.83333333,-0.63490597,-0.565657917
15.93958333,-1.521640348,-0.886734378
46.0725,0.226251833,1.747892181
47.61375,-0.046500416,-0.27275225
46.26833333,0.315848483,0.3623489
48.52458333,0.493072817,0.177224333
48.27,0.435020453,-0.058052364
36.91041667,-0.666927576,-1.101948029
23.57875,-1.46622903,-0.799301454
30.6275,-1.989072043,-0.522843013
43.60375,-0.376470957,1.612601085
48.74625,0.603756913,0.98022787
46.20541667,0.658871737,0.055114824
43.93916667,0.376875224,-0.281996513
34.88166667,-0.690373297,-1.06724852
17.75125,-1.638799429,-0.948426133
38.75791667,0.143618999,1.782418428
38.6225,0.38729325,0.243674252
42.74583333,0.315696878,-0.071596373
36.4175,-1.108334319,-1.424031196
44.38166667,-0.63523326,0.473101059
39.30208333,-0.836410508,-0.201177248
31.67375,-1.264853625,-0.428443118
41.02708333,-0.287508835,0.97734479
53.7025,0.58317719,0.870686025
47.42333333,0.657331965,0.074154775
48.24041667,0.626316428,-0.031015536
47.67791667,0.314619912,-0.311696516
32.92541667,-1.211662477,-1.526282389
25.43375,-1.567250841,-0.355588365
43.59958333,0.406776366,1.974027207
45.56666667,0.346690797,-0.060085568
46.59166667,0.113347608,-0.23334319
48.97458333,0.243280939,0.129933331
45.93875,0.099318309,-0.14396263
40.63541667,-1.063684747,-1.163003056
29.10375,-1.390380426,-0.326695679
45.31791667,0.201719849,1.592100274
48.155,0.485599698,0.283879849
48.77583333,0.562184554,0.076584857
53.205,0.426416865,-0.135767689
45.97875,0.334062838,-0.092354027
41.6575,-0.895643466,-1.229706304
38.19291667,-1.571264496,-0.67562103
50.98791667,0.281361854,1.85262635
46.92458333,0.548680631,0.267318777
51.16833333,0.399958317,-0.148722314
53.56875,0.61410134,0.214143023
51.62625,0.628705682,0.014604342
43.15791667,-0.571406046,-1.200111729
36.67666667,-1.302183413,-0.730777367
50.40791667,0.327600693,1.629784106
47.21,0.267297294,-0.060303399
49.335,0.356884743,0.089587449
52.22875,0.442445789,0.085561046
54.18875,0.50318649,0.060740701
46.82416667,-0.437311651,-0.940498141
38.73708333,-1.026904557,-0.589592905
52.64875,0.586714437,1.613618993
53.29375,0.612837543,0.026123106
50.96333333,0.595231943,-0.017605599
49.08708333,0.306040486,-0.289191457
48.99,0.407187804,0.101147317
45.06666667,-0.6359218,-1.043109604
34.965,-1.499133917,-0.863212117
48.21791667,0.298549731,1.797683647
50.12916667,0.45771185,0.159162119
48.80833333,0.677420032,0.219708183
48.92416667,0.728891268,0.051471236
46.93541667,0.576790151,-0.152101117
40.26916667,-0.891457545,-1.468247696
24.79416667,-1.776568678,-0.885111133
45.10625,0.140625872,1.91719455
45.26375,0.338144743,0.197518871
42.88125,0.334088906,-0.004055837
44.045,0.020551006,-0.3135379
39.27291667,-0.063621038,-0.084172044
37.10666667,-1.025822482,-0.962201443
27.755,-1.565964005,-0.540141524
40.74833333,0.180994049,1.746958054
41.38291667,0.204230833,0.023236785
39.20583333,0.133275323,-0.07095551
38.50791667,0.427248623,0.2939733
40.56291667,0.323913297,-0.103335326
32.64791667,-0.870341822,-1.194255119
25.96875,-1.511789346,-0.641447524
40.2525,0.165592548,1.677381894
42.90958333,0.411503497,0.245910948
42.52916667,0.441336486,0.029832989
43.97333333,0.527896263,0.086559777
44.76833333,0.387584505,-0.140311758
40.49916667,-0.766314573,-1.153899078
29.00958333,-1.683539506,-0.917224934
41.37666667,0.318058954,2.001598461
41.35375,0.281206546,-0.036852409
39.57166667,0.10415638,-0.177050166
41.03583333,0.16082265,0.05666627
44.80958333,0.336379979,0.175557329
37.43875,-0.832094028,-1.168474007
29.87333333,-1.455521213,-0.623427185
44.58583333,0.56366162,2.019182833
38.85666667,-0.350103085,-0.913764704
41.3375,-0.294865717,0.055237367
49.10041667,0.501962277,0.796827994
52.33875,0.54737988,0.045417604
43.535,-0.841291558,-1.388671438
27.78958333,-1.484553604,-0.643262046
42.19916667,0.30667125,1.791224855
47.78375,0.486417944,0.179746694
44.82333333,0.59526461,0.108846665
47.05125,0.693249017,0.097984408
48.03708333,0.718930052,0.025681034
45.36041667,-0.492897108,-1.211827159
39.74875,-1.282530296,-0.789633188
43.40958333,0.23858554,1.521115835
39.3875,0.250943038,0.012357499
41.9975,0.475595254,0.224652216
43.98875,0.801230872,0.325635617
48.42916667,0.597286132,-0.20394474
40.30833333,-0.474204034,-1.071490165
33.905,-1.01717346,-0.542969427
50.85708333,0.758432641,1.775606101
45.7375,0.307681883,-0.450750758
43.88916667,0.129567217,-0.178114666
46.27208333,0.113506485,-0.016060732
44.765,0.210590976,0.09708449
41.72916667,-0.743088974,-0.95367995
33.85541667,-1.229569399,-0.486480425
42.19125,0.374350053,1.603919452
48.3525,0.77387276,0.399522707
50.6,0.897150506,0.123277746
50.78208333,0.824192084,-0.072958422
47.92416667,0.826458093,0.002266009
45.08666667,-0.115063105,-0.941521198
45.71458333,-0.854761417,-0.739698312
54.60208333,0.966421901,1.821183318
53.4725,0.892860209,-0.073561692
56.26916667,1.112264306,0.219404098
57.25458333,1.047007283,-0.065257023
55.23833333,0.868362916,-0.178644367
44.84833333,-0.389951017,-1.258313933
42.06958333,-1.853735958,-1.463784942
43.38,0.190850695,2.044586653
52.08083333,0.76045444,0.569603745
50.015,0.882099216,0.121644776
54.8125,1.030293126,0.14819391
48.37958333,0.66872125,-0.361571875
45.14166667,-0.64757491,-1.316296161
40.18458333,-1.069328351,-0.421753441
53.1275,0.65118492,1.720513271
56.17125,0.97288516,0.32170024
55.68375,1.051980919,0.079095759
56.38583333,0.990775776,-0.061205143
59.6625,1.099112829,0.108337053
48.95708333,-0.261883418,-1.360996247
47.65625,-0.78335276,-0.521469342
58.07541667,0.866238229,1.649590989
55.49958333,0.570188095,-0.296050134
53.58708333,0.55850818,-0.011679915
53.31208333,0.260983434,-0.297524746
53.97166667,0.410582292,0.149598858
46.61125,-0.35054871,-0.761131001
33.24541667,-1.452287532,-1.101738823
54.58875,0.974518651,2.426806183
55.25541667,1.209737306,0.235218656
51.95375,0.866167839,-0.343569467
52.39375,0.849824025,-0.016343814
50.615,0.835638728,-0.014185297
42.76166667,-0.17849082,-1.014129548
43.96708333,-0.533639042,-0.355148222
48.28375,0.285161823,0.818800864
48.04125,1.254287919,0.969126097
44.75833333,0.373639716,-0.880648204
45.3575,0.206272191,-0.167367525
44.49791667,0.298362338,0.092090148
45.04541667,-0.046688349,-0.345050688
44.70875,-0.193176147,-0.146487797
54.40333333,1.463373473,1.65654962
49.28208333,1.621043327,0.157669854
51.21416667,1.708744591,0.087701265
41.80375,0.803914125,-0.904830466
37.745,-0.290910245,-1.09482437
35.54166667,-0.501857573,-0.210947328
26.87833333,-1.028586579,-0.526729006
47.56875,1.484935076,2.513521656
52.12208333,1.683199978,0.198264902
53.16166667,1.512521424,-0.170678554
53.36791667,1.798218583,0.285697159
53.5775,1.736459571,-0.061759012
47.1925,0.650534836,-1.085924735
42.51875,-0.210428385,-0.860963221
50.48625,1.090957295,1.30138568
51.8725,1.144512776,0.053555482
55.545,1.532680443,0.388167666
60.94458333,1.977358137,0.444677694
60.01791667,2.036358109,0.058999972
48.86541667,0.899871991,-1.136486118
45.66875,0.021690856,-0.878181135
56.42291667,1.539002721,1.517311866
58.98416667,1.774097862,0.23509514
51.68833333,0.994812608,-0.779285254
63.91833333,1.825426073,0.830613465
70.93958333,2.081031844,0.255605771
50.75916667,0.51003845,-1.570993394
47.57666667,-0.3818226,-0.89186105
70.15416667,1.87131028,2.25313288
69.47208333,2.162642852,0.291332572
59.3775,2.076183766,-0.086459086
51.67958333,1.402810898,-0.673372867
58.04333333,1.686089131,0.283278233
31.11666667,-0.77797634,-2.464065471
33.31375,-0.592837648,0.185138691
63.67166667,1.804536338,2.397373987
67.0625,1.882358937,0.077822599
72.06375,1.92413386,0.041774923
61.00708333,1.59514041,-0.32899345
66.95,2.025419933,0.430279523
59.02708333,0.989202046,-1.036217888
47.3725,0.399529529,-0.589672517
65.05291667,1.653154627,1.253625098
66.68583333,1.95888442,0.305729793
56.63291667,1.539785507,-0.419098912
52.80208333,1.19326452,-0.346520988
36.50875,-1.265400427,-2.458664947
37.37291667,-0.852268852,0.413131575
46.13125,-0.659337932,0.19293092
56.45333333,0.716448308,1.37578624
55.51083333,0.796730288,0.080281981
55.4725,0.889318464,0.092588175
52.51458333,0.933568868,0.044250404
45.62166667,-0.579440301,-1.513009169
20.78125,-0.656926252,-0.07748595
43.16125,-0.113222456,0.543703795
59.85958333,1.889721927,2.002944383
57.63791667,1.868054806,-0.02166712
55.07625,1.692344233,-0.175710574
47.28208333,0.781733753,-0.910610479
52.23083333,1.329357466,0.547623712
35.21125,-0.267663451,-1.597020917
35.89041667,-0.458348041,-0.190684591
48.9,1.587366915,2.045714957
56.77208333,1.681412882,0.094045966
49.47541667,1.374363747,-0.307049135
47.50625,1.580402027,0.20603828
45.585,1.009297495,-0.571104532
41.295,-0.24253417,-1.251831664
32.64916667,-0.81474552,-0.57221135
48.19166667,1.366424625,2.181170145
52.93583333,1.761373839,0.394949214
57.13958333,1.886134818,0.124760979
56.595,1.924910837,0.03877602
57.285,1.962004689,0.037093852
53.84083333,0.846802007,-1.115202682
48.04916667,0.038943072,-0.807858935
58.16708333,1.766911026,1.727967955
53.97875,1.330275646,-0.436635381
58.985,1.879087882,0.548812236
58.265,1.878477596,-0.000610286
57.57833333,1.725263025,-0.15321457
51.99041667,0.602583606,-1.12267942
49.82708333,0.096084413,-0.506499193
61.75916667,1.720430305,1.624345892
58.81666667,1.786563451,0.066133146
55.55083333,1.57043984,-0.216123611
51.43333333,1.053439103,-0.517000737
34.06375,-0.109890965,-1.163330068
23.05583333,-1.519494358,-1.409603393
33.83375,-1.239397338,0.28009702
42.0275,0.174276189,1.413673526
50.14,0.90277709,0.728500902
55.31708333,1.559542237,0.656765147
54.0475,1.438729294,-0.120812943
53.68958333,1.271322713,-0.167406581
49.73708333,0.08858127,-1.182741444
42.01958333,-0.524010097,-0.612591366
47.25083333,0.509186872,1.033196969
55.32708333,0.957601671,0.448414799
54.75833333,1.427356683,0.469755012
56.58125,1.514267054,0.086910372
57.41833333,1.647752562,0.133485508
50.00041667,0.242465372,-1.405287191
46.41666667,-0.45818162,-0.700646992
58.70541667,1.306500766,1.764682387
58.77375,1.598753838,0.292253072
59.18,1.553667986,-0.045085852
58.31166667,1.499395563,-0.054272423
56.31333333,1.279336762,-0.220058801
50.86958333,0.053175334,-1.226161428
50.29625,-0.329115804,-0.382291139
60.14625,1.407209775,1.736325579
58.25375,1.283557996,-0.123651778
55.93125,1.13863637,-0.144921627
59.12166667,1.269737832,0.131101462
59.80958333,1.255980856,-0.013756976
48.41208333,-0.255715777,-1.511696632
46.67458333,-0.609284425,-0.353568648
56.57833333,0.578265706,1.187550131
53.01916667,0.763881051,0.185615345
54.69666667,0.57737186,-0.186509191
50.28541667,0.16830249,-0.40906937
54.40583333,0.377746294,0.209443804
53.29916667,0.015288639,-0.362457655
50.57166667,-0.573321671,-0.58861031
59.21333333,1.255832889,1.829154559
53.82916667,0.664196074,-0.591636814
52.98916667,0.183296926,-0.480899148
56.03916667,1.079937106,0.89664018
60.28208333,1.158058647,0.078121542
49.62791667,-0.140498084,-1.298556731
47.48083333,-0.581534342,-0.441036258
56.04416667,0.913606038,1.49514038
55.68541667,0.908938286,-0.004667752
56.02,0.872324997,-0.036613289
55.03166667,0.605852886,-0.266472111
54.95208333,0.819351211,0.213498325
54.91666667,-0.062429683,-0.881780894
49.00145833,-0.939436233,-0.87700655
57.5225,0.778567322,1.718003555
56.65958333,0.763608516,-0.014958806
58.27333333,0.93186417,0.168255654
53.58708333,0.54353237,-0.3883318
54.685,0.243045828,-0.300486542
52.01458333,-0.613485588,-0.856531417
46.37583333,-1.093464276,-0.479978688
58.49291667,0.616530913,1.709995189
55.2125,0.372403497,-0.244127416
55.32708333,0.207850926,-0.164552571
55.22291667,-0.391795467,-0.599646394
51.82166667,-0.589178076,-0.197382609
43.84458333,-1.188460308,-0.599282231
33.46875,-1.320054113,-0.131593805
56.56541667,0.509290026,1.829344139
53.15333333,-0.348822145,-0.858112171
55.95791667,-0.344744822,0.004077323
60.69416667,0.844807468,1.189552289
58.60833333,0.776697575,-0.068109893
54.2825,-0.339559965,-1.11625754
49.70333333,-1.143788706,-0.804228741
59.5575,0.506152263,1.649940969
56.4575,0.499626,-0.006526263
57.29916667,0.524042295,0.024416295
56.87125,0.475734116,-0.048308179
51.43208333,-1.697802099,-2.173536215
47.27083333,-1.51486603,0.18293607
33.96708333,-1.923863695,-0.408997666
27.95125,-1.673968479,0.249895217
53.00458333,0.099633542,1.77360202
56.22791667,0.578903026,0.479269484
55.31291667,0.350364279,-0.228538747
52.63416667,-0.281282653,-0.631646932
43.99625,-1.654837784,-1.373555131
31.26541667,-2.263763227,-0.608925443
54.38458333,-0.102806642,2.160956585
61.21,0.445118113,0.547924755
59.81041667,0.514171658,0.069053545
62.30458333,0.460972643,-0.053199015
56.98791667,0.321272891,-0.139699752
51.91166667,-1.096285304,-1.417558195
45.87916667,-2.094009583,-0.997724279
60.56916667,-0.198416024,1.895593559
63.31541667,0.537586086,0.73600211
65.12041667,0.566550537,0.028964452
68.29875,0.591797887,0.02524735
60.08291667,0.102252047,-0.489545841
53.50916667,-0.67190992,-0.774161966
49.76666667,-1.68950195,-1.01759203
56.29625,-0.007728774,1.681773176
62.35166667,0.221751802,0.229480576
61.34833333,0.43552873,0.213776927
62.15375,0.510985157,0.075456427
66.87541667,0.464914914,-0.046070242
53.68833333,-0.748357098,-1.213272013
48.25833333,-1.618671177,-0.870314079
61.46916667,-0.041675386,1.576995791
56.36291667,-0.099821751,-0.058146365
63.015,-0.055609198,0.044212554
55.48708333,0.022315466,0.077924664
57.77375,-0.309496148,-0.331811614
51.46125,-0.964093512,-0.654597365
42.91333333,-1.930471098,-0.966377585
59.93625,0.091682647,2.022153744
57.96708333,0.372138881,0.280456234
60.05833333,0.258284784,-0.113854097
50.91333333,-1.701983398,-1.960268182
53.55416667,-0.716987861,0.984995537
50.74,-0.900552814,-0.183564953
48.68666667,-1.556137959,-0.655585146
60.39708333,0.345233296,1.901371256
62.29375,0.531601793,0.186368497
60.90791667,0.48071272,-0.050889073
55.76875,0.065914447,-0.414798273
58.86666667,0.38195463,0.316040183
52.94791667,-0.826990998,-1.208945629
50.36708333,-1.435399422,-0.608408424
52.145,-1.417724593,0.017674829
59.89291667,0.029738997,1.44746359
63.24125,0.569951011,0.540212014
59.50583333,0.511329939,-0.058621072
55.94791667,0.112437653,-0.398892286
50.36125,-1.11979831,-1.232235963
13.62916667,-2.611380736,-1.491582427
45.6675,-0.243003456,2.36837728
56.12083333,0.3992541,0.642257556
53.9425,0.44138988,0.04213578
45.34208333,-1.14469999,-1.58608987
50.32708333,-0.538744945,0.605955045
46.22958333,-0.838640664,-0.299895719
43.01875,-1.396191736,-0.557551072
54.42208333,0.046928104,1.44311984
50.40041667,0.153216682,0.106288578
51.97458333,0.246516863,0.093300181
51.19625,0.034747853,-0.21176901
50.90791667,0.011138915,-0.023608937
43.04375,-1.593103661,-1.604242577
30.24291667,-2.149792637,-0.556688975
53.29541667,0.235851696,2.385644333
54.69125,0.516846826,0.28099513
53.53666667,0.352970108,-0.163876718
55.28875,0.491365897,0.138395788
52.06041667,0.403539691,-0.087826206
49.62833333,-0.792091357,-1.195631047
44.36083333,-1.281862264,-0.489770908
56.15333333,0.362497865,1.64436013
51.0475,0.400979686,0.038481821
50.63375,0.394058401,-0.006921285
48.40125,0.021977052,-0.372081348
48.13791667,-0.248101883,-0.270078935
42.8475,-0.897447081,-0.649345199
35.42583333,-1.462694189,-0.565247108
43.63791667,-0.258828044,1.203866146
51.92041667,0.410074683,0.668902727
50.62333333,0.664941393,0.25486671
51.10791667,0.310693815,-0.354247578
48.23208333,-0.273364971,-0.584058786
27.65666667,-1.466526839,-1.193161868
19.82125,-1.825286143,-0.358759304
44.82625,0.100722298,1.926008441
49.76625,0.367256117,0.266533819
49.97333333,0.268064639,-0.099191478
49.72458333,0.31465143,0.046586792
48.91875,-0.059479371,-0.374130801
42.33208333,-1.315090082,-1.255610711
40.10375,-1.600558326,-0.285468244
49.88708333,0.130126532,1.730684858
48.6425,0.014302093,-0.115824439
47.5975,0.190022395,0.175720302
49.68708333,0.29057233,0.100549935
48.00625,0.249110077,-0.041462253
45.19,-0.813494185,-1.062604262
27.61,-1.728418663,-0.914924478
44.6625,-0.421399562,1.307019101
35.66916667,-0.84649581,-0.425096248
40.76416667,-0.325773474,0.520722335
42.57791667,-0.249264658,0.076508816
48.40583333,0.157567447,0.406832105
47.61625,-0.722739622,-0.880307069
43.3675,-1.362970153,-0.640230531
46.62375,0.336393251,1.699363404
51.1775,0.429843582,0.093450331
51.23208333,0.310328694,-0.119514888
52.16083333,0.350432373,0.040103679
51.14041667,-0.04603905,-0.396471423
48.35,-0.986572628,-0.940533578
45.49666667,-1.376126861,-0.389554233
57.50208333,0.324610524,1.700737385
54.69291667,0.239875084,-0.08473544
58.75125,0.534726065,0.294850981
63.74333333,0.693841847,0.159115781
53.4025,0.333346943,-0.360494904
48.4925,-0.722731071,-1.056078014
41.06833333,-1.758378954,-1.035647883
49.82083333,-0.238493656,1.519885298
56.91833333,0.366448795,0.604942452
55.50208333,0.517945457,0.151496662
59.01333333,0.685075527,0.16713007
56.90333333,0.477560317,-0.20751521
50.88125,-0.656770045,-1.134330363
45.33583333,-1.141303672,-0.484533627
53.88375,0.739561709,1.880865381
46.23458333,-0.108921993,-0.848483701
43.94041667,-0.215461354,-0.106539362
50.33125,0.147941047,0.363402402
61.0325,0.838185503,0.690244456
49.55291667,-0.354462257,-1.19264776
39.215,-0.996932621,-0.642470365
48.935,0.093769779,1.0907024
48.06916667,0.042435438,-0.05133434
50.65541667,-0.026755258,-0.069190696
56.44666667,0.445700456,0.472455714
58.08166667,0.694138594,0.248438137
52.70083333,-0.332601818,-1.026740412
45.63458333,-0.801938932,-0.469337114
61.26708333,0.861059663,1.662998595
57.97333333,0.847479762,-0.013579901
55.79083333,0.770146913,-0.077332849
52.00291667,0.692664238,-0.077482675
55.96791667,0.901130164,0.208465926
48.33583333,-0.287461156,-1.18859132
43.30958333,-1.028253841,-0.740792685
54.295,0.764924022,1.793177863
60.21791667,1.114036103,0.349112081
58.42375,1.007389935,-0.106646168
57.24666667,1.008191433,0.000801498
57.6,0.786967979,-0.221223454
50.22666667,-0.306945043,-1.093913021
41.58916667,-0.941129665,-0.634184622
48.63333333,-1.198826855,-0.25769719
51.91125,0.349423935,1.548250791
54.36125,0.752095175,0.40267124
46.24291667,0.01189124,-0.740203934
50.80041667,0.287038938,0.275147697
49.73375,-0.874615136,-1.161654074
44.30416667,-1.023567575,-0.148952438
50.97541667,0.096600482,1.120168057
53.15416667,-0.023488806,-0.120089288
54.38833333,0.815537872,0.839026678
57.63333333,0.927117016,0.111579144
54.64541667,0.922351288,-0.004765728
47.71083333,-0.267141163,-1.189492451
43.57791667,-1.014369528,-0.747228365
57.68416667,0.780243729,1.794613257
49.59375,0.407290157,-0.372953572
55.3625,0.689152493,0.281862336
62.41291667,0.914670957,0.225518464
55.48833333,0.953276631,0.038605674
48.67416667,-0.261562325,-1.214838956
41.26208333,-1.031515946,-0.769953622
49.28208333,0.152700201,1.184216148
54.31583333,0.352583692,0.199883491
59.45833333,1.207590641,0.855006949
60.07416667,1.16604078,-0.041549861
56.74875,1.139841462,-0.026199318
50.66708333,0.109465316,-1.030376146
45.94333333,-0.604847607,-0.714312923
55.34291667,0.957255542,1.562103149
47.36708333,0.155243382,-0.80201216
58.61166667,1.337712604,1.182469222
52.67083333,1.132374475,-0.205338129
55.98041667,1.143106202,0.010731728
47.63291667,0.085942776,-1.057163427
46.08125,-0.508127037,-0.594069812
56.3,1.15893865,1.667065687
56.86583333,1.253744984,0.094806334
59.41333333,1.454539487,0.200794503
58.95291667,1.368424191,-0.086115296
50.91458333,0.872051923,-0.496372268
49.20083333,0.19300875,-0.679043173
45.64875,-0.184770638,-0.377779387
62.43291667,1.659242884,1.844013522
62.12916667,1.735076551,0.075833667
61.77791667,1.570800116,-0.164276436
63.21458333,1.690683066,0.119882951
61.95333333,1.785621589,0.094938522
51.84125,0.57018078,-1.215440808
49.13,0.027606728,-0.542574052
64.22375,1.557034656,1.529427928
63.89,1.84680004,0.289765383
65.26666667,1.876441265,0.029641225
61.06666667,1.710314931,-0.166126333
55.70958333,1.153835898,-0.556479033
45.93208333,-0.289510035,-1.443345933
33.91958333,-1.806408634,-1.5168986
58.99041667,1.203553807,3.009962441
55.97416667,1.380015007,0.1764612
57.66833333,1.369505183,-0.010509824
52.76083333,1.201036565,-0.168468619
53.01625,1.32813244,0.127095876
46.31875,-0.581501764,-1.909634204
36.75166667,-1.029560141,-0.448058378
46.0475,0.76148184,1.791041981
49.59375,0.944542806,0.183060965
48.95208333,1.017920116,0.07337731
46.41333333,0.629312121,-0.388607995
42.58625,0.05947315,-0.569838971
46.13166667,-0.01496757,-0.07444072
45.38833333,-0.154953546,-0.139985976
49.83875,1.389087142,1.544040687
45.63875,0.489179779,-0.899907363
45.98083333,0.709968558,0.220788779
45.99416667,1.018457871,0.308489313
48.12666667,1.694913576,0.676455706
33.20375,-0.363289629,-2.058203206
34.1525,-0.823639654,-0.460350025
48.89291667,1.057433026,1.881072681
47.53958333,1.229527501,0.172094474
49.82791667,1.460484682,0.230957182
49.65166667,1.432862789,-0.027621893
46.4875,0.811719618,-0.621143171
28.155,-1.060719842,-1.87243946
15.68666667,-1.509325793,-0.448605951
27.6675,-1.464701669,0.044624124
42.66708333,-0.256463113,1.208238556
44.32708333,0.025048175,0.281511287
33.82291667,-1.066665499,-1.091713674
39.00875,-0.434958163,0.631707337
39.18833333,-0.237009718,0.197948444
18.18958333,-1.115604966,-0.878595247
33.81875,1.006432096,2.122037062
35.02625,0.182023601,-0.824408495
32.16333333,-0.106720201,-0.288743802
20.35,-0.173340769,-0.066620568
36.25708333,0.265093285,0.438434054
32.57583333,-0.255961693,-0.521054978
26.82833333,-0.663617726,-0.407656033
47.90833333,1.581103971,2.244721697
45.77333333,1.451709496,-0.129394475
47.83333333,1.343808252,-0.107901245
43.10375,0.191675933,-1.152132319
36.69291667,0.274966592,0.083290659
40.06083333,0.118125672,-0.15684092
41.58208333,0.036456098,-0.081669574
49.50875,1.772903802,1.736447704
50.01833333,1.910934204,0.138030403
45.37208333,1.543119184,-0.36781502
45.15833333,1.329795189,-0.213323995
42.73375,0.897906448,-0.431888741
37.60541667,-0.347070775,-1.244977223
13.6575,-1.487630191,-1.140559416
44.00833333,1.467449089,2.95507928
49.35083333,1.892134315,0.424685226
47.15833333,1.834924432,-0.057209884
45.1825,1.094865834,-0.740058597
48.75583333,1.676903679,0.582037844
45.33916667,0.769619953,-0.907283726
41.4975,-0.064909961,-0.834529914
44.30875,1.065978334,1.130888295
48.72125,1.238700535,0.172722202
51.21,1.385052207,0.146351672
62.33833333,1.813408523,0.428356316
63.81333333,1.937940788,0.124532265
51.37833333,0.845283884,-1.092656904
44.33,0.037531183,-0.807752701
78.94666667,1.768826314,1.73129513
78.12208333,2.043171274,0.27434496
98.9825,1.904038675,-0.139132599
76.48708333,1.800680637,-0.103358038
82.4775,1.743075551,-0.057605085
53.19291667,0.70293199,-1.040143562
42.4975,0.049836119,-0.653095871
84.42666667,1.874644392,1.824808273
63.87333333,1.598505764,-0.276138628
35.97708333,0.256207666,-1.342298098
54.8875,1.443646579,1.187438913
48.06791667,1.217692367,-0.225954212
42.09541667,-0.141909548,-1.359601915
28.74541667,-1.173280168,-1.03137062
50.6375,0.645426541,1.818706709
43.61958333,0.382718691,-0.26270785
43.79416667,0.511877281,0.12915859
41.02583333,0.496907688,-0.014969593
44.78083333,0.153416267,-0.343491421
40.29958333,-0.740389301,-0.893805569
42.76666667,-0.523622582,0.216766719
47.25791667,1.404604802,1.928227384
47.42041667,1.19059879,-0.214006012
49.325,1.41796114,0.22736235
47.44791667,1.28228649,-0.13567465
49.03625,1.309566252,0.027279762
39.38416667,-0.195020481,-1.504586733
37.46625,-0.435344383,-0.240323902
44.54625,0.94749803,1.382842412
48.5525,1.191721692,0.244223662
43.24541667,1.002561417,-0.189160275
45.89541667,0.834925522,-0.167635895
47.73666667,1.068007172,0.23308165
41.73541667,-0.314917858,-1.38292503
31.68333333,-0.944150399,-0.629232541
45.05333333,0.693310539,1.637460938
47.90166667,1.017826698,0.324516159
46.73541667,1.144603899,0.126777201
47.47083333,1.02882492,-0.115778979
43.68083333,0.69574863,-0.33307629
40.22041667,-0.430917878,-1.126666508
34.39875,-0.851045603,-0.420127725
46.02041667,0.809828738,1.660874341
43.43708333,0.729076483,-0.080752256
45.5625,0.926384478,0.197307995
45.34666667,0.841217645,-0.085166833
41.74708333,0.799254215,-0.04196343
38.63,-0.257419921,-1.056674136
25.25791667,-1.122125191,-0.86470527
41.60333333,0.53334641,1.655471601
39.40333333,0.44866885,-0.08467756
39.25625,0.139491561,-0.309177289
31.61541667,-0.468184872,-0.607676433
35.55833333,-0.278549739,0.189635134
19.23791667,-1.458276469,-1.17972673
24.10333333,-1.597810015,-0.139533547
43.54333333,0.249351405,1.847161421
50.55083333,0.94367489,0.694323484
47.77,0.755637112,-0.188037778
50.02208333,0.98589823,0.230261118
41.77291667,-0.969234308,-1.955132538
39.45125,-0.998821104,-0.029586796
35.19916667,-1.294881581,-0.296060477
21.86,-1.529397055,-0.234515474
40.67083333,-0.048820377,1.480576678
53.85625,1.050727015,1.099547392
52.95916667,0.800629915,-0.2500971
56.67708333,0.757673186,-0.042956729
45.09,-0.447018353,-1.204691539
34.36875,-1.196588588,-0.749570235
45.2625,0.187688984,1.384277572
51.49541667,0.482958882,0.295269898
50.8775,0.422983681,-0.059975201
50.39875,0.297929682,-0.125053999
53.86666667,0.597168974,0.299239293
42.16333333,-0.747267083,-1.344436058
37.77666667,-1.359859938,-0.612592855
51.39458333,0.277577076,1.637437014
51.21333333,0.67523558,0.397658504
44.1,0.191414737,-0.483820843
41.62958333,0.03076746,-0.160647278
46.90083333,-0.056165891,-0.08693335
37.21541667,-0.939501836,-0.883335946
22.46458333,-1.639870542,-0.700368706
42.3025,-0.383142755,1.256727788
23.77541667,-1.738132471,-1.354989717
48.17583333,-0.051670176,1.686462295
50.28833333,0.507952366,0.559622543
42.92541667,0.128776049,-0.379176317
36.7675,-0.726820273,-0.855596322
32.68,-1.287924822,-0.561104549
47.38208333,0.465588948,1.753513769
40.33541667,0.126175999,-0.339412949
48.67416667,0.462691686,0.336515688
43.11916667,-0.034311269,-0.497002955
38.83333333,-0.546427166,-0.512115897
35.37666667,-1.611126778,-1.064699612
31.19541667,-1.638329483,-0.027202705
44.67,-0.227874446,1.410455036
49.18791667,0.164885179,0.392759625
40.87166667,-0.275371588,-0.440256767
30.40541667,-2.063966479,-1.78859489
35.49333333,-0.815841456,1.248125023
36.52375,-1.11701266,-0.301171204
25.05875,-1.925241415,-0.808228754
39.05,-0.095903097,1.829338318
46.11625,0.213858236,0.309761333
43.47041667,0.007890698,-0.205967538
43.1725,-0.3431836,-0.351074298
38.6825,-0.341272926,0.001910674
29.89333333,-1.268637557,-0.927364631
20.45666667,-1.630660493,-0.362022935
25.63041667,-1.884234383,-0.253573891
41.11666667,-0.532949879,1.351284505
46.0775,0.178735854,0.711685732
48.92041667,0.28128809,0.102552236
38.14625,-0.585604376,-0.866892466
30.255,-1.375230127,-0.789625752
30.94625,-1.333026489,0.042203639
46.50958333,0.289497709,1.622524197
41.7475,0.055399908,-0.234097801
48.50125,0.335848423,0.280448515
37.48333333,-0.908589928,-1.244438351
38.0325,-0.735788279,0.172801649
23.03916667,-1.635768247,-0.899979968
24.36833333,-1.636059593,-0.000291346
45.5675,0.28355996,1.919619553
48.8625,0.339490775,0.055930814
48.02583333,0.351780025,0.01228925
47.88583333,0.321397448,-0.030382577
39.73083333,0.099297579,-0.222099868
27.94833333,-1.277161931,-1.37645951
22.00291667,-2.081479029,-0.804317098
38.24,-0.157198914,1.924280115
47.58208333,0.222806285,0.380005198
50.89166667,0.376476808,0.153670523
48.60791667,0.211438411,-0.165038397
39.22291667,-0.445502767,-0.656941178
32.14291667,-1.32099577,-0.875493003
18.585,-1.867232727,-0.546236956
32.25125,-0.873834725,0.993398002
37.4525,-0.472696522,0.401138203
48.96666667,0.354122649,0.82681917
47.53333333,0.298162732,-0.055959917
46.51625,0.100738765,-0.197423966
37.175,-0.994461009,-1.095199774
25.08791667,-1.703068082,-0.708607073
44.47125,0.274236532,1.977304614
49.63041667,0.476709544,0.202473012
47.36791667,0.270394899,-0.206314644
46.29416667,0.212896238,-0.057498661
48.52708333,0.301592989,0.088696751
39.75333333,-0.999903059,-1.301496048
24.68291667,-1.652353455,-0.652450396
40.78708333,-0.473470821,1.178882634
47.715,0.050483913,0.523954734
45.2975,0.034507512,-0.015976401
39.6475,-0.303715175,-0.338222687
46.03625,0.300829787,0.604544962
31.71791667,-1.428929554,-1.729759341
26.18958333,-1.785937746,-0.357008192
38.41541667,-0.312960712,1.472977034
44.49291667,-0.060980989,0.251979723
43.81416667,0.158155762,0.219136751
40.25166667,-0.400994576,-0.559150338
45.46416667,-0.016390602,0.384603974
38.38583333,-0.994644549,-0.978253947
28.08875,-1.631062643,-0.636418094
42.72916667,-0.565236977,1.065825666
45.54083333,-0.311271497,0.253965479
49.35833333,-0.145678442,0.165593055
49.57666667,-0.056882695,0.088795747
48.63083333,-0.177859955,-0.12097726
38.67,-1.121489638,-0.943629683
30.6475,-1.77614903,-0.654659392
39.86958333,-0.427218446,1.348930584
44.46166667,-0.070544929,0.356673517
41.48791667,-0.300591763,-0.230046834
42.58666667,-0.110453934,0.190137829
46.7425,-0.09302997,0.017423964
40.15958333,-1.204124341,-1.111094371
35.98875,-1.688526096,-0.484401754
43.6725,-0.132589126,1.55593697
38.11541667,-0.562030037,-0.429440911
44.22208333,-0.085719642,0.476310395
47.12166667,0.002703998,0.08842364
44.85333333,-0.109159181,-0.111863179
41.02583333,-1.201805974,-1.092646793
26.46833333,-2.186891681,-0.985085706
45.16291667,-0.284777663,1.902114018
47.91583333,-0.144774875,0.140002788
41.47916667,-0.28776754,-0.142992665
51.44625,0.223001101,0.510768641
51.78208333,0.074897559,-0.148103542
40.49916667,-1.193191221,-1.26808878
36.74958333,-1.812173605,-0.618982384
49.92541667,0.093656355,1.90582996
61.02583333,0.450957944,0.357301589
49.38083333,0.001150999,-0.449806945
53.28583333,0.137680596,0.136529598
51.32916667,0.471759368,0.334078772
42.65125,-1.136341537,-1.608100905
24.80333333,-2.204779255,-1.068437718
47.88166667,-0.210285353,1.994493901
49.445,0.249330884,0.459616237
52.23083333,0.350055739,0.100724856
52.52041667,0.598466225,0.248410486
49.85625,0.396713207,-0.201753019
43.82041667,-0.649735372,-1.046448579
34.27666667,-1.429881789,-0.780146417
50.81,0.457653167,1.887534956
49.09875,0.449874448,-0.007778719
49.62166667,0.431236324,-0.018638124
50.07333333,0.327105097,-0.104131227
45.40416667,-0.026998405,-0.354103502
46.98916667,-0.852594634,-0.825596229
38.56375,-1.524047237,-0.671452604
51.28958333,0.352901716,1.876948954
53.52416667,0.622201145,0.269299428
55.865,0.86590124,0.243700096
52.7425,0.858006218,-0.007895022
33.32708333,-0.176629364,-1.034635582
38.27208333,-0.661642146,-0.485012781
33.68791667,-1.404716462,-0.743074316
50.12666667,0.458221459,1.862937921
53.19166667,0.533849826,0.075628367
51.57125,0.566271772,0.032421946
50.43708333,0.620591393,0.054319621
48.85125,0.668477343,0.047885949
38.44583333,-0.62137462,-1.289851963
33.13208333,-0.978061619,-0.356686999
39.37833333,0.16509182,1.143153439
44.41833333,0.547131369,0.382039549
49.885,0.880808278,0.333676909
47.66125,0.536718756,-0.344089521
43.36291667,0.479804254,-0.056914503
34.70416667,-0.563285053,-1.043089306
27.62166667,-1.277694952,-0.714409899
50.92958333,0.719566038,1.99726099
47.47375,0.839185678,0.11961964
29.75125,-1.502704209,-2.341889887
47.77291667,0.37250281,1.875207019
40.58125,0.536616959,0.164114149
38.84375,-0.397295605,-0.933912564
33.11875,-1.055573675,-0.65827807
41.12333333,0.460971932,1.516545607
44.89875,0.613827607,0.152855675
51.54958333,0.935099097,0.32127149
52.68583333,0.837529915,-0.097569182
46.94541667,0.680779702,-0.156750213
36.97625,-0.580228398,-1.2610081
30.27375,-1.182335027,-0.602106629
43.51541667,0.956715784,2.139050811
42.45,0.4167703,-0.539945485
42.07,0.679955723,0.263185424
41.00708333,0.474658024,-0.2052977
44.76166667,0.523597692,0.048939668
38.11416667,-0.436210394,-0.959808086
37.2025,-1.050523596,-0.614313202
49.21208333,0.780920703,1.831444299
51.08666667,1.086350053,0.305429349
54.83041667,1.25215362,0.165803568
50.12791667,1.027720324,-0.224433297
51.46583333,1.165725332,0.138005009
39.56666667,0.178865252,-0.98686008
37.50854167,-0.610016116,-0.788881368
42.635,-1.097218969,-0.487202853
55.51958333,1.407862481,2.505081451
48.04083333,0.79858382,-0.609278661
33.14208333,0.055678866,-0.742904954
35.00791667,0.016293747,-0.039385119
35.47625,-0.256279565,-0.272573312
28.44625,-0.576584805,-0.320305241
43.11166667,1.191900096,1.768484901
43.59166667,1.165508477,-0.026391618
35.45708333,0.666288095,-0.499220383
39.81125,0.685301139,0.019013044
51.02291667,1.208071935,0.522770796
39.50708333,0.159353565,-1.04871837
34.71833333,-0.279330743,-0.438684308
52.555,1.426318369,1.705649112
52.04833333,1.49356942,0.067251051
50.88666667,1.538003109,0.044433689
55.54583333,1.638242884,0.100239774
52.08875,1.696453942,0.058211058
40.94083333,0.293595036,-1.402858906
42.60666667,-0.073795983,-0.367391019
54.26125,1.540957845,1.614753827
52.2,1.58132753,0.040369685
50.395,1.522745802,-0.058581728
48.80375,1.510795208,-0.011950593
47.34208333,1.333966568,-0.17682864
41.61333333,0.52202842,-0.811938148
19.9125,-1.218651378,-1.740679799
44.22416667,1.152848389,2.371499768
55.49208333,1.778474814,0.625626425
52.94666667,1.912608327,0.134133513
52.73583333,1.382397726,-0.530210601
57.68583333,1.666012497,0.28361477
46.00833333,0.702348933,-0.963663563
41.1075,0.055025054,-0.647323879
51.2625,1.651655648,1.596630594
47.38333333,1.611608305,-0.040047343
54.85833333,1.741752863,0.130144558
53.89666667,1.717426727,-0.024326136
52.90125,1.530867229,-0.186559498
50.11833333,0.896215285,-0.634651944
35.07875,-0.500144194,-1.396359479
52.95458333,1.409809421,1.909953615
60.32416667,1.855398243,0.445588822
72.06875,2.090592585,0.235194342
65.44125,2.042873589,-0.047718996
49.34958333,1.305273629,-0.73759996
33.87916667,0.265185336,-1.040088293
33.24083333,-0.087557626,-0.352742962
53.27625,1.418412165,1.505969791
55.24,1.672576261,0.254164096
52.9675,1.653547961,-0.0190283
46.7275,1.123274296,-0.530273665
38.15416667,0.918203727,-0.205070569
37.36083333,0.007724204,-0.910479523
16.16375,-0.940852881,-0.948577085
16.60333333,-0.892059976,0.048792904
-56.87,-1.270339146,-0.378279169
-45.76791667,-1.527696805,-0.25735766
20.445,-0.553113219,0.974583587
31.29791667,-0.16591001,0.387203208
16.67791667,-0.968309585,-0.802399574
10.36583333,-2.002972785,-1.0346632
8.395416667,-1.904382266,0.098590519
17.92541667,-1.27019367,0.634188595
38.23541667,-0.337077668,0.933116002
33.7725,-0.310942085,0.026135583
32.12333333,-0.437944422,-0.127002338
33.0275,0.038828484,0.476772906
29.01083333,-0.481563017,-0.5203915
52.39625,1.445085062,1.926648079
53.14583333,1.525252847,0.080167785
51.97375,1.431573606,-0.093679241
50.03166667,1.338135653,-0.093437954
52.8025,1.416624276,0.078488623
44.51708333,0.643158058,-0.773466218
38.80875,0.067862684,-0.575295374
52.04708333,1.725300115,1.657437431
55.8525,1.916788766,0.191488651
54.96375,1.979067168,0.062278402
53.43666667,2.001083956,0.022016788
50.99458333,1.672897241,-0.328186715
39.43708333,0.284863259,-1.388033982
34.67083333,-0.387292776,-0.672156036
47.59041667,1.101893725,1.489186501
53.95583333,1.730651903,0.628758178
59.7425,2.001927041,0.271275137
59.2475,2.00300819,0.001081149
52.25875,1.817159503,-0.185848687
36.84333333,0.440766664,-1.376392839
31.11958333,-0.500706641,-0.941473305
44.90291667,0.939415631,1.440122273
32.26791667,0.396610632,-0.542804999
29.35208333,-0.180403759,-0.577014391
26.05875,-0.599846886,-0.419443126
34.9775,0.626036775,1.225883661
35.52625,-0.029798718,-0.655835493
28.80125,-0.766894953,-0.737096235
32.35208333,-0.117424438,0.649470515
32.3175,0.306781953,0.424206391
46.83,1.471245476,1.164463523
50.87375,1.445205387,-0.026040089
49.43708333,1.413137792,-0.032067595
40.71791667,0.479369146,-0.933768646
35.03291667,-0.224584606,-0.703953752
40.96375,0.377279685,0.601864291
49.46208333,1.363033971,0.985754286
52.68416667,1.677112024,0.314078054
46.66458333,1.310969302,-0.366142722
50.95875,1.47435324,0.163383938
41.2925,0.484407966,-0.989945275
38.43625,-0.06616114,-0.550569106
53.53208333,1.147620188,1.213781329
48.54916667,1.170910793,0.023290605
46.19291667,1.261435358,0.090524565
52.84583333,1.38889621,0.127460852
47.95083333,1.188104583,-0.200791627
37.31791667,0.007586339,-1.180518244
33.74833333,-0.675368276,-0.682954615
52.6825,1.099098983,1.774467259
55.49125,1.411412395,0.312313413
59.665,1.459526518,0.048114122
53.95916667,1.207011642,-0.252514876
51.045,0.917752386,-0.289259255
42.28541667,-0.224375464,-1.14212785
38.35166667,-0.769526548,-0.545151084
48.90125,0.840914858,1.610441406
41.58958333,0.852184796,0.011269938
49.00375,0.974130525,0.121945728
41.455,0.791631594,-0.182498931
36.23625,0.084287052,-0.707344541
30.44541667,-0.910968338,-0.99525539
18.57166667,-1.490570023,-0.579601685
37.86958333,0.500185651,1.990755674
46.52666667,1.004117866,0.503932214
55.33666667,1.370722216,0.36660435
53.34041667,1.336404227,-0.034317988
44.31333333,0.931617576,-0.404786652
27.885,-0.895718685,-1.827336261
10.83208333,-1.611082555,-0.71536387
36.58583333,0.129545772,1.740628326
43.70625,0.788566484,0.659020713
50.3575,0.981342989,0.192776504
55.5675,1.050365101,0.069022113
38.94041667,0.04819778,-1.002167321
21.17125,-1.652340686,-1.700538466
12.69541667,-2.126577053,-0.474236367
34.34208333,-0.393742667,1.732834385
38.60833333,0.275437789,0.669180456
47.0325,0.471374406,0.195936618
49.26916667,0.372373282,-0.099001124
38.74,-0.623038189,-0.995411471
38.9575,-0.252289876,0.370748313
32.21395833,-0.936999361,-0.684709485
24.89458333,-1.198025228,-0.261025867
49.05125,0.261187429,1.459212656
40.06958333,0.228192009,-0.03299542
48.11125,0.249897545,0.021705536
53.4525,0.381176849,0.131279304
41.55583333,-0.287212621,-0.66838947
40.34375,-0.967027081,-0.67981446
58.41375,0.501025308,1.468052389
55.97208333,0.334775998,-0.166249311
57.26583333,0.499888135,0.165112137
55.38625,0.568317208,0.068429074
43.57833333,0.0866391,-0.481678108
28.38333333,-1.296118678,-1.382757779
16.10791667,-1.67239187,-0.376273192
39.84791667,-0.496883935,1.175507935
43.93666667,0.056449904,0.55333384
38.26333333,-0.08040707,-0.136856975
27.3475,-0.917450898,-0.837043827
31.22916667,-0.411736449,0.505714449
28.17958333,-1.016226658,-0.60449021
16.39458333,-1.696617584,-0.680390926
40.70625,-0.128964269,1.567653315
32.57625,-0.468301683,-0.339337414
37.69041667,-0.237057717,0.231243966
32.66333333,-0.108174099,0.128883617
34.12916667,-0.284004636,-0.175830537
26.21791667,-0.980555884,-0.696551247
23.36916667,-1.37262192,-0.392066036
35.59416667,-0.619119118,0.753502802
36.79916667,-0.074768568,0.54435055
14.19625,-1.669067617,-1.594299049
32.9775,-0.273712013,1.395355604
35.13625,-0.131283081,0.142428932
30.48875,-1.122928661,-0.99164558
18.14041667,-1.709988278,-0.587059617
39.875,-0.229642409,1.480345869
35.71875,-0.023357714,0.206284695
33.12125,-0.395962325,-0.372604611
24.08458333,-1.692977632,-1.297015307
31.575,-0.870530157,0.822447475
19.53458333,-1.213579132,-0.343048975
11.49166667,-1.949126818,-0.735547686
33.9025,-0.275247125,1.673879693
34.97583333,-0.258794699,0.016452426
32.93375,-0.546209489,-0.28741479
35.72708333,-0.057435528,0.488773961
36.5575,-0.108636464,-0.051200936
23.60666667,-1.403728986,-1.295092523
14.24166667,-1.977693967,-0.57396498
27.97041667,-1.838498305,0.139195662
43.01333333,-0.256732068,1.581766238
34.24583333,-0.476821581,-0.220089513
45.58791667,-0.034032733,0.442788847
47.03833333,-0.002522969,0.031509765
32.51291667,-1.320039083,-1.317516115
21.07541667,-1.653889828,-0.333850745
43.475,-0.019819741,1.634070087
42.19916667,-0.133101854,-0.113282113
49.80041667,0.148071168,0.281173022
36.53041667,-0.602603271,-0.750674438
32.22041667,-1.04123752,-0.438634249
29.43625,-1.658640427,-0.617402907
9.264583333,-2.731078315,-1.072437888
31.07416667,-0.496480876,2.234597439
39.00166667,-0.332029517,0.164451359
37.68625,-0.162885116,0.169144401
35.98791667,-0.25928762,-0.096402504
33.80958333,-0.190181368,0.069106253
26.37541667,-1.362580419,-1.172399051
14.42416667,-1.801675548,-0.439095129
30.26541667,-0.055923518,1.74575203
31.82083333,0.079153592,0.13507711
31.12916667,-0.010396046,-0.089549638
29.08041667,-0.334011992,-0.323615946
29.16208333,-0.619145653,-0.28513366
15.44041667,-1.569066716,-0.949921064
-3.32625,-2.242134885,-0.673068168
37.04541667,-0.37768467,1.864450215
33.41916667,-0.199414788,0.178269883
34.49166667,-0.182010479,0.017404309
37.64083333,0.059985225,0.241995704
30.34458333,-0.538715105,-0.59870033
15.92333333,-1.46348218,-0.924767075
11.82458333,-2.154670628,-0.691188448
33.5225,-0.261447682,1.893222946
34.04916667,-0.203620466,0.057827216
29.69916667,-0.879848121,-0.676227656
38.00458333,-0.354596321,0.5252518
33.58833333,-0.341754454,0.012841867
27.95583333,-1.113042752,-0.771288298
16.53875,-1.915555471,-0.802512719
31.6925,-0.7234024,1.192153072
37.59375,-0.343443568,0.379958832
40.41291667,-0.071559436,0.271884132
41.2,-0.057738984,0.013820452
34.40625,-0.309399568,-0.251660584
26.23833333,-1.43949713,-1.130097562
18.55791667,-2.032926043,-0.593428913
33.03916667,-0.717324561,1.315601482
36.58583333,-0.492170947,0.225153614
33.06208333,-0.658684339,-0.166513392
37.10291667,-0.560761263,0.097923076
35.13791667,-0.644559208,-0.083797945
31.93708333,-1.505771371,-0.861212164
20.29666667,-2.372469401,-0.866698029
38.2675,-0.832586536,1.539882865
41.72416667,-0.638814808,0.193771727
46.85541667,-0.49477962,0.144035188
44.19041667,-0.491125335,0.003654284
37.02583333,-0.962336038,-0.471210703
31.62041667,-1.560516103,-0.598180065
25.86375,-2.111985211,-0.551469108
42.46458333,-0.676585988,1.435399223
46.87833333,-0.430339422,0.246246566
51.02416667,-0.299973921,0.130365501
50.51208333,-0.270423232,0.029550689
43.00458333,-0.453795492,-0.18337226
33.22833333,-1.383673668,-0.929878176
22.50875,-1.903369154,-0.519695486
45.58958333,-0.298717293,1.60465186
37.19541667,-0.917611304,-0.61889401
33.91041667,-0.864558962,0.053052342
39.85916667,-0.622850272,0.24170869
36.68375,-0.780685834,-0.157835562
30.91083333,-1.507342403,-0.726656569
30.51666667,-1.746529299,-0.239186896
43.74916667,-0.558059716,1.188469582
36.9975,-0.281705038,0.276354679
39.40208333,-0.226898364,0.054806674
37.7675,-0.214068515,0.012829849
39.94083333,-0.306729029,-0.092660514
29.22708333,-1.396806678,-1.090077649
18.39541667,-1.992852991,-0.596046313
36.70083333,-0.738808695,1.254044296
36.75041667,-0.657184306,0.081624389
32.86875,-0.695576409,-0.038392103
32.76541667,-0.85286468,-0.157288271
36.575,-1.070742408,-0.217877727
32.05458333,-1.416901034,-0.346158626
23.23541667,-1.94467399,-0.527772956
56.135,-0.229285378,1.715388611
43.26708333,-0.275370928,-0.046085549
44.30666667,-0.310659855,-0.035288927
47.15041667,-0.32806801,-0.017408155
45.94333333,-0.378261207,-0.050193197
30.3025,-1.656102271,-1.277841064
26.02,-1.873180129,-0.217077858
44.05791667,-0.555025581,1.318154548
50.0225,-0.119517952,0.435507629
52.69833333,-0.052676146,0.066841806
53.09208333,-0.161684644,-0.109008498
45.20458333,-0.309883544,-0.1481989
32.65041667,-1.313032342,-1.003148798
27.3575,-2.079566161,-0.766533819
32.85541667,-1.196321247,0.883244914
49.115,-0.368959549,0.827361698
53.06708333,-0.13355957,0.235399979
46.04583333,-0.305694555,-0.172134984
39.43083333,-0.592679834,-0.28698528
37.31458333,-1.199496911,-0.606817077
30.2375,-1.569870566,-0.370373654
47.00416667,-0.106736161,1.463134405
47.88583333,0.055786938,0.162523099
48.23166667,0.089170154,0.033383216
50.28916667,0.211849354,0.122679199
48.64916667,0.032990867,-0.178858487
35.42791667,-0.850678249,-0.883669115
27.35791667,-1.513187985,-0.662509736
41.22208333,-0.420909358,1.092278627
36.45875,-0.422846235,-0.001936877
46.95791667,0.247045633,0.669891868
47.49916667,-0.021229691,-0.268275325
50.24166667,0.08214368,0.103373371
36.2025,-0.936989416,-1.019133096
26.2825,-1.693687772,-0.756698355
39.69541667,-0.495335646,1.198352126
51.56708333,0.018325683,0.513661329
54.95541667,0.171866306,0.153540623
54.33333333,0.309564161,0.137697855
52.53291667,0.066757826,-0.242806335
37.1775,-1.052335567,-1.119093393
19.17791667,-1.959104628,-0.906769061
36.78958333,-0.67395467,1.285149957
48.40125,-0.227110998,0.446843672
37.18458333,-0.542376413,-0.315265415
28.54708333,-2.131483386,-1.589106973
38.41541667,-1.182310314,0.949173072
35.75708333,-0.683377273,0.498933041
33.49333333,-1.055619384,-0.372242111
54.99875,0.187829566,1.24344895
52.14625,0.35297318,0.165143614
52.81666667,0.387396999,0.034423819
53.82,0.502582512,0.115185513
40.84,0.0910868,-0.411495712
35.35833333,-0.867637559,-0.958724359
31.14041667,-1.12530802,-0.257670461
43.675,0.160123016,1.285431036
49.29916667,0.503120692,0.342997676
50.29083333,0.5703458,0.067225108
31.57208333,0.057165609,-0.513180191
37.13333333,0.109027758,0.051862149
28.57875,-0.943528991,-1.052556749
24.40875,-1.263402098,-0.319873107
44.49833333,0.028161272,1.29156337
37.78958333,0.083802791,0.055641518
32.80375,0.14619565,0.062392859
40.30208333,0.231840637,0.085644987
39.31666667,0.168280563,-0.063560073
28.99291667,-1.291424866,-1.459705429
11.89125,-2.255759322,-0.964334456
19.89833333,-1.40758346,0.848175861
30.50166667,-0.442148394,0.965435066
38.76416667,0.044909587,0.487057981
36.55041667,-0.424541553,-0.46945114
32.6175,-1.200066984,-0.775525431
28.85625,-0.987732487,0.212334497
11.32,-2.043163018,-1.055430531
28.34958333,-0.286063214,1.757099804
35.95125,-0.015854203,0.270209012
32.02833333,0.090639577,0.106493779
35.28291667,0.281857415,0.191217838
46.01166667,0.753284755,0.47142734
23.95875,-1.022635981,-1.775920736
22.59541667,-0.891776683,0.130859297
40.66083333,0.716689617,1.6084663
47.15,0.710969859,-0.005719758
47.48333333,0.9764899,0.265520041
48.85541667,0.881353936,-0.095135964
47.33125,1.026302382,0.144948446
35.0325,-0.151112114,-1.177414496
36.27041667,-0.562841038,-0.411728924
44.88,0.831133214,1.393974252
52.44,1.079096711,0.247963497
49.53375,1.174129179,0.095032469
53.91333333,1.129752445,-0.044376734
48.94375,0.89316792,-0.236584525
42.95625,-0.036296185,-0.929464105
30.03166667,-0.80910118,-0.772804996
45.60166667,0.845276428,1.654377608
54.38958333,1.220362139,0.375085711
44.275,0.908531877,-0.311830261
39.11,0.732176977,-0.1763549
37.38583333,0.360295141,-0.371881836
33.25125,-0.310149597,-0.670444738
28.03791667,-0.827781135,-0.517631537
57.46833333,1.101123294,1.928904428
55.12875,1.180581566,0.079458272
47.87916667,0.886000531,-0.294581035
34.31916667,-0.434863217,-1.320863748
30.785,-1.09703645,-0.662173232
32.47916667,-0.784514367,0.312522083
32.29041667,-1.164791258,-0.380276891
38.7075,-0.008446445,1.156344813
62.0175,1.133340134,1.141786579
62.8875,1.251104368,0.117764234
61.91041667,1.194462114,-0.056642255
62.65375,1.080487311,-0.113974803
36.78458333,-0.070585738,-1.151073049
23.63625,-1.102080326,-1.031494588
36.67583333,0.418871883,1.520952209
53.21291667,1.149753739,0.730881856
46.19625,1.075904237,-0.073849501
34.46875,0.762227634,-0.313676603
37.46333333,0.852917278,0.090689643
24.41208333,-1.007455855,-1.860373133
3.636666667,-1.720371975,-0.712916119
24.285,-0.357441621,1.362930354
-6.28,-2.327071008,-1.969629388
23.70416667,-1.057621862,1.269449146
33.70458333,-0.6261397,0.431482161
23.085,-1.129711534,-0.503571833
22.65166667,-0.846680623,0.283030911
27.76791667,-1.052470601,-0.205789979
30.26833333,-0.873264505,0.179206096
25.98125,-0.815157769,0.058106736
17.37875,-0.773551602,0.041606167
27.92583333,-0.497336154,0.276215448
27.70666667,-0.249972528,0.247363626
25.36708333,-0.666616231,-0.416643703
24.54875,-0.493730173,0.172886058
22.16625,-0.035343891,0.458386282
27.51666667,0.220875893,0.256219784
33.48791667,0.539160577,0.318284684
31.13041667,0.208485139,-0.330675438
28.31208333,-0.205163661,-0.4136488
29.66125,-0.442230511,-0.23706685
19.59166667,-1.064972194,-0.622741682
41.94458333,1.027913375,2.092885569
49.35208333,1.384534103,0.356620728
45.68875,1.251068987,-0.133465116
40.75125,0.832269369,-0.418799618
39.58125,0.996925511,0.164656142
31.86916667,-0.236499669,-1.23342518
24.69208333,-1.424373877,-1.187874208
48.51791667,0.891695721,2.316069599
49.5075,1.436642386,0.544946664
52.68291667,1.232190916,-0.20445147
48.00958333,0.92835976,-0.303831156
50.20625,1.000200308,0.071840549
35.32166667,-0.201523704,-1.201724012
27.78041667,-0.952796748,-0.751273044
38.94291667,0.593268944,1.546065692
43.2025,0.673861068,0.080592123
39.66375,0.579625002,-0.094236066
43.74666667,0.877532428,0.297907426
45.85166667,1.052721158,0.17518873
30.36041667,-0.392123724,-1.444844882
27.62666667,-0.422501768,-0.030378045
46.77458333,1.02253555,1.445037318
43.85166667,1.187322348,0.164786798
35.97666667,0.868104788,-0.31921756
35.88458333,0.478749626,-0.389355163
28.84666667,-0.522886328,-1.001635953
27.68375,-1.191365463,-0.668479135
18.65208333,-2.047002305,-0.855636843
40.73166667,0.562055624,2.609057929
38.50166667,0.44432531,-0.117730314
34.31833333,0.420443288,-0.023882022
32.94541667,0.16601991,-0.254423378
34.49833333,0.021583843,-0.144436066
17.26875,-1.831711285,-1.853295129
14.715,-2.132752953,-0.301041668
38.85875,0.585702141,2.718455094
40.74583333,0.815711422,0.230009282
43.93625,0.941348127,0.125636704
34.93458333,0.451080593,-0.490267534
34.56,0.469542633,0.01846204
28.35625,-0.825220002,-1.294762635
20.89625,-1.34973066,-0.524510658
30.53958333,-0.001910907,1.347819753
34.55875,0.390756339,0.392667246
41.34041667,0.903731116,0.512974777
41.72458333,0.690964655,-0.212766462
41.35041667,0.654992219,-0.035972435
33.575,-0.391144592,-1.046136811
29.10916667,-0.923098201,-0.531953609
38.00333333,-0.110143166,0.812955035
46.83083333,0.71690825,0.827051416
42.68625,0.880052447,0.163144196
39.92208333,0.796709578,-0.083342869
33.43208333,0.132097874,-0.664611703
27.81916667,-0.854219413,-0.986317287
18.32166667,-1.51053106,-0.656311647
34.51458333,0.188588859,1.699119919
33.24666667,0.275494737,0.086905878
35.84791667,0.416518417,0.14102368
38.49958333,0.392413189,-0.024105227
34.94791667,-0.002394295,-0.394807484
14.05041667,-2.435634046,-2.433239751
-4.1275,-3.123262143,-0.687628097
26.72041667,-1.202779065,1.920483078
32.41,-0.245208686,0.957570379
25.00583333,-1.109456297,-0.864247611
26.40791667,-0.714581129,0.394875168
27.65708333,-0.685996686,0.028584442
29.57416667,-0.952669404,-0.266672718
26.49708333,-1.232585628,-0.279916224
37.33625,0.302519625,1.535105253
38.58916667,0.387787871,0.085268246
35.85333333,0.169300117,-0.218487753
33.16166667,-0.297461697,-0.466761814
35.42083333,-0.074262597,0.223199099
29.32041667,-1.096756864,-1.022494267
25.13291667,-1.555819991,-0.459063126
36.56208333,-0.075904558,1.479915432
40.00333333,0.134704384,0.210608942
38.65333333,-0.079006668,-0.213711052
35.00791667,-0.059898891,0.019107777
32.94208333,-0.786975068,-0.727076177
30.96833333,-1.134613329,-0.347638261
25.4375,-1.425964221,-0.291350893
37.19166667,-0.38790596,1.038058261
27.36125,-0.955288779,-0.567382818
28.3825,-1.245221231,-0.289932453
40.15,-0.021100018,1.224121213
40.01625,-0.136048264,-0.114948246
27.75291667,-1.115213495,-0.979165231
13.25333333,-2.261294556,-1.146081061
23.90041667,-1.662583244,0.598711312
28.25083333,-0.832436913,0.83014633
34.97125,-0.132912515,0.699524399
33.17833333,-0.790795495,-0.65788298
28.51125,-1.651471336,-0.860675841
26.39125,-1.671843116,-0.02037178
15.16208333,-2.399853311,-0.728010195
21.68166667,-2.038652037,0.361201273
36.68625,-0.271757714,1.766894323
36.86541667,-0.106968517,0.164789197
37.00625,-0.160511482,-0.053542965
33.00208333,-0.519490022,-0.35897854
32.10666667,-1.147196052,-0.62770603
25.295,-1.516326509,-0.369130457
41.01916667,-0.102000329,1.414326179
40.19291667,0.174210845,0.276211174
36.15125,-0.095266483,-0.269477328
22.88166667,-1.497992025,-1.402725542
29.25666667,-1.221342593,0.276649432
28.24583333,-1.137378045,0.083964548
17.84666667,-1.968596286,-0.831218242
36.20166667,-0.316020599,1.652575687
32.35166667,-0.270275288,0.045745311
34.33875,-0.3311788,-0.060903511
31.33708333,-0.398363462,-0.067184662
28.47583333,-0.864273847,-0.465910386
21.97583333,-1.846625968,-0.982352121
-2.159583333,-3.081803913,-1.235177945
28.97083333,-1.151759995,1.930043919
39.88875,-0.309365267,0.842394727
32.365,-0.596596494,-0.287231227
37.6825,-0.083001916,0.513594578
32.355,-0.360052971,-0.277051055
29.04875,-1.098967308,-0.738914337
24.77083333,-1.555513829,-0.456546521
40.28416667,-0.328070986,1.227442844
40.1975,-0.331086168,-0.003015182
38.55875,-0.315743826,0.015342341
33.44875,-0.418077317,-0.102333491
39.85083333,-0.012818786,0.405258532
29.345,-1.269287045,-1.25646826
22.4825,-1.909897031,-0.640609985
36.20375,-0.36518081,1.544716221
37.45,-0.150305901,0.214874908
36.96083333,-0.468121049,-0.317815148
29.095,-1.560866244,-1.092745195
36.59208333,-1.030232407,0.530633837
23.09041667,-1.619158485,-0.588926078
20.39791667,-1.82962577,-0.210467285
37.03458333,-0.260397743,1.569228028
42.50333333,-0.104457708,0.155940035
38.80041667,-0.187587342,-0.083129634
32.30416667,-0.38737756,-0.199790218
31.19291667,-0.679202714,-0.291825154
26.90666667,-1.520339262,-0.841136549
21.75791667,-2.110274798,-0.589935535
25.97958333,-2.026454261,0.083820537
33.42333333,-0.430862517,1.595591744
39.05041667,-0.087096741,0.343765776
37.87583333,-0.172120217,-0.085023476
30.66125,-0.578046212,-0.405925995
24.21791667,-1.519212883,-0.941166671
18.50291667,-1.873533276,-0.354320393
32.38916667,-0.374212118,1.499321158
38.72041667,-0.152512292,0.221699826
34.95583333,-0.403625021,-0.251112728
25.56166667,-1.49151584,-1.087890819
28.88625,-1.624076248,-0.132560408
23.275,-1.931174414,-0.307098166
18.19291667,-2.487501966,-0.556327552
34.52791667,-0.696146605,1.791355362
39.68,-0.414378635,0.28176797
37.88708333,-0.264571197,0.149807437
39.72666667,-0.260236833,0.004334364
37.14666667,-0.35044165,-0.090204817
31.395,-1.275443311,-0.925001661
28.00291667,-1.636701701,-0.361258391
34.70583333,-0.697511872,0.939189829
34.30166667,-0.510275613,0.187236259
34.745,-0.481572195,0.028703418
33.16375,-0.622739817,-0.141167622
31.89833333,-0.574594319,0.048145499
28.1125,-1.398611051,-0.824016732
22.53166667,-2.034121149,-0.635510097
33.73583333,-0.318989596,1.715131553
34.01958333,-0.132066066,0.18692353
32.17583333,-0.03757163,0.094494436
31.61166667,-0.312145733,-0.274574104
31.45958333,-0.603742057,-0.291596324
29.46208333,-1.382182215,-0.778440158
24.48333333,-1.867872385,-0.485690169
31.93916667,-0.845672601,1.022199784
33.35083333,-0.519277053,0.326395548
35.58666667,-0.355785635,0.163491417
36.27166667,-0.423159303,-0.067373668
35.93541667,-0.664287029,-0.241127726
28.83708333,-1.694923711,-1.030636682
21.99958333,-2.024629904,-0.329706193
33.91375,-0.72007178,1.304558124
33.71541667,-0.592413437,0.127658342
32.3525,-0.725735893,-0.133322455
34.27791667,-0.515494289,0.210241604
34.345,-0.56310424,-0.047609951
31.47291667,-1.371292675,-0.808188435
27.22541667,-1.903994562,-0.532701887
36.00458333,-0.447082002,1.45691256
34.41958333,-0.382955898,0.064126104
32.73375,-0.535545312,-0.152589414
32.15708333,-0.596099544,-0.060554232
32.59458333,-0.600480143,-0.004380599
20.8275,-1.552857948,-0.952377805
17.67791667,-1.813853975,-0.260996027
33.34958333,-0.573616394,1.240237581
33.59166667,-0.388200752,0.185415642
31.00291667,-0.463332217,-0.075131464
32.25458333,-0.323563568,0.139768649
31.85416667,-0.580381743,-0.256818176
21.63083333,-1.502418591,-0.922036847
13.40833333,-1.979307074,-0.476888483
23.39416667,-1.237812964,0.74149411
30.94833333,-0.968879335,0.268933629
35.60916667,-0.336395234,0.632484101
30.31125,-0.790378248,-0.453983014
29.52291667,-0.767126363,0.023251885
20.19916667,-1.599694084,-0.832567721
-2.401666667,-2.725815163,-1.126121079
21.57541667,-1.907188575,0.818626588
29.97958333,-0.720572201,1.186616374
31.02708333,-0.57877932,0.141792881
33.1975,-0.394635065,0.184144255
31.7425,-0.750830142,-0.356195076
28.46958333,-1.501426405,-0.750596264
18.2325,-2.171489135,-0.670062729
35.98208333,-0.30943227,1.862056865
40.26958333,0.085827848,0.395260118
37.50625,-0.121997934,-0.207825782
35.99125,-0.205482511,-0.083484577
34.94875,-0.187705067,0.017777444
27.59333333,-1.196437874,-1.008732808
23.53708333,-1.509697346,-0.313259472
33.60625,-0.049331358,1.460365988
34.97166667,0.016961839,0.066293197
31.45666667,-0.157262039,-0.174223878
31.09958333,-0.316326753,-0.159064714
35.42166667,-0.236268261,0.080058492
31.27583333,-1.106518158,-0.870249897
27.79125,-1.511834001,-0.405315843
36.07625,-0.226904393,1.284929608
38.30583333,-0.048349218,0.178555175
37.6125,-0.014364762,0.033984457
38.50958333,0.099424669,0.113789431
37.46916667,-0.525731481,-0.62515615
30.01916667,-1.030618932,-0.504887451
25.86041667,-1.521193644,-0.490574712
37.00458333,-0.190357439,1.330836205
38.02208333,-0.115119915,0.075237524
33.60541667,-0.27945049,-0.164330575
36.33625,-0.079208994,0.200241496
41.15333333,0.015309147,0.094518141
37.21916667,-0.886996402,-0.902305549
28.89916667,-1.724803727,-0.837807325
29.08833333,-1.003492185,0.721311542
39.87583333,0.024203057,1.027695242
37.35166667,-0.12717776,-0.151380817
36.39291667,-0.262518757,-0.135340997
34.58166667,-0.307150043,-0.044631285
32.36416667,-0.989523821,-0.682373778
26.28875,-1.510581907,-0.521058087
40.73583333,-0.008473684,1.502108223
45.21583333,0.319260361,0.327734045
48.19208333,0.316422978,-0.002837382
46.42916667,0.189487991,-0.126934988
31.80041667,-1.387167062,-1.576655053
29.34583333,-1.193214039,0.193953023
31.00083333,-1.34524386,-0.152029821
34.81708333,-0.321520141,1.023723719
29.79583333,-0.250011557,0.071508585
35.79458333,-0.030818222,0.219193334
32.59833333,-0.004325232,0.02649299
39.43916667,0.220847233,0.225172465
34.435,-0.615598815,-0.836446048
30.55333333,-1.219487177,-0.603888362
37.55291667,0.064376598,1.283863775
41.6925,0.334615066,0.270238468
42.72,0.475760351,0.141145285
41.90375,0.518095699,0.042335348
40.30125,0.462823699,-0.055272
30.33916667,-0.977996587,-1.440820286
14.74791667,-1.850044859,-0.872048273
28.75833333,-0.478833998,1.371210862
32.13458333,-0.473632361,0.005201636
26.23208333,-0.658427668,-0.184795307
40.92375,0.566175511,1.224603179
36.3425,0.255933743,-0.310241768
31.79291667,-0.686087876,-0.942021619
26.43041667,-1.237316024,-0.551228148
33.09958333,0.209993674,1.447309697
36.0675,0.400724035,0.190730361
43.30208333,0.612303013,0.211578978
47.02916667,0.694983778,0.082680765
37.16625,0.095603984,-0.599379794
25.23208333,-1.180679401,-1.276283385
16.72166667,-1.360439725,-0.179760324
24.71833333,-0.407785036,0.952654689
32.64541667,0.399046403,0.806831438
45.23,0.918959337,0.519912935
49.15208333,0.78965809,-0.129301248
35.3375,0.354634073,-0.435024016
27.82208333,-0.708960955,-1.063595028
23.64208333,-1.020271165,-0.311310211
40.78041667,0.699311317,1.719582482
36.30708333,0.669405011,-0.029906306
40.37791667,0.716265063,0.046860053
43.21,1.053493623,0.33722856
36.56625,0.335936273,-0.71755735
31.39041667,-0.805087016,-1.141023289
26.30583333,-0.857656264,-0.052569248
43.5875,0.712511726,1.570167991
46.09416667,0.868457674,0.155945948
47.5775,1.10285179,0.234394116
46.59583333,1.201613579,0.098761789
44.80916667,0.962456414,-0.239157165
34.36583333,-0.411605228,-1.374061642
25.17375,-1.009241247,-0.597636019
40.03166667,0.601684312,1.610925559
47.89833333,1.053727092,0.452042781
43.505,0.661364756,-0.392362337
42.69791667,0.451353054,-0.210011702
31.33125,-0.16582391,-0.617176964
31.54291667,-0.943874601,-0.778050692
30.51416667,-1.128823313,-0.184948712
39.33,0.097938266,1.226761579
51.49458333,1.106928974,1.008990708
54.69291667,1.300432696,0.193503721
55.48125,1.219856555,-0.080576141
53.81625,1.196130729,-0.023725827
42.8825,0.211973723,-0.984157005
31.1075,-0.863211225,-1.075184948
41.60208333,0.690679501,1.553890726
49.52791667,1.035889882,0.34521038
33.0125,-0.273673896,-1.309563777
29.76791667,-0.624162176,-0.350488281
29.90916667,-0.988657655,-0.364495479
32.96541667,-0.465558845,0.52309881
34.12208333,-0.560864529,-0.095305685
39.58791667,0.392477867,0.953342396
45.75166667,0.911867507,0.51938964
38.88666667,0.536064839,-0.375802668
29.5875,-0.148301733,-0.684366572
23.09625,-0.792708814,-0.644407081
6.78,-2.297259646,-1.504550831
10.5025,-2.045940132,0.251319513
7.67625,-1.864151117,0.181789016
16.29666667,-1.366237212,0.497913905
9.375416667,-2.30125063,-0.935013418
12.35125,-1.872999313,0.428251317
33.19666667,-0.863640903,1.00935841
27.2875,-0.819386408,0.044254495
30.365,-0.887665408,-0.068278999
39.045,0.216971346,1.104636754
37.775,0.378900859,0.161929513
32.28666667,-0.300866056,-0.679766915
