53.94875,1.093703335,-0.041152387
55.08625,1.10665559,0.012952255
60.82041667,1.205685435,0.099029844
60.3575,1.325333318,0.119647884
60.71583333,0.835663232,-0.489670087
43.03458333,0.535591944,-0.300071287
54.63375,1.223118467,0.687526522
54.44208333,1.206555048,-0.016563418
56.76416667,1.086476809,-0.12007824
55.5125,1.006106518,-0.08037029
56.51041667,0.978503032,-0.027603486
52.7875,0.305522737,-0.672980295
53.816875,0.0125857,-0.292937037
57.57875,0.56385683,0.55127113
52.57666667,0.507971988,-0.055884842
55.18083333,0.534376335,0.026404346
65.76333333,0.493054814,-0.04132152
57.55833333,0.468724043,-0.024330771
51.32041667,-0.020342417,-0.48906646
43.03833333,-0.028118254,-0.007775837
50.1225,0.669705057,0.697823311
54.41583333,0.709923395,0.040218339
53.44833333,0.564363202,-0.145560193
50.19916667,0.466136807,-0.098226395
52.30458333,0.358849736,-0.107287071
45.39395833,-0.172383815,-0.531233551
29.005,-0.451078691,-0.278694876
48.65666667,0.144329686,0.595408378
57.71125,0.265910798,0.121581112
55.57,0.156544746,-0.109366052
53.460625,-0.007312994,-0.16385774
56.525,-0.117274134,-0.10996114
48.26,-0.728351884,-0.61107775
41.07979167,-0.824164639,-0.095812755
60.430625,-0.11747791,0.706686728
52.72083333,0.012810092,0.130288002
54.16125,-0.112998113,-0.125808205
62.07083333,-0.22690543,-0.113907317
48.83041667,-0.314187514,-0.087282084
40.425,-0.917543078,-0.603355564
30.28791667,-1.178468185,-0.260925106
56.94541667,-0.570888502,0.607579682
56.49354167,-0.434200642,0.13668786
57.19333333,-0.126122651,0.308077991
61.53666667,-0.099811004,0.026311647
57.11833333,-0.115393175,-0.015582171
52.044375,-0.621062108,-0.505668933
49.2375,-0.945375656,-0.324313548
56.09625,-0.329540745,0.615834911
56.51625,-0.226534843,0.103005902
56.31791667,-0.285228966,-0.058694123
55.56041667,-0.346417171,-0.061188205
52.41791667,-0.45633802,-0.109920849
46.41166667,-0.892008363,-0.435670343
25.77,-1.203773141,-0.311764778
20.67541667,-1.266922776,-0.063149636
51.54375,-0.674305353,0.592617423
48.54541667,-0.523570567,0.150734786
57.93541667,-0.409716127,0.113854441
55.62083333,-0.350958377,0.05875775
32.1875,-0.947511951,-0.596553574
19.38416667,-1.207767299,-0.260255348
47.95041667,-0.546917347,0.660849953
56.04291667,-0.388942409,0.157974937
57.00541667,-0.329554019,0.059388391
56.1925,-0.329047211,0.000506808
55.31333333,-0.454364879,-0.125317668
48.80458333,-1.099057793,-0.644692914
43.369375,-1.345759179,-0.246701387
53.79854167,-0.610322852,0.735436327
63.47916667,-0.423242104,0.187080748
63.0825,-0.45940659,-0.036164486
60.97854167,-0.544603948,-0.085197358
52.58458333,-0.525562583,0.019041365
48.27916667,-1.043102878,-0.517540295
39.25104167,-1.319472263,-0.276369385
57.63416667,-0.500222562,0.819249701
56.47895833,-0.367424761,0.132797802
60.63166667,-0.322591664,0.044833096
73.11458333,-0.358377319,-0.035785654
60.663125,-0.447965109,-0.08958779
50.666875,-0.987459637,-0.539494528
45.02916667,-1.376053712,-0.388594075
59.65125,-0.579237455,0.796816257
55.39708333,-0.478865054,0.100372401
58.33791667,-0.431885974,0.046979081
49.24083333,-0.547411685,-0.115525711
52.22958333,-0.545308327,0.002103358
54.29291667,-1.033042766,-0.487734439
42.46604167,-1.316688907,-0.283646141
56.07375,-0.485153808,0.831535099
56.89458333,-0.451239124,0.033914685
50.76916667,-0.410962932,0.040276192
25.58916667,-1.161322807,-0.750359875
40.30166667,-0.902236527,0.25908628
45.8975,-1.010409739,-0.108173212
38.49291667,-1.300622296,-0.290212557
59.88041667,-0.599841942,0.700780354
61.22791667,-0.461203085,0.138638857
47.23479167,-0.479806383,-0.018603298
48.17541667,-0.409182873,0.07062351
46.83125,-0.396813717,0.012369156
45.51791667,-0.975011775,-0.578198058
24.47,-1.224235573,-0.249223798
26.2775,-1.24457779,-0.020342217
50.45770833,-0.543482045,0.701095745
53.76583333,-0.478429911,0.065052134
46.93,-0.549115849,-0.070685938
54.01,-0.574081206,-0.024965357
38.02375,-1.289962563,-0.715881357
14.903125,-1.488099016,-0.198136453
52.69583333,-0.58626539,0.901833626
53.66375,-0.436756674,0.149508715
48.71166667,-0.504268558,-0.067511883
41.12458333,-0.566998071,-0.062729513
49.27291667,-0.536154796,0.030843274
47.33583333,-1.055759943,-0.519605147
40.35666667,-1.219541355,-0.163781412
53.64875,-0.375606591,0.843934764
51.89875,-0.335763963,0.039842628
52.77625,-0.614855819,-0.279091856
45.06333333,-0.603360287,0.011495532
52.96208333,-0.640022873,-0.036662586
43.96458333,-1.084539642,-0.444516768
24.40729167,-1.285735878,-0.201196237
46.75375,-0.520565043,0.765170835
52.07291667,-0.370567927,0.149997116
50.16041667,-0.512869947,-0.14230202
50.878125,-0.51104572,0.001824226
44.52583333,-0.600721861,-0.089676141
42.95333333,-0.991958304,-0.391236443
35.80166667,-1.201212652,-0.209254347
47.61875,-0.471972603,0.729240048
52.41333333,-0.385392608,0.086579996
44.70520833,-0.535659201,-0.150266594
23.06875,-1.189676238,-0.654017037
41.58083333,-0.862221794,0.327454444
24.19083333,-1.098345735,-0.236123941
15.03,-1.464550544,-0.366204808
34.61375,-0.760843448,0.703707096
43.57208333,-0.504854931,0.255988517
47.96083333,-0.513640563,-0.008785632
41.84291667,-0.524974379,-0.011333816
38.86520833,-0.585007423,-0.060033044
16.07041667,-1.095608096,-0.510600673
6.375208333,-1.373307801,-0.277699705
37.70645833,-0.642924902,0.730382899
41.98333333,-0.516423182,0.12650172
33.92,-0.573034365,-0.056611184
44.45333333,-0.644887391,-0.071853026
40.81354167,-0.744152431,-0.09926504
35.09208333,-1.22977862,-0.485626189
25.64729167,-1.51346033,-0.28368171
40.74833333,-0.864613752,0.648846578
41.99604167,-0.70891947,0.155694282
42.72979167,-0.756661665,-0.047742195
38.67291667,-0.941134737,-0.184473072
46.01645833,-0.969682737,-0.028548
35.97666667,-1.405432795,-0.435750058
16.20833333,-1.837627132,-0.432194337
29.78604167,-1.372196141,0.465430991
32.99791667,-1.169703761,0.20249238
36.26,-1.11730243,0.052401331
35.51583333,-1.151360187,-0.034057757
51.67,-1.212772444,-0.061412258
49.86041667,-1.458608821,-0.245836376
38.5475,-1.723346291,-0.26473747
44.84645833,-1.72008466,0.003261631
52.15,-1.246918144,0.473166516
49.30291667,-1.04202335,0.204894794
50.73291667,-1.027163781,0.014859569
49.91541667,-0.934276321,0.09288746
39.946875,-1.10646516,-0.172188839
43.99916667,-1.25445626,-0.1479911
54.99458333,-0.749266119,0.50519014
55.39541667,-0.684504992,0.064761127
54.15875,-0.69350639,-0.009001397
49.67854167,-0.655210271,0.038296119
46.06375,-0.682595145,-0.027384875
32.64666667,-1.215109306,-0.532514161
24.79354167,-1.33046329,-0.115353984
46.68375,-0.592899776,0.737563514
56.75708333,-0.433310479,0.159589297
49.705,-0.353065148,0.080245331
49.00541667,-0.329083121,0.023982027
54.22666667,-0.418821881,-0.08973876
56.66125,-0.971376684,-0.552554803
49.17791667,-1.346855041,-0.375478357
47.26416667,-0.766713327,0.580141713
40.74916667,-0.651549273,0.115164055
47.53541667,-0.551831392,0.09971788
50.52041667,-0.5422578,0.009573592
55.77958333,-0.491730707,0.050527094
49.43666667,-1.048505284,-0.556774577
31.34416667,-1.342001896,-0.293496613
37.19958333,-0.75160676,0.590395136
47.41583333,-0.529374241,0.222232519
51.43833333,-0.501869214,0.027505027
49.75208333,-0.363885939,0.137983276
52.70791667,-0.405050421,-0.041164482
45.50916667,-1.015249559,-0.610199138
31.30333333,-1.326937956,-0.311688396
48.72458333,-0.546310541,0.780627414
48.97333333,-0.386129079,0.160181462
46.115,-0.298119436,0.088009643
48.74916667,-0.35443144,-0.056312004
50.37708333,-0.401161733,-0.046730293
44.76041667,-0.887786921,-0.486625188
41.8475,-1.26038568,-0.372598759
55.89916667,-0.493963196,0.766422484
58.53375,-0.384212529,0.109750667
53.8725,-0.496441307,-0.112228778
53.97791667,-0.500984375,-0.004543068
56.45916667,-0.574562453,-0.073578078
48.72875,-1.111742782,-0.537180329
37.575,-1.345869095,-0.234126313
48.24583333,-0.609362089,0.736507006
50.78416667,-0.504770452,0.104591637
52.9675,-0.553334078,-0.048563626
45.22041667,-0.528029387,0.025304692
53.78583333,-0.491999995,0.036029392
48.1675,-0.892471612,-0.400471617
44.6475,-1.118409314,-0.225937702
53.845,-0.514800638,0.603608676
47.86791667,-0.341941317,0.172859321
57.48958333,-0.253412396,0.088528921
55.84875,-0.238762902,0.014649494
52.72958333,-0.306482607,-0.067719705
43.98916667,-0.70943567,-0.402953062
44.62083333,-0.911432396,-0.201996726
54.11916667,-0.175638949,0.735793447
49.16833333,-0.171781677,0.003857272
67.77541667,0.041933412,0.213715089
62.13833333,0.223945358,0.182011946
59.73041667,0.31876261,0.094817252
56.46375,-0.268338617,-0.587101227
47.35375,-0.706170849,-0.437832232
53.66625,-0.063806538,0.642364311
60.07416667,0.261824595,0.325631133
56.10541667,0.23744328,-0.024381316
52.91875,0.122201961,-0.115241319
59.71916667,0.13830198,0.016100018
47.245,-0.441768651,-0.580070631
44.80239583,-0.753596232,-0.31182758
54.5871875,-0.342777074,0.410819158
45.71041667,-0.662965888,-0.320188814
59.23458333,-0.244418892,0.418546995
54.29458333,-0.248571577,-0.004152684
54.05041667,-0.183102213,0.065469363
51.25625,-0.604565649,-0.421463436
41.22625,-0.958795196,-0.354229546
58.17583333,-0.015650644,0.943144552
57.88916667,0.201990359,0.217641002
65.69083333,0.193746988,-0.00824337
59.88708333,0.292260156,0.098513168
49.58541667,-0.529692321,-0.821952477
47.84,-0.472939126,0.056753195
44.26041667,-0.60729378,-0.134354654
64.67916667,0.246843043,0.854136823
64.92458333,0.513994694,0.267151651
68.075,0.628191768,0.114197074
66.02083333,0.585491964,-0.042699805
62.30166667,0.575337514,-0.01015445
50.8375,0.099461905,-0.475875608
47.00208333,-0.170310597,-0.269772503
60.21666667,0.567898826,0.738209423
63.51416667,0.735121319,0.167222494
64.14166667,0.780458982,0.045337662
55.96375,0.834875106,0.054416124
56.53791667,0.860472197,0.025597091
49.435,0.346172303,-0.514299894
49.4,0.004939767,-0.341232536
66.27625,0.8700808,0.865141034
55.86458333,0.714413167,-0.155667634
56.61708333,0.88202207,0.167608904
58.82916667,0.648761133,-0.233260937
53.37708333,0.735499161,0.086738028
47.09541667,0.171586809,-0.563912352
38.11375,-0.270318231,-0.44190504
48.48958333,0.575673727,0.845991958
55.83708333,0.853752707,0.27807898
47.31958333,0.633551385,-0.220201322
46,0.77530924,0.141757855
51.72,0.840252172,0.064942932
50.75208333,0.522277337,-0.317974835
44.81541667,0.371558921,-0.150718417
48.62833333,0.837303376,0.465744455
52.22458333,0.872840384,0.035537008
46.62166667,0.868173719,-0.004666665
53.1625,0.938995765,0.070822046
43.84666667,0.796784783,-0.142210982
45.579375,0.680679035,-0.116105748
48.55583333,0.628932441,-0.051746594
55.70375,1.57944001,0.950507569
49.99916667,1.477706708,-0.101733301
45.53708333,1.434267187,-0.043439522
43.55666667,1.271206878,-0.163060309
40.131875,0.941381564,-0.329825314
32.28041667,0.367390485,-0.573991079
22.21979167,-0.063500789,-0.430891274
28.114375,0.651363547,0.714864336
43.0975,0.98258443,0.331220883
39.76791667,0.839042733,-0.143541697
35.64916667,0.712945179,-0.126097554
38.58729167,0.615839397,-0.097105782
30.50916667,0.250986212,-0.364853184
15.17541667,-0.350289983,-0.601276195
23.86708333,0.418216551,0.768506534
26.32333333,0.90894651,0.490729958
37.25375,0.864732284,-0.044214225
38.96166667,0.735788118,-0.128944167
44.08166667,0.923660528,0.187872411
28.94125,0.515126588,-0.408533941
29.21291667,0.277918016,-0.237208572
45.83041667,1.128466962,0.850548946
42.9225,1.29735037,0.168883408
45.49666667,1.36984906,0.07249869
47.17708333,1.398958018,0.029108958
45.99708333,1.472279768,0.073321749
45.78041667,1.109081837,-0.363197931
39.63416667,0.995129202,-0.113952635
51.14166667,1.755629595,0.760500392
55.38916667,2.001793722,0.246164127
48.09458333,1.797513549,-0.204280173
43.69166667,1.48353246,-0.313981089
43.78375,1.325268655,-0.158263805
35.31333333,0.618599114,-0.706669541
26.68416667,0.294094483,-0.32450463
43.09541667,1.131014229,0.836919746
51.1725,1.288117431,0.157103202
45.35083333,1.168631594,-0.119485837
49.37375,1.134333273,-0.034298321
50.27583333,1.221509612,0.087176339
45.58854167,0.80590704,-0.415602572
39.97666667,0.735257029,-0.070650012
54.925,1.72132814,0.986071112
61.05125,1.926845175,0.205517035
60.44,2.099523246,0.172678071
75.73166667,2.430617255,0.331094009
102.7183333,2.644611017,0.213993762
83.99916667,2.262554818,-0.382056199
86.76333333,2.054195937,-0.208358882
105.3475,2.92299834,0.868802403
131.28625,3.105010718,0.182012379
128.9083333,3.02389981,-0.081110908
223.9558333,2.910187718,-0.113712092
96.48166667,2.903296176,-0.006891542
87.73333333,2.668022706,-0.23527347
73.6725,2.370832872,-0.297189834
110.1041667,2.774096948,0.403264076
72.80083333,2.614654944,-0.159442004
75.31041667,2.404273303,-0.210381641
66.77458333,2.311473087,-0.092800216
62.7125,2.2041226,-0.107350486
56.36,1.34023697,-0.86388563
54.74583333,1.005418506,-0.334818464
65.16208333,1.853542404,0.848123898
66.65458333,1.958884985,0.105342581
60.7575,1.83035973,-0.128525255
67.36375,1.447832171,-0.382527559
56.27291667,1.115256312,-0.332575859
48.31041667,0.583618745,-0.531637567
40.53541667,0.29816466,-0.285454084
49.63208333,1.045791115,0.747626455
51.16291667,1.079772229,0.033981114
49.71833333,0.94520091,-0.134571318
53.71083333,0.840448457,-0.104752454
50.2375,0.633390651,-0.207057805
46.77645833,0.09716679,-0.536223862
34.69958333,-0.151638639,-0.248805429
46.76458333,0.552959066,0.704597705
57.13041667,0.990565257,0.437606191
51.335,1.046046161,0.055480904
52.86208333,1.02906658,-0.016979581
53.085,1.105742409,0.076675829
42.33333333,0.556740482,-0.549001927
36.335,0.078772426,-0.477968057
46.35583333,0.634929753,0.556157327
48.78208333,0.648257579,0.013327827
48.48020833,0.620411214,-0.027846366
47.30875,0.512870297,-0.107540916
44.58,0.320712101,-0.192158196
45.00708333,-0.245370696,-0.566082797
33.11041667,-0.385815744,-0.140445048
51.63916667,0.388628152,0.774443896
53.15458333,0.649772677,0.261144526
50.45791667,0.537889334,-0.111883344
41.73,0.43558063,-0.102308704
42.88833333,0.403301824,-0.032278806
31.34229167,-0.309817379,-0.713119203
21.08458333,-0.666716964,-0.356899586
37.11,-0.139125391,0.527591574
42.29791667,-0.071047252,0.068078139
38.68270833,-0.091940262,-0.020893009
36.52125,-0.217329979,-0.125389717
38.48583333,-0.29814362,-0.080813642
15.65125,-0.786367656,-0.488224035
16.8625,-1.026157723,-0.239790068
43.62458333,-0.191810435,0.834347288
49.20666667,0.010941786,0.202752222
51.44041667,0.100363452,0.089421666
62.25,0.082264893,-0.018098559
51.67625,0.013674639,-0.068590254
37.86916667,-0.328448963,-0.342123602
27.42583333,-0.475768129,-0.147319167
25.615625,-0.578138362,-0.102370233
62.09291667,0.049460771,0.627599133
56.42375,0.26791067,0.218449899
61.69166667,0.428996323,0.161085653
55.34,0.423510118,-0.005486205
41.63666667,-0.058881012,-0.48239113
36.34979167,-0.486611166,-0.427730154
58.11333333,0.320824083,0.807435248
56.59375,0.518160935,0.197336852
61.99041667,0.406335716,-0.111825218
61.24916667,0.447867321,0.041531605
59.40416667,0.416083981,-0.03178334
43.69541667,-0.23978668,-0.655870661
41.56333333,-0.462418269,-0.22263159
54.48291667,0.243564381,0.70598265
58.01,0.24411329,0.00054891
44.80479167,0.226908893,-0.017204397
51.17666667,0.031168201,-0.195740691
58.90791667,0.106223141,0.07505494
39.84708333,-0.486863854,-0.593086995
22.85208333,-0.958462576,-0.471598722
34.34125,-0.414361385,0.54410119
18.89125,-0.693448012,-0.279086627
41.60333333,-0.176831347,0.516616665
49.49416667,-0.183912697,-0.00708135
46.25416667,-0.217024479,-0.033111782
40.72104167,-0.746240264,-0.529215786
35.52041667,-1.023631366,-0.277391102
46.87041667,-0.601513036,0.42211833
41.29875,-0.864807531,-0.263294494
48.28041667,-0.434860023,0.429947507
42.85583333,-0.407353892,0.027506131
42.94375,-0.472137338,-0.064783446
31.115,-1.097855056,-0.625717718
24.56729167,-1.3383051,-0.240450044
40.99541667,-0.501041886,0.837263214
49.19166667,-0.433531404,0.067510482
48.92416667,-0.292030284,0.14150112
32.28125,-0.948771375,-0.656741091
33.015,-0.759211882,0.189559493
35.34375,-0.852221026,-0.093009144
27.3675,-1.17473772,-0.322516694
48.10416667,-0.46282127,0.71191645
47.23833333,-0.348275947,0.114545323
54.80729167,-0.312042872,0.036233075
43.75208333,-0.345465584,-0.033422712
37.878125,-0.573985282,-0.228519699
26.12041667,-1.193500746,-0.619515464
19.39583333,-1.416301391,-0.222800645
30.94416667,-1.39112856,0.025172831
46.690625,-0.713141623,0.677986937
57.00791667,-0.561747752,0.151393872
54.44875,-0.536001389,0.025746362
59.30875,-0.607875945,-0.071874556
43.1075,-1.10783186,-0.499955914
31.43145833,-1.503013363,-0.395181503
42.91833333,-0.775091435,0.727921927
54.4975,-0.507650644,0.267440791
41.63416667,-0.554502335,-0.046851691
45.95020833,-0.58311575,-0.028613415
37.74625,-0.747260448,-0.164144698
20.15583333,-1.216020925,-0.468760477
19.59541667,-1.343693128,-0.127672203
52.81666667,-0.627948858,0.71574427
51.95645833,-0.514442185,0.113506673
47.55375,-0.464035368,0.050406817
42.5125,-0.429262885,0.034772482
41.02645833,-0.649765174,-0.220502289
38.41729167,-1.237880186,-0.588115012
21.77333333,-1.496476573,-0.258596387
40.23541667,-0.680018648,0.816457925
56.07041667,-0.472116018,0.20790263
59.36416667,-0.531081799,-0.058965781
51.43375,-0.657604373,-0.126522574
45.20083333,-0.837652333,-0.18004796
33.3125,-1.196386357,-0.358734024
18.54958333,-1.486722104,-0.290335747
35.645,-0.698712123,0.788009981
48.49375,-0.518222087,0.180490035
47.29291667,-0.467644024,0.050578063
57.55708333,-0.436927423,0.030716601
45.24833333,-0.616260493,-0.17933307
36.80041667,-1.166345223,-0.55008473
27.53416667,-1.471614364,-0.305269141
44.6075,-0.718202066,0.753412298
53.34833333,-0.542776303,0.175425763
50.20666667,-0.538733433,0.00404287
49.88875,-0.522429789,0.016303645
49.08583333,-0.65206765,-0.129637861
40.2375,-1.144445141,-0.492377491
23.13416667,-1.487217081,-0.34277194
37.09416667,-0.738742669,0.748474411
50.80666667,-0.603132174,0.135610495
42.78,-0.648506128,-0.045373953
37.26166667,-0.599795509,0.048710618
43.22541667,-0.630530592,-0.030735083
31.32583333,-1.212258372,-0.58172778
25.16,-1.57969368,-0.367435308
40.15479167,-0.772484809,0.807208871
43.03083333,-0.646181653,0.126303156
43.71041667,-0.593581762,0.052599891
43.18958333,-0.657953138,-0.064371376
49.53833333,-0.632088262,0.025864876
35.55958333,-1.145456853,-0.513368591
23.28666667,-1.401896859,-0.256440006
37.34416667,-0.746751593,0.655145266
51.39666667,-0.540011093,0.2067405
51.31708333,-0.477153743,0.06285735
50.289375,-0.387191014,0.089962729
50.89958333,-0.435369738,-0.048178724
42.03020833,-1.132091303,-0.696721566
26.57083333,-1.528657381,-0.396566078
35.09291667,-0.792040563,0.736616818
38.81458333,-0.653168221,0.138872341
37.615,-0.666757629,-0.013589408
42.18020833,-0.785941325,-0.119183696
41.86333333,-0.946813584,-0.160872259
39.60708333,-1.366022433,-0.419208849
37.43416667,-1.63175743,-0.265734997
40.00583333,-1.148503228,0.483254202
37.37083333,-0.959517818,0.18898541
45.78291667,-1.004812206,-0.045294388
43.08604167,-1.021955386,-0.01714318
44.154375,-1.173304516,-0.151349129
40.57833333,-1.483490645,-0.310186129
25.24583333,-1.718847027,-0.235356382
46.99645833,-1.188917377,0.52992965
54.91666667,-1.002127766,0.186789611
38.72833333,-1.474870421,-0.472742655
52.92916667,-1.222586068,0.252284353
48.6375,-1.004194394,0.218391675
43.16791667,-1.064553515,-0.060359121
37.96854167,-1.211210305,-0.14665679
55.63583333,-0.765376688,0.445833617
56.87083333,-0.665572928,0.09980376
49.87375,-0.82118072,-0.155607792
47.65291667,-0.710393377,0.110787343
51.03916667,-0.75919045,-0.048797074
39.59291667,-1.273681134,-0.514490684
25.97041667,-1.572284775,-0.29860364
43.28166667,-0.814043806,0.758240969
50.63125,-0.609408546,0.20463526
53.80958333,-0.602910166,0.00649838
52.75625,-0.598260058,0.004650108
47.655625,-0.700609321,-0.102349264
38.7825,-1.049747673,-0.349138352
30.7175,-1.317826947,-0.268079274
48.87416667,-0.636605309,0.681221638
52.09791667,-0.545732396,0.090872913
54.40083333,-0.573181164,-0.027448769
50.82,-0.624612002,-0.051430838
52.77625,-0.617165793,0.00744621
46.28416667,-1.069756773,-0.45259098
36.78666667,-1.322120116,-0.252363343
54.33,-0.603584491,0.718535625
55.82958333,-0.531639834,0.071944657
57.30541667,-0.504405303,0.027234531
45.64333333,-0.569444152,-0.065038849
48.48625,-0.643640716,-0.074196563
46.605,-1.069598001,-0.425957285
30.84729167,-1.322605263,-0.253007262
53.51541667,-0.586027982,0.736577281
52.65833333,-0.475727897,0.110300085
49.54958333,-0.499405546,-0.023677649
46.56,-0.35086378,0.148541765
47.235,-0.400760758,-0.049896978
40.655,-0.929499644,-0.528738886
23.74583333,-1.296501547,-0.367001903
41.72375,-0.749575313,0.546926233
43.77416667,-0.561016149,0.188559165
49.06375,-0.458518729,0.10249742
47.82833333,-0.482070062,-0.023551333
40.51583333,-0.399807064,0.082262998
38.561875,-0.893116119,-0.493309055
28.45916667,-1.141229902,-0.248113783
50.79375,-0.426138997,0.715090905
49.155,-0.373771104,0.052367892
49.44104167,-0.483574006,-0.109802901
53.51625,-0.420096899,0.063477107
47.37416667,-0.555226486,-0.135129587
42.90583333,-1.023004271,-0.467777785
39.81625,-1.197692587,-0.174688315
51.66041667,-0.478686947,0.71900564
55.60166667,-0.359552092,0.119134855
65.31291667,-0.345485019,0.014067073
46.13333333,-0.353462553,-0.007977535
48.06,-0.565977055,-0.212514501
31.85833333,-0.887345636,-0.321368581
34.90291667,-1.027947698,-0.140602062
54.98145833,-0.233207358,0.79474034
54.96604167,-0.046223271,0.186984087
62.71104167,-0.227095689,-0.180872418
48.37583333,-0.278528602,-0.051432913
51.71625,-0.277284678,0.001243925
42.74479167,-0.758885309,-0.481600632
37.96979167,-1.08422168,-0.325336371
54.74229167,-0.359448833,0.724772847
54.66041667,-0.226268536,0.133180297
56.69395833,-0.238616486,-0.012347951
54.79333333,-0.203180886,0.0354356
48.71208333,-0.260716833,-0.057535947
36.59520833,-0.587892003,-0.32717517
42.80541667,-0.483745042,0.104146961
53.99291667,0.437581576,0.921326617
57.8725,0.68207422,0.244492645
49.91375,0.689187713,0.007113493
35.33333333,-0.310066671,-0.999254384
44.41458333,-0.0856806,0.224386071
38.75041667,-0.13020284,-0.04452224
31.50708333,-0.466812735,-0.336609895
45.16958333,0.256773699,0.723586434
49.945,0.61987458,0.363100881
49.18458333,0.64018474,0.020310159
55.55416667,0.72361471,0.08342997
55.38625,0.620808149,-0.102806561
47.36,-0.150380574,-0.771188723
34.90979167,-0.188898169,-0.038517596
52.09791667,0.665556435,0.854454604
53.04041667,0.850104124,0.184547689
58.55625,0.790811317,-0.059292807
59.68875,0.915026009,0.124214692
56.68416667,0.794366822,-0.120659187
53.6325,0.201765372,-0.59260145
44.28458333,-0.015839007,-0.217604379
55.110625,0.670038359,0.685877366
48.94666667,0.755855023,0.085816663
46.15020833,0.710308485,-0.045546538
44.68541667,0.712802806,0.002494321
50.54041667,0.710587167,-0.002215639
43.60534722,0.004803036,-0.705784132
24.72756944,-0.443121258,-0.447924294
51.44916667,0.359181132,0.80230239
60.79208333,0.801765927,0.442584795
61.95541667,0.787764682,-0.014001245
52.57291667,0.934470388,0.146705706
61.79125,1.390366769,0.455896381
55.02791667,0.967441552,-0.422925216
46.50708333,0.674069841,-0.293371711
50.88875,1.241885318,0.567815477
51.32333333,1.203144888,-0.03874043
58.3575,1.490696592,0.287551705
66.88041667,1.771773499,0.281076907
68.95041667,1.564585168,-0.207188331
54.39625,1.231675059,-0.332910109
41.35666667,1.051833922,-0.179841137
63.6225,1.583636032,0.531802109
71.0275,2.100428227,0.516792195
77.4625,2.405180026,0.304751799
74.2325,1.964328772,-0.440851254
58.61395833,1.251240971,-0.713087801
35.68541667,0.622751964,-0.628489007
33.60520833,0.328906474,-0.29384549
49.47291667,0.98945617,0.660549696
51.95833333,1.297208058,0.307751888
51.80583333,1.314016117,0.016808059
44.87875,1.149752916,-0.164263202
43.005,1.105587341,-0.044165575
36.77291667,0.314018609,-0.791568732
17.52583333,-0.206370707,-0.520389316
18.47708333,-0.285230066,-0.078859359
2.586666667,-0.916664928,-0.631434862
17.23916667,-0.215050533,0.701614395
19.21104167,-0.042493188,0.172557346
26.65479167,0.126797904,0.169291091
14.08416667,-0.170818481,-0.297616384
16.9875,-0.398275143,-0.227456662
18.728125,-0.08096578,0.317309363
17.530625,-0.373936271,-0.292970491
36.75208333,0.59377062,0.967706891
44.34958333,1.143887854,0.550117234
40.41916667,1.097276582,-0.046611273
31.38166667,0.558817692,-0.538458889
30.541875,0.340616203,-0.218201489
48.66875,1.181989161,0.841372958
51.10208333,1.465156046,0.283166885
61.64625,1.472243062,0.007087015
55.36541667,1.285625774,-0.186617288
57.35125,1.231469469,-0.054156305
49.06583333,0.914516019,-0.31695345
44.33270833,0.792383652,-0.122132367
54.489375,1.626798172,0.83441452
62.53666667,1.696693573,0.069895401
63.97375,2.115143113,0.418449539
69.86833333,2.369956092,0.25481298
68.29,2.234272615,-0.135683478
56.81125,1.474328315,-0.7599443
58.86145833,1.290825967,-0.183502348
68.04333333,1.986509754,0.695683787
63.0075,2.153507251,0.166997497
62.05,2.238600448,0.085093197
59.54125,2.131850662,-0.106749786
59.668125,2.332462729,0.200612068
52.16479167,1.353526881,-0.978935848
43.46,0.892250462,-0.461276419
46.86625,1.452066688,0.559816226
44.26125,1.299303468,-0.15276322
40.76375,1.027717996,-0.271585472
38.79583333,0.96939334,-0.058324656
41.36541667,0.852980667,-0.116412673
35.61333333,0.351677287,-0.50130338
46.05291667,0.422729312,0.071052025
46.27791667,0.840744763,0.418015451
48.85791667,0.921432771,0.080688008
57.02583333,1.14469356,0.223260789
61.083125,1.431121789,0.286428229
49.21041667,1.756200403,0.325078614
52.60291667,1.477491287,-0.278709115
42.16,1.043241309,-0.434249979
55.22541667,1.694842942,0.651601633
60.05333333,1.926500405,0.231657464
61.96,2.092579157,0.166078752
56.04375,1.815785286,-0.276793871
56.08875,1.537588752,-0.278196534
49.81354167,1.194774995,-0.342813757
43.03958333,0.77158732,-0.423187676
56.52958333,1.471814129,0.700226809
52.76208333,1.597878242,0.126064113
55.095,1.244083584,-0.353794657
55.76833333,1.687465026,0.443381442
62.16541667,1.860283773,0.172818747
86.44625,1.575707653,-0.28457612
63.9875,1.262259015,-0.313448638
79.13791667,1.95622384,0.693964824
68.88291667,2.091646537,0.135422697
70.69166667,1.914800658,-0.176845879
70.62833333,1.711210908,-0.203589751
84.75333333,1.607009063,-0.104201845
68.57958333,1.162849582,-0.44415948
52.10541667,0.991177563,-0.171672019
63.10166667,1.260976338,0.269798775
53.49291667,0.960433379,-0.300542959
50.01666667,0.891550376,-0.068883003
41.643125,0.717307084,-0.174243293
38.54791667,0.424607341,-0.292699742
43.42083333,-0.008808684,-0.433416026
28.60041667,-0.245216039,-0.236407355
52.58666667,0.414911787,0.660127827
66.54416667,0.856048985,0.441137198
74.02416667,1.415718195,0.55966921
65.93416667,1.65279967,0.237081475
73.57083333,1.585012385,-0.067787285
53.02958333,0.687749275,-0.897263109
44.89083333,0.256267993,-0.431481283
74.90958333,1.163272357,0.907004364
54.86125,1.243902278,0.080629921
64.83770833,1.189269483,-0.054632795
71.0625,1.253137957,0.063868474
65.67083333,0.725352991,-0.527784967
51.82333333,0.294825462,-0.430527529
56.61291667,-0.034912806,-0.329738267
66.89416667,0.74358534,0.778498145
65.33916667,0.998609273,0.255023933
73.57625,1.256933576,0.258324303
90.77458333,1.22886435,-0.028069226
64.12208333,1.143000114,-0.085864236
53.37041667,0.409867108,-0.733133006
36.98958333,0.267123148,-0.142743959
33.39958333,0.295522578,0.028399429
65.40666667,0.95180434,0.656281762
65.35333333,0.99876825,0.046963911
64.28041667,0.925865815,-0.072902436
102.7316667,0.856412191,-0.069453623
81.37166667,0.419718454,-0.436693738
58.16375,0.269383675,-0.150334778
72.20916667,0.89423597,0.624852295
64.79541667,0.718013833,-0.176222137
63.835,0.548541879,-0.169471954
64.67291667,0.246022442,-0.302519437
48.55520833,0.035231578,-0.210790864
31.14479167,-0.380080377,-0.415311955
25.45375,-0.904556193,-0.524475816
42.56708333,-0.213769802,0.690786391
42.11270833,-0.214756151,-0.000986349
33.12833333,-0.418568074,-0.203811923
27.79708333,-0.579953073,-0.161384999
33.29666667,-0.412976978,0.166976096
26.6625,-0.829827224,-0.416850246
18.465,-0.918355337,-0.088528113
43.14375,-0.208945016,0.709410321
39.12833333,-0.121312693,0.087632323
36.15104167,-0.221504573,-0.10019188
28.21,-0.365750581,-0.144246008
32.20979167,-0.456131457,-0.090380876
32.06166667,-0.660460813,-0.204329356
24.60770833,-0.769329129,-0.108868316
39.50041667,-0.089978218,0.679350911
37.520625,-0.06124959,0.028728628
17.17,-0.778270773,-0.717021183
40.48666667,-0.195739119,0.582531654
34.614375,-0.228398941,-0.032659822
24.53791667,-0.692420959,-0.464022018
12.99979167,-0.987282319,-0.294861359
32.75583333,-0.39429655,0.592985768
37.40375,-0.334816511,0.059480039
26.02958333,-1.208222427,-0.873405916
20.37833333,-1.388340144,-0.180117716
23.48208333,-0.99356383,0.394776313
18.99125,-1.152905067,-0.159341237
13.86541667,-1.337517513,-0.184612446
29.54604167,-0.686221917,0.651295596
39.26333333,-0.506190201,0.180031716
33.49208333,-0.439834176,0.066356025
37.2625,-0.197522303,0.242311872
44.50541667,-0.281642296,-0.084119993
30.1,-0.839903294,-0.558260998
22.16208333,-1.137356463,-0.297453169
33.79270833,-1.017692386,0.119664077
58.60125,-0.313697529,0.703994857
43.13125,-0.230644039,0.08305349
40.11729167,-0.157393754,0.073250285
52.94020833,0.020130653,0.177524407
29.49041667,-0.485563836,-0.505694489
17.96041667,-0.705027594,-0.219463757
40.38229167,-0.058774794,0.6462528
51.6825,-0.09792606,-0.039151266
52.79354167,-0.123611198,-0.025685138
48.28291667,-0.191645631,-0.068034433
38.281875,-0.400399233,-0.208753603
28.735,-1.040132916,-0.639733683
11.055,-1.229829098,-0.189696183
26.73979167,-0.54845887,0.681370228
34.28916667,-0.458155099,0.090303771
35.20916667,-0.551578313,-0.093423214
28.25458333,-0.691503555,-0.139925242
27.2075,-0.802071049,-0.110567495
15.19083333,-1.373096486,-0.571025437
13.27583333,-1.57032484,-0.197228354
37.91666667,-0.808511412,0.761813428
31.10666667,-0.673729467,0.134781945
29.16,-0.743828319,-0.070098853
29.349375,-0.758972104,-0.015143785
29.17166667,-0.685650894,0.07332121
7.225208333,-1.332552722,-0.646901828
-6.945416667,-1.466495504,-0.133942781
37.55604167,-0.755771318,0.710724186
49.53583333,-0.530253535,0.225517783
46.46583333,-0.495831163,0.034422373
55.50458333,-0.62778516,-0.131953997
27.59770833,-0.775921263,-0.148136103
16.570625,-1.335443647,-0.559522385
10.59791667,-1.671495373,-0.336051726
35.94020833,-0.792212812,0.879282561
38.72791667,-0.558474945,0.233737866
33.72208333,-0.604636158,-0.046161212
35.32875,-0.608286712,-0.003650555
29.21791667,-0.662747227,-0.054460515
13.80375,-1.261969746,-0.599222518
12.77666667,-1.469460698,-0.207490952
34.23916667,-0.731939765,0.737520933
35.42166667,-0.591894715,0.14004505
47.93208333,-0.753446282,-0.161551567
39.25229167,-0.682364671,0.071081611
29.15708333,-0.700097453,-0.017732782
25.24583333,-1.200104806,-0.500007353
15.38125,-1.439502388,-0.239397582
27.91916667,-0.744661856,0.694840532
42.83333333,-0.560623258,0.184038598
34.83833333,-0.567476217,-0.006852959
37.43166667,-0.622677789,-0.055201571
35.72291667,-0.635485798,-0.012808009
27.78666667,-1.097021412,-0.461535615
23.61833333,-1.335692779,-0.238671367
40.49583333,-0.555060777,0.780632002
52.77,-0.442833361,0.112227416
44.21208333,-0.442051032,0.000782329
40.924375,-0.439465393,0.002585639
35.88541667,-0.516234521,-0.076769129
29.54645833,-1.003163747,-0.486929225
20.90125,-1.106310091,-0.103146345
48.62916667,-0.375938461,0.73037163
54.16916667,-0.277471715,0.098466746
51.59625,-0.446304626,-0.168832911
47.42083333,-0.432240755,0.014063871
43.28625,-0.417199645,0.01504111
37.355,-0.861288432,-0.444088786
25.715,-1.257072735,-0.395784303
45.32458333,-0.899600973,0.357471762
28.66583333,-0.910503703,-0.01090273
35.40625,-0.819564049,0.090939654
35.37375,-0.774015842,0.045548207
36.66083333,-0.797620021,-0.023604179
35.76166667,-1.322719059,-0.525099038
25.905625,-1.559822377,-0.237103318
33.48541667,-0.966715135,0.593107242
33.77375,-0.856110143,0.110604992
39.49583333,-0.977027383,-0.12091724
36.24625,-1.178550022,-0.201522639
28.53625,-1.368017749,-0.189467727
12.69375,-1.703851177,-0.335833428
9.459583333,-1.923118672,-0.219267496
24.15291667,-1.418547208,0.504571464
26.19666667,-1.247616838,0.17093037
26.11833333,-1.266653985,-0.019037147
27.43895833,-1.542179103,-0.275525118
34.36375,-1.605809424,-0.063630321
32.51458333,-1.487891771,0.117917653
18.87583333,-1.63224935,-0.144357579
42.35541667,-1.163075797,0.469173553
36.97375,-1.027223018,0.135852778
43.23666667,-0.971454973,0.055768046
44.53333333,-0.874859767,0.096595206
47.12125,-0.873585324,0.001274443
31.20583333,-1.327220521,-0.453635197
24.65416667,-1.53530557,-0.208085049
39.20458333,-0.93434031,0.60096526
56.18583333,-0.798426257,0.135914053
55.27583333,-0.770605844,0.027820413
52.95416667,-0.684651861,0.085953983
44.99458333,-0.728520785,-0.043868924
33.88833333,-1.144851025,-0.41633024
27.10166667,-1.37506658,-0.230215556
39.68083333,-0.715681828,0.659384752
51.95416667,-0.614832868,0.100848961
68.3225,-0.582858893,0.031973975
56.87208333,-0.554886252,0.027972641
51.4,-0.616348607,-0.061462354
39.62520833,-1.092285656,-0.475937049
22.71208333,-1.310333088,-0.218047432
35.525,-0.74618813,0.564144958
49.355,-0.652989369,0.093198761
41.655,-0.627017603,0.025971766
53.59333333,-0.589777519,0.037240084
48.00520833,-0.631801284,-0.042023765
34.04666667,-1.146126331,-0.514325048
25.77416667,-1.37379055,-0.227664219
43.06041667,-0.702801054,0.670989496
44.6825,-0.565543715,0.137257339
57.02625,-0.708735034,-0.143191319
48.60541667,-0.494055052,0.214679982
47.73666667,-0.547621584,-0.053566532
38.9725,-1.001152925,-0.453531341
29.0575,-1.315250695,-0.31409777
42.45333333,-0.692226479,0.623024216
49.37666667,-0.535341638,0.156884842
58.18458333,-0.475152808,0.06018883
59.31416667,-0.470579738,0.00457307
50.27708333,-0.573095515,-0.102515777
36.565,-1.134082456,-0.560986941
19.18458333,-1.34664036,-0.212557903
46.19583333,-0.626619592,0.720020768
48.02041667,-0.472607786,0.154011806
45.33791667,-0.482320461,-0.009712675
49.8375,-0.581901875,-0.099581413
54.69666667,-0.65386526,-0.071963386
38.38875,-1.117877936,-0.464012675
33.61958333,-1.265134024,-0.147256088
49.55708333,-0.513867117,0.751266907
54.70833333,-0.362328409,0.151538707
58.32833333,-0.40001977,-0.037691361
53.92375,-0.443914615,-0.043894845
50.89416667,-0.161235474,0.28267914
44.85708333,-0.452468292,-0.291232818
29.15333333,-0.694655452,-0.24218716
47.98916667,-0.18415221,0.510503241
52.21791667,-0.117319422,0.066832788
52.67625,-0.118702893,-0.001383471
54.19375,-0.185149317,-0.066446424
45.25541667,-0.142446404,0.042702913
35.0375,-0.852724334,-0.71027793
30.30875,-1.209189247,-0.356464912
38.42125,-0.501562494,0.707626752
38.99416667,-0.593598603,-0.092036109
39.00458333,-0.617613043,-0.02401444
44.1675,-0.421685297,0.195927746
41.28208333,-0.620089393,-0.198404097
32.1975,-1.188942396,-0.568853002
11.56583333,-1.509828912,-0.320886517
37.98666667,-0.813726727,0.696102185
41.8125,-0.327155214,0.486571513
57.29625,-0.051996154,0.27515906
46.95333333,0.022974594,0.074970748
29.2325,-0.640002464,-0.662977058
33.11041667,-0.944483383,-0.304480918
11.61791667,-0.977184027,-0.032700644
47.43833333,-0.160355324,0.816828702
52.27916667,0.077797696,0.238153021
43.42083333,-0.121309043,-0.199106739
37.14416667,0.007242281,0.128551325
47.36041667,0.052791737,0.045549455
26.39916667,-0.442193084,-0.494984821
24.40666667,-0.670872683,-0.228679599
44.20208333,-0.255116641,0.415756043
50.31666667,0.427353304,0.682469945
47.72708333,0.534740296,0.107386992
54.05291667,0.627572066,0.09283177
54.86875,0.600209974,-0.027362092
53.89333333,0.581381976,-0.018827998
44.43833333,0.424081205,-0.157300772
56.84416667,1.138136463,0.714055259
60.80291667,1.152176313,0.01403985
57.29125,1.406657945,0.254481631
56.97208333,1.537548434,0.130890489
57.72916667,1.555343086,0.017794652
66.98166667,0.890143727,-0.665199359
57.09375,0.525722278,-0.364421449
55.5675,1.392261242,0.866538964
59.60958333,1.684252679,0.291991436
58.93916667,1.864381902,0.180129224
70.01625,1.946717368,0.082335465
70.81291667,1.610358424,-0.336358944
62.39958333,0.761351816,-0.849006608
51.92125,0.649518813,-0.111833003
70.78958333,1.333665784,0.684146971
83.57,1.73279845,0.399132666
77.26791667,1.651417744,-0.081380707
69.05791667,1.490513514,-0.16090423
71.66625,1.381094186,-0.109419327
62.02416667,1.208023037,-0.17307115
51.89,0.902748549,-0.305274488
67.8075,1.824715691,0.921967142
64.46791667,1.914486193,0.089770502
72.85625,1.798672774,-0.115813419
83.38375,1.745676353,-0.052996421
65.01375,1.652562328,-0.093114025
56.948125,0.976613715,-0.675948613
48.45583333,0.635513435,-0.34110028
54.14583333,1.157840144,0.522326709
60.15958333,1.208383596,0.050543452
49.80833333,0.981180797,-0.227202799
53.635625,0.883911048,-0.097269749
46.35791667,1.117366025,0.233454977
32.92604167,0.470602271,-0.646763754
19.05375,-0.136556536,-0.607158807
21.26833333,0.120110364,0.256666901
15.71166667,-0.388335088,-0.508445452
19.89333333,-0.339787315,0.048547772
26.65083333,0.288265659,0.628052975
18.21583333,0.073097362,-0.215168298
25.7575,0.07873401,0.005636649
24.24833333,0.13772952,0.05899551
36.6775,0.559843137,0.422113617
26.38791667,0.379947285,-0.179895853
12.52625,-0.120721546,-0.50066883
28.91791667,0.309648545,0.43037009
26.74,0.580175994,0.270527449
21.66958333,0.138080998,-0.442094996
21.68416667,-0.069710504,-0.207791503
32.47458333,0.372512497,0.442223001
35.05625,0.424742412,0.052229915
36.60625,0.535234926,0.110492514
37.71958333,0.44132521,-0.093909716
51.05791667,0.816211097,0.374885887
41.46333333,0.294000555,-0.522210542
24.89666667,0.106855542,-0.187145013
47.28833333,0.749324274,0.642468732
48.30208333,1.145315757,0.395991483
46.83708333,1.150173165,0.004857408
42.0675,0.872823253,-0.277349912
38.03083333,0.845051568,-0.027771685
38.60416667,0.579498477,-0.265553091
33.92875,0.532562485,-0.046935993
55.30458333,1.292360754,0.759798269
56.92166667,1.459880881,0.167520127
50.8375,1.466499731,0.00661885
53.84041667,1.248920618,-0.217579113
52.79833333,1.333604244,0.084683627
36.98770833,0.713888165,-0.619716079
22.5325,0.22681614,-0.487072025
44.9275,0.902270243,0.675454103
51.64208333,1.207408669,0.305138427
52.80125,1.540448439,0.33303977
52.37791667,1.687539037,0.147090598
47.74791667,1.518246596,-0.169292442
32.24,0.609573209,-0.908673387
34.37333333,0.576625542,-0.032947666
51.76333333,1.315826293,0.739200751
44.06958333,1.198283647,-0.117542646
52.86083333,0.813014411,-0.385269236
38.67666667,0.815368844,0.002354434
42.31666667,0.569035935,-0.246332909
28.04666667,0.226861364,-0.342174572
21.43666667,0.04758714,-0.179274224
47.62875,1.119325901,1.071738761
52.75333333,1.125076474,0.005750573
45.3525,1.076621911,-0.048454563
47.72333333,0.8337491,-0.242872811
47.22458333,0.833497512,-0.000251589
26.40041667,0.129880655,-0.703616857
19.40041667,0.243361705,0.11348105
39.64791667,0.974321885,0.730960181
44.56625,1.066882563,0.092560678
43.12,0.926011523,-0.140871041
38.80166667,0.744777994,-0.181233529
31.23875,0.69676228,-0.048015713
34.89833333,0.387829529,-0.308932751
17.10625,-0.006831858,-0.394661386
35.24208333,0.557079176,0.563911034
39.1425,0.525293895,-0.031785281
45.37333333,0.863764627,0.338470732
40.78041667,0.896598568,0.032833941
46.30833333,0.762063505,-0.134535063
46.14916667,0.559678704,-0.202384801
30.46020833,0.2948863,-0.264792405
44.80541667,0.78141191,0.48652561
51.155,1.102582168,0.321170258
44.31208333,1.077788075,-0.024794093
41.21541667,0.998487447,-0.079300628
40.27291667,0.908000878,-0.09048657
25.06833333,0.100637097,-0.80736378
15.94083333,-0.39291841,-0.493555508
33.53583333,0.428848939,0.82176735
31.58833333,0.297485062,-0.131363877
38.09333333,0.217989873,-0.079495189
39.21,0.227557817,0.009567943
31.558125,0.176025367,-0.051532449
31.13833333,-0.382037342,-0.558062709
13.090625,-0.765383109,-0.383345768
36.21083333,0.092174931,0.85755804
34.42458333,0.076650258,-0.015524673
31.36333333,0.083269764,0.006619506
27.29875,-0.005342012,-0.088611776
33.48,-0.119430421,-0.114088409
27.39916667,-0.597621202,-0.478190781
26.0725,-0.592532146,0.005089056
44.79166667,0.417344941,1.009877087
47.03333333,0.629702589,0.212357648
49.71958333,0.677192205,0.047489616
48.8325,0.822315057,0.145122852
45.48208333,0.498465984,-0.323849073
34.29875,-0.336340076,-0.83480606
26.27270833,-0.780939423,-0.444599347
44.11083333,-0.109633873,0.671305549
41.32208333,-0.096077921,0.013555952
37.14291667,-0.258472177,-0.162394256
46.87541667,-0.278374955,-0.019902778
43.96208333,-0.30179896,-0.023424005
35.64916667,-0.793475378,-0.491676418
17.9175,-1.081300637,-0.287825258
35.99833333,-0.457825811,0.623474826
32.27958333,-0.354355019,0.103470792
38.31833333,-0.124296783,0.230058236
42.60708333,-0.193686717,-0.069389935
39.63666667,-0.287853266,-0.094166549
26.5225,-0.816574999,-0.528721732
14.67958333,-1.064827391,-0.248252393
32.49458333,-0.401085077,0.663742315
35.66583333,-0.255604871,0.145480206
37.51875,-0.176117762,0.079487109
32.745,-0.141196079,0.034921683
32.22375,-0.261803287,-0.120607209
35.71708333,-0.671279042,-0.409475755
14.55791667,-0.942661464,-0.271382421
17.59833333,-0.879966733,0.06269473
35.12333333,-0.267939051,0.612027682
40.54458333,-0.190574809,0.077364242
38.83708333,-0.222691704,-0.032116895
33.35,-0.417839551,-0.195147847
27.32041667,-0.919772739,-0.501933188
24.96166667,-1.214872739,-0.2951
35.9425,-0.406878694,0.807994045
37.83416667,-0.143977902,0.262900792
35.35,-0.207558927,-0.063581025
19.44375,-0.941992103,-0.734433176
30.71666667,-0.749027175,0.192964927
25.81291667,-0.924521696,-0.17549452
18.72083333,-1.041715093,-0.117193398
32.97166667,-0.405537606,0.636177488
32.02625,-0.47820342,-0.072665814
39.74875,-0.591628879,-0.113425459
21.52166667,-1.299485797,-0.707856918
23.82583333,-1.129251093,0.170234704
21.79375,-1.247334605,-0.118083511
12.625,-1.530338947,-0.283004342
31.21333333,-0.594716895,0.935622052
38.74875,-0.473309105,0.12140779
31.28,-0.393967219,0.079341886
39.455,-0.435431175,-0.041463956
35.06666667,-0.540264534,-0.10483336
29.49083333,-1.054387936,-0.514123402
24.24958333,-1.3212121,-0.266824164
36.61833333,-0.740459232,0.580752868
46.96791667,-0.671078499,0.069380733
40.78333333,-0.701614271,-0.030535772
35.30291667,-0.812562225,-0.110947953
39.345,-0.715951891,0.096610334
30.02166667,-1.217789627,-0.501837736
20.86458333,-1.301362922,-0.083573296
41.855,-0.610254972,0.691107951
40.57375,-0.56825313,0.042001841
42.785,-0.46722152,0.10103161
29.12916667,-1.124372068,-0.657150548
32.74,-0.917915347,0.206456722
21.44708333,-1.157376461,-0.239461114
19.32708333,-1.385047391,-0.22767093
34.44708333,-0.683196101,0.701851289
40.88083333,-0.574769892,0.108426209
37.48333333,-0.712044541,-0.137274648
30.50083333,-0.639809309,0.072235232
28.05,-0.711331354,-0.071522045
29.3525,-1.289804587,-0.578473234
24.99041667,-1.531530784,-0.241726196
26.4525,-1.35553356,0.175997223
49.8925,-0.691243244,0.664290317
47.75541667,-0.589384556,0.101858688
32.20541667,-0.583217079,0.006167477
30.78875,-0.633363618,-0.050146539
27.055,-1.287030792,-0.653667174
16.00125,-1.628329897,-0.341299106
31.641875,-0.892761088,0.73556881
39.05541667,-0.811754073,0.081007015
33.4475,-0.782041019,0.029713054
32.07083333,-0.721281048,0.060759971
32.55916667,-0.780307251,-0.059026203
27.0775,-1.265455909,-0.485148657
21.5025,-1.427247498,-0.161791589
39.68291667,-0.691756526,0.735490972
35.75416667,-0.634344909,0.057411618
40.42541667,-0.700149402,-0.065804493
39.39041667,-0.642151494,0.057997908
38.565,-0.675359403,-0.033207909
29.84791667,-1.102897085,-0.427537682
24.18583333,-1.468762148,-0.365865063
35.09833333,-0.724748857,0.744013291
34.24958333,-0.634247378,0.090501479
34.705,-0.683755055,-0.049507677
31.18625,-0.613856243,0.069898812
32.3925,-0.647825665,-0.033969422
19.8675,-1.298940738,-0.651115073
16.46416667,-1.446164459,-0.147223721
35.07333333,-0.710911057,0.735253403
30.1625,-0.701043795,0.009867261
12.27708333,-0.758907643,-0.057863847
22.21958333,-0.844931282,-0.086023639
27.26729167,-0.819116454,0.025814828
15.73,-1.241353621,-0.422237167
17.69583333,-1.49316612,-0.251812499
20.53791667,-1.475716416,0.017449705
25.67083333,-0.756951299,0.718765116
40.25916667,-0.613970014,0.142981285
37.03916667,-0.585087959,0.028882055
34.02083333,-0.563150464,0.021937494
23.88083333,-0.979629183,-0.416478719
19.33083333,-1.278264587,-0.298635404
39.37916667,-0.862482775,0.415781813
31.72166667,-0.763270322,0.099212453
29.52916667,-0.675405314,0.087865008
29.88666667,-0.624836123,0.050569191
33.17875,-0.684749738,-0.059913615
23.00270833,-1.125510068,-0.44076033
20.09916667,-1.387748463,-0.262238395
24.40958333,-0.798865287,0.588883176
20.05708333,-0.77880247,0.020062817
25.42958333,-0.803145433,-0.024342963
25.18125,-0.798897876,0.004247556
24.20958333,-0.850342627,-0.051444751
22.6025,-1.316660924,-0.466318297
12.57583333,-1.602661343,-0.286000419
26.66958333,-1.068407801,0.534253542
23.98708333,-0.997705987,0.070701814
16.989375,-1.061103716,-0.063397729
19.44833333,-1.065997278,-0.004893562
26.98833333,-1.172954393,-0.106957115
8.144583333,-1.526344338,-0.353389945
12.0425,-1.878799336,-0.352454998
17.15395833,-1.415726402,0.463072933
14.0375,-1.285916962,0.129809441
14.87041667,-1.345952944,-0.060035982
17.91541667,-1.399492228,-0.053539283
18.30229167,-1.740213135,-0.340720907
14.489375,-1.790865346,-0.050652211
9.972083333,-1.93569814,-0.144832794
21.58208333,-1.353614245,0.582083894
25.95625,-1.104303281,0.249310964
26.96916667,-1.016846718,0.087456563
30.84208333,-0.967854207,0.048992511
30.36291667,-1.025315776,-0.057461569
33.94916667,-1.362889562,-0.337573786
19.61166667,-1.496688784,-0.133799222
31.85958333,-0.979632681,0.517056103
39.47979167,-0.945944099,0.033688583
33.2025,-0.792853004,0.153091095
31.23479167,-0.76802938,0.024823624
30.69416667,-0.771644693,-0.003615312
24.77625,-1.207942868,-0.436298176
21.66958333,-1.449748908,-0.24180604
33.72125,-0.785673408,0.6640755
35.27583333,-0.684726895,0.100946513
33.60625,-0.737991818,-0.053264923
36.445,-0.67663806,0.061353758
37.41833333,-0.676336696,0.000301364
31.66791667,-1.130471095,-0.454134399
23.90291667,-1.380262115,-0.24979102
38.39708333,-0.692126486,0.688135628
38.70458333,-0.573259666,0.11886682
36.91583333,-0.612796933,-0.039537267
39.10833333,-0.643698412,-0.030901479
37.85416667,-0.685973454,-0.042275042
33.265,-1.170488355,-0.4845149
27.38958333,-1.398912091,-0.228423736
40.16708333,-0.677351909,0.721560181
37.54791667,-0.560541542,0.116810367
39.87916667,-0.587202605,-0.026661063
38.54854167,-0.56855057,0.018652035
42.90458333,-0.591086878,-0.022536308
40.79458333,-1.098051379,-0.506964501
30.53625,-1.421154059,-0.32310268
39.38833333,-0.699453966,0.721700092
39.04833333,-0.534980921,0.164473046
46.92625,-0.511205528,0.023775393
40.55916667,-0.550393468,-0.03918794
36.95625,-0.580875323,-0.030481856
33.39291667,-1.137476391,-0.556601067
23.505,-1.378987019,-0.241510629
42.16916667,-0.662492948,0.716494072
47.10083333,-0.525353639,0.137139309
48.65833333,-0.55810001,-0.032746371
51.1575,-0.554463806,0.003636204
44.26208333,-0.628978517,-0.074514711
36.60791667,-1.172396564,-0.543418047
37.06458333,-1.296671407,-0.124274843
52.26125,-0.605225813,0.691445594
44.72375,-0.641735612,-0.036509799
40.03291667,-0.700380081,-0.058644469
41.15708333,-0.682018291,0.01836179
44.68916667,-0.488080322,0.193937969
39.53916667,-0.963757672,-0.47567735
25.30083333,-1.336499991,-0.372742319
42.21125,-0.712967156,0.623532835
41.68875,-0.320577845,0.39238931
41.16666667,-0.354855982,-0.034278137
39.12708333,-0.548677582,-0.1938216
40.49416667,-0.575481618,-0.026804036
29.75083333,-1.150301245,-0.574819627
20.12041667,-1.390928089,-0.240626844
42.52375,-0.553769239,0.83715885
35.52625,-0.727366041,-0.173596802
47.75875,-0.488849326,0.238516715
57.30916667,-0.227151088,0.261698238
44.61416667,-0.276714797,-0.049563709
39.505,-0.727160163,-0.450445366
30.84229167,-0.863047452,-0.135887288
49.72333333,-0.149378461,0.713668991
42.46666667,-0.089537981,0.05984048
46.7625,-0.049851732,0.039686249
43.43416667,-0.15688057,-0.107028838
39.46666667,-0.243365495,-0.086484926
24.00125,-0.839955044,-0.596589549
18.15166667,-1.305392504,-0.465437459
34.31083333,-0.602159539,0.703232965
52.97791667,-0.077144337,0.525015202
47.5575,0.210761054,0.287905392
42.88666667,0.340604849,0.129843795
35.06,0.037828388,-0.302776461
34.24291667,-0.393607869,-0.431436257
35.95833333,-0.378201529,0.01540634
39.93583333,-0.081242104,0.296959424
34.89875,-0.424244995,-0.343002891
42.73041667,0.176696843,0.600941838
43.22375,0.312635469,0.135938626
37.33875,0.209531074,-0.103104396
31.55291667,-0.201665722,-0.411196796
24.91791667,-0.365435777,-0.163770055
40.50458333,0.510848419,0.876284196
43.70833333,0.6105132,0.09966478
47.6,0.766332759,0.155819559
52.04541667,0.609519354,-0.156813405
44.93833333,0.418142539,-0.191376815
35.82416667,-0.193656112,-0.611798651
25.42416667,-0.548665363,-0.355009251
41.84166667,0.134333993,0.682999356
46.70541667,0.294148732,0.159814739
46.88375,0.360629046,0.066480314
36.33875,0.37926255,0.018633504
37.34875,0.074473708,-0.304788843
34.9425,-0.206662542,-0.281136249
31.26041667,-0.232473435,-0.025810893
46.43083333,0.530139294,0.762612729
54.97666667,0.910637462,0.380498168
65.465,1.134077754,0.223440292
61.53416667,1.396605864,0.26252811
55.04583333,1.312701438,-0.083904426
46.91125,0.770845692,-0.541855746
42.13791667,0.639306646,-0.131539046
46.45666667,1.305613494,0.666306848
54.5675,1.582313046,0.276699552
60.11208333,1.279187392,-0.303125654
55.73416667,0.986003864,-0.293183528
56.11791667,0.804429416,-0.181574449
49.78791667,0.558610265,-0.24581915
44.91333333,0.515711564,-0.042898701
48.43916667,1.066691318,0.550979754
47.90916667,1.19830803,0.131616711
41.82416667,0.93737167,-0.26093636
33.23083333,0.518056408,-0.419315262
26.22041667,0.384935889,-0.133120519
25.31416667,0.17899905,-0.205936839
24.47083333,0.080311057,-0.098687993
28.12875,0.685302369,0.604991313
31.57666667,0.435349706,-0.249952663
20.6875,0.065791697,-0.369558009
16.62416667,0.018325207,-0.04746649
33.10416667,0.723273645,0.704948438
30.73375,0.248592492,-0.474681154
36.37625,0.569320584,0.320728093
50.20291667,1.453299162,0.883978578
46.80041667,1.545030533,0.091731371
45.35166667,1.577118858,0.032088325
