51.10791667,0.994812608,-0.779285254
86.65916667,1.825426073,0.830613465
81.24291667,2.081031844,0.255605771
44.19083333,0.51003845,-1.570993394
41.31083333,-0.3818226,-0.89186105
76.19166667,1.87131028,2.25313288
66.82458333,2.162642852,0.291332572
60.37416667,2.076183766,-0.086459086
62.90916667,1.402810898,-0.673372867
64.09208333,1.686089131,0.283278233
19.50166667,-0.77797634,-2.464065471
35.975,-0.592837648,0.185138691
70.03541667,1.804536338,2.397373987
69.6675,1.882358937,0.077822599
66.58625,1.92413386,0.041774923
67.17291667,1.59514041,-0.32899345
74.91916667,2.025419933,0.430279523
64.61625,0.989202046,-1.036217888
57.65,0.399529529,-0.589672517
67.53208333,1.653154627,1.253625098
70.02583333,1.95888442,0.305729793
65.435,1.539785507,-0.419098912
50.45875,1.19326452,-0.346520988
43.36541667,-1.265400427,-2.458664947
44.2675,-0.852268852,0.413131575
52.40833333,-0.659337932,0.19293092
65.08208333,0.716448308,1.37578624
54.5175,0.796730288,0.080281981
55.98333333,0.889318464,0.092588175
55.73458333,0.933568868,0.044250404
50.19125,-0.579440301,-1.513009169
-1.25625,-0.656926252,-0.07748595
35.49,-0.113222456,0.543703795
57.07791667,1.889721927,2.002944383
62.66583333,1.868054806,-0.02166712
51.11125,1.692344233,-0.175710574
51.39583333,0.781733753,-0.910610479
46.24416667,1.329357466,0.547623712
32.53208333,-0.267663451,-1.597020917
30.45916667,-0.458348041,-0.190684591
53.74541667,1.587366915,2.045714957
51.76083333,1.681412882,0.094045966
41.34875,1.374363747,-0.307049135
47.13625,1.580402027,0.20603828
49.7225,1.009297495,-0.571104532
43.58125,-0.24253417,-1.251831664
20.395,-0.81474552,-0.57221135
46.075,1.366424625,2.181170145
52.52333333,1.761373839,0.394949214
56.62125,1.886134818,0.124760979
56.86916667,1.924910837,0.03877602
62.66375,1.962004689,0.037093852
55.20541667,0.846802007,-1.115202682
51.70375,0.038943072,-0.807858935
54.58541667,1.766911026,1.727967955
45.22791667,1.330275646,-0.436635381
60.4875,1.879087882,0.548812236
59.4325,1.878477596,-0.000610286
55.97791667,1.725263025,-0.15321457
51.1825,0.602583606,-1.12267942
52.84916667,0.096084413,-0.506499193
79.44833333,1.720430305,1.624345892
68.54041667,1.786563451,0.066133146
54.84416667,1.57043984,-0.216123611
60.71791667,1.053439103,-0.517000737
44.27375,-0.109890965,-1.163330068
35.43166667,-1.519494358,-1.409603393
10.53958333,-1.239397338,0.28009702
51.425,0.174276189,1.413673526
48.94625,0.90277709,0.728500902
56.29083333,1.559542237,0.656765147
47.15208333,1.438729294,-0.120812943
45.81125,1.271322713,-0.167406581
43.86291667,0.08858127,-1.182741444
49.25666667,-0.524010097,-0.612591366
57.99,0.509186872,1.033196969
52.33375,0.957601671,0.448414799
58.64916667,1.427356683,0.469755012
54.0325,1.514267054,0.086910372
60.73208333,1.647752562,0.133485508
50.92229167,0.242465372,-1.405287191
40.22125,-0.45818162,-0.700646992
54.66333333,1.306500766,1.764682387
56.88291667,1.598753838,0.292253072
55.4875,1.553667986,-0.045085852
63.08416667,1.499395563,-0.054272423
55.04208333,1.279336762,-0.220058801
45.79625,0.053175334,-1.226161428
47.22083333,-0.329115804,-0.382291139
58.90125,1.407209775,1.736325579
52.83083333,1.283557996,-0.123651778
51.90375,1.13863637,-0.144921627
59.97625,1.269737832,0.131101462
59.57708333,1.255980856,-0.013756976
54.33041667,-0.255715777,-1.511696632
38.94083333,-0.609284425,-0.353568648
45.02041667,0.578265706,1.187550131
52.8375,0.763881051,0.185615345
52.54583333,0.57737186,-0.186509191
57.55875,0.16830249,-0.40906937
52.50375,0.377746294,0.209443804
51.07583333,0.015288639,-0.362457655
51.585,-0.573321671,-0.58861031
58.14583333,1.255832889,1.829154559
51.05041667,0.664196074,-0.591636814
55.45333333,0.183296926,-0.480899148
69.52958333,1.079937106,0.89664018
54.95333333,1.158058647,0.078121542
53.64208333,-0.140498084,-1.298556731
44.34083333,-0.581534342,-0.441036258
50.91916667,0.913606038,1.49514038
56.13,0.908938286,-0.004667752
55.26375,0.872324997,-0.036613289
50.99125,0.605852886,-0.266472111
54.29708333,0.819351211,0.213498325
48.66791667,-0.062429683,-0.881780894
42.30291667,-0.939436233,-0.87700655
48.25208333,0.778567322,1.718003555
59.58208333,0.763608516,-0.014958806
56.62,0.93186417,0.168255654
55.04375,0.54353237,-0.3883318
58.48291667,0.243045828,-0.300486542
51.24625,-0.613485588,-0.856531417
44.12458333,-1.093464276,-0.479978688
59.73291667,0.616530913,1.709995189
53.33166667,0.372403497,-0.244127416
58.02375,0.207850926,-0.164552571
58.22875,-0.391795467,-0.599646394
47.41875,-0.589178076,-0.197382609
41.1025,-1.188460308,-0.599282231
34.93583333,-1.320054113,-0.131593805
57.88791667,0.509290026,1.829344139
58.0275,-0.348822145,-0.858112171
58.42916667,-0.344744822,0.004077323
63.39083333,0.844807468,1.189552289
58.85166667,0.776697575,-0.068109893
53.60916667,-0.339559965,-1.11625754
52.48166667,-1.143788706,-0.804228741
56.01875,0.506152263,1.649940969
55.42208333,0.499626,-0.006526263
60.54458333,0.524042295,0.024416295
58.27916667,0.475734116,-0.048308179
52.60875,-1.697802099,-2.173536215
49.21416667,-1.51486603,0.18293607
25.68166667,-1.923863695,-0.408997666
26.1325,-1.673968479,0.249895217
56.48,0.099633542,1.77360202
58.89958333,0.578903026,0.479269484
58.61916667,0.350364279,-0.228538747
56.615,-0.281282653,-0.631646932
41.76708333,-1.654837784,-1.373555131
25.89791667,-2.263763227,-0.608925443
42.82583333,-0.102806642,2.160956585
67.91375,0.445118113,0.547924755
65.00333333,0.514171658,0.069053545
62.36958333,0.460972643,-0.053199015
58.595,0.321272891,-0.139699752
51.23083333,-1.096285304,-1.417558195
40.03875,-2.094009583,-0.997724279
53.35166667,-0.198416024,1.895593559
72.57458333,0.537586086,0.73600211
64.08791667,0.566550537,0.028964452
63.47625,0.591797887,0.02524735
55.9325,0.102252047,-0.489545841
47.07791667,-0.67190992,-0.774161966
44.67541667,-1.68950195,-1.01759203
59.57458333,-0.007728774,1.681773176
58.54583333,0.221751802,0.229480576
62.64916667,0.43552873,0.213776927
75.18416667,0.510985157,0.075456427
62.43041667,0.464914914,-0.046070242
53.79791667,-0.748357098,-1.213272013
44.73,-1.618671177,-0.870314079
59.92375,-0.041675386,1.576995791
55.27333333,-0.099821751,-0.058146365
63.45916667,-0.055609198,0.044212554
49.40833333,0.022315466,0.077924664
59.49708333,-0.309496148,-0.331811614
54.74791667,-0.964093512,-0.654597365
43.27625,-1.930471098,-0.966377585
58.60375,0.091682647,2.022153744
65.0725,0.372138881,0.280456234
60.01916667,0.258284784,-0.113854097
50.47625,-1.701983398,-1.960268182
47.0025,-0.716987861,0.984995537
51.79333333,-0.900552814,-0.183564953
45.18541667,-1.556137959,-0.655585146
67.12208333,0.345233296,1.901371256
63.775,0.531601793,0.186368497
60.95083333,0.48071272,-0.050889073
60.61,0.065914447,-0.414798273
62.72666667,0.38195463,0.316040183
57.47541667,-0.826990998,-1.208945629
43.325,-1.435399422,-0.608408424
45.48958333,-1.417724593,0.017674829
64.60666667,0.029738997,1.44746359
61.93583333,0.569951011,0.540212014
61.35166667,0.511329939,-0.058621072
57.21041667,0.112437653,-0.398892286
43.29833333,-1.11979831,-1.232235963
17.09125,-2.611380736,-1.491582427
57.95833333,-0.243003456,2.36837728
57.11041667,0.3992541,0.642257556
53.18333333,0.44138988,0.04213578
46.12791667,-1.14469999,-1.58608987
50.31916667,-0.538744945,0.605955045
46.71125,-0.838640664,-0.299895719
43.41708333,-1.396191736,-0.557551072
55.13375,0.046928104,1.44311984
54.69083333,0.153216682,0.106288578
59.57875,0.246516863,0.093300181
54.88625,0.034747853,-0.21176901
54.85208333,0.011138915,-0.023608937
43.82625,-1.593103661,-1.604242577
28.1375,-2.149792637,-0.556688975
50.65083333,0.235851696,2.385644333
58.30875,0.516846826,0.28099513
51.49166667,0.352970108,-0.163876718
56.9225,0.491365897,0.138395788
50.5625,0.403539691,-0.087826206
51.05583333,-0.792091357,-1.195631047
47.0125,-1.281862264,-0.489770908
55.52541667,0.362497865,1.64436013
51.98833333,0.400979686,0.038481821
53.59,0.394058401,-0.006921285
42.27916667,0.021977052,-0.372081348
45.98791667,-0.248101883,-0.270078935
36.58125,-0.897447081,-0.649345199
31.42708333,-1.462694189,-0.565247108
40.67083333,-0.258828044,1.203866146
50.91666667,0.410074683,0.668902727
49.02583333,0.664941393,0.25486671
45.40958333,0.310693815,-0.354247578
38.26625,-0.273364971,-0.584058786
17.12708333,-1.466526839,-1.193161868
2.503333333,-1.825286143,-0.358759304
46.11958333,0.100722298,1.926008441
50.15791667,0.367256117,0.266533819
48.84458333,0.268064639,-0.099191478
54.13625,0.31465143,0.046586792
47.27875,-0.059479371,-0.374130801
46.42291667,-1.315090082,-1.255610711
46.25708333,-1.600558326,-0.285468244
53.03625,0.130126532,1.730684858
46.55375,0.014302093,-0.115824439
50.63125,0.190022395,0.175720302
51.97916667,0.29057233,0.100549935
47.00125,0.249110077,-0.041462253
42.70875,-0.813494185,-1.062604262
31.12458333,-1.728418663,-0.914924478
38.10791667,-0.421399562,1.307019101
36.47833333,-0.84649581,-0.425096248
39.90041667,-0.325773474,0.520722335
36.89291667,-0.249264658,0.076508816
55.45458333,0.157567447,0.406832105
50.89,-0.722739622,-0.880307069
39.86125,-1.362970153,-0.640230531
44.18083333,0.336393251,1.699363404
54.25541667,0.429843582,0.093450331
52.615,0.310328694,-0.119514888
52.2625,0.350432373,0.040103679
54.96541667,-0.04603905,-0.396471423
49.5225,-0.986572628,-0.940533578
45.29125,-1.376126861,-0.389554233
58.00083333,0.324610524,1.700737385
59.23916667,0.239875084,-0.08473544
66.715,0.534726065,0.294850981
57.29,0.693841847,0.159115781
50.11291667,0.333346943,-0.360494904
47.61708333,-0.722731071,-1.056078014
26.47,-1.758378954,-1.035647883
50.59666667,-0.238493656,1.519885298
56.02708333,0.366448795,0.604942452
53.6475,0.517945457,0.151496662
56.22791667,0.685075527,0.16713007
57.56708333,0.477560317,-0.20751521
54.88291667,-0.656770045,-1.134330363
52.04583333,-1.141303672,-0.484533627
48.73541667,0.739561709,1.880865381
38.67708333,-0.108921993,-0.848483701
49.605,-0.215461354,-0.106539362
55.64416667,0.147941047,0.363402402
57.92416667,0.838185503,0.690244456
50.67833333,-0.354462257,-1.19264776
31.48416667,-0.996932621,-0.642470365
34.94041667,0.093769779,1.0907024
49.56583333,0.042435438,-0.05133434
56.725,-0.026755258,-0.069190696
49.13791667,0.445700456,0.472455714
56.38208333,0.694138594,0.248438137
43.86208333,-0.332601818,-1.026740412
43.91708333,-0.801938932,-0.469337114
50.73041667,0.861059663,1.662998595
52.21,0.847479762,-0.013579901
53.14916667,0.770146913,-0.077332849
49.3,0.692664238,-0.077482675
48.59666667,0.901130164,0.208465926
46.21875,-0.287461156,-1.18859132
42.95708333,-1.028253841,-0.740792685
58.62,0.764924022,1.793177863
61.90125,1.114036103,0.349112081
56.41625,1.007389935,-0.106646168
53.16541667,1.008191433,0.000801498
55.93583333,0.786967979,-0.221223454
51.17208333,-0.306945043,-1.093913021
40.61458333,-0.941129665,-0.634184622
47.63875,-1.198826855,-0.25769719
51.25666667,0.349423935,1.548250791
55.53541667,0.752095175,0.40267124
48.37875,0.01189124,-0.740203934
59.88208333,0.287038938,0.275147697
49.125,-0.874615136,-1.161654074
45.735,-1.023567575,-0.148952438
53.355,0.096600482,1.120168057
47.77458333,-0.023488806,-0.120089288
60.50208333,0.815537872,0.839026678
57.67125,0.927117016,0.111579144
52.24916667,0.922351288,-0.004765728
41.09875,-0.267141163,-1.189492451
40.52958333,-1.014369528,-0.747228365
51.73208333,0.780243729,1.794613257
47.04125,0.407290157,-0.372953572
69.18583333,0.689152493,0.281862336
60.71666667,0.914670957,0.225518464
56.03625,0.953276631,0.038605674
50.46125,-0.261562325,-1.214838956
44.26833333,-1.031515946,-0.769953622
47.46333333,0.152700201,1.184216148
57.51375,0.352583692,0.199883491
54.7575,1.207590641,0.855006949
51.80625,1.16604078,-0.041549861
59.545,1.139841462,-0.026199318
46.64375,0.109465316,-1.030376146
39.08354167,-0.604847607,-0.714312923
55.09583333,0.957255542,1.562103149
47.63583333,0.155243382,-0.80201216
62.71083333,1.337712604,1.182469222
58.25666667,1.132374475,-0.205338129
54.51541667,1.143106202,0.010731728
52.37291667,0.085942776,-1.057163427
40.71416667,-0.508127037,-0.594069812
56.5075,1.15893865,1.667065687
59.095,1.253744984,0.094806334
68.99583333,1.454539487,0.200794503
59.37958333,1.368424191,-0.086115296
48.19916667,0.872051923,-0.496372268
51.51791667,0.19300875,-0.679043173
50.54666667,-0.184770638,-0.377779387
69.12416667,1.659242884,1.844013522
66.82166667,1.735076551,0.075833667
67.74083333,1.570800116,-0.164276436
66.75166667,1.690683066,0.119882951
63.2725,1.785621589,0.094938522
49.8025,0.57018078,-1.215440808
46.01,0.027606728,-0.542574052
57.42375,1.557034656,1.529427928
64.18166667,1.84680004,0.289765383
65.13166667,1.876441265,0.029641225
55.8775,1.710314931,-0.166126333
54.93125,1.153835898,-0.556479033
42.4375,-0.289510035,-1.443345933
23.77666667,-1.806408634,-1.5168986
67.62375,1.203553807,3.009962441
54.63666667,1.380015007,0.1764612
54.67333333,1.369505183,-0.010509824
62.34708333,1.201036565,-0.168468619
53.08208333,1.32813244,0.127095876
47.33333333,-0.581501764,-1.909634204
40.72333333,-1.029560141,-0.448058378
50.6475,0.76148184,1.791041981
58.08375,0.944542806,0.183060965
46.73083333,1.017920116,0.07337731
43.76333333,0.629312121,-0.388607995
50.37458333,0.05947315,-0.569838971
43.01041667,-0.01496757,-0.07444072
35.73083333,-0.154953546,-0.139985976
49.34041667,1.389087142,1.544040687
50.20041667,0.489179779,-0.899907363
45.34416667,0.709968558,0.220788779
48.19708333,1.018457871,0.308489313
33.21833333,1.694913576,0.676455706
47.12666667,-0.363289629,-2.058203206
49.40375,-0.823639654,-0.460350025
53.95583333,1.057433026,1.881072681
52.08041667,1.229527501,0.172094474
46.03666667,1.460484682,0.230957182
44.23375,1.432862789,-0.027621893
41.6775,0.811719618,-0.621143171
26.54833333,-1.060719842,-1.87243946
14.555,-1.509325793,-0.448605951
7.455,-1.464701669,0.044624124
39.19375,-0.256463113,1.208238556
39.38166667,0.025048175,0.281511287
31.93666667,-1.066665499,-1.091713674
37.59791667,-0.434958163,0.631707337
38.975,-0.237009718,0.197948444
14.8975,-1.115604966,-0.878595247
28.39041667,1.006432096,2.122037062
24.93916667,0.182023601,-0.824408495
37.64208333,-0.106720201,-0.288743802
41.80041667,-0.173340769,-0.066620568
44.79291667,0.265093285,0.438434054
23.87125,-0.255961693,-0.521054978
33.2,-0.663617726,-0.407656033
46.39041667,1.581103971,2.244721697
36.64791667,1.451709496,-0.129394475
44.43875,1.343808252,-0.107901245
41.1575,0.191675933,-1.152132319
37.51375,0.274966592,0.083290659
41.55875,0.118125672,-0.15684092
38.10416667,0.036456098,-0.081669574
49.73416667,1.772903802,1.736447704
55.595,1.910934204,0.138030403
39.96208333,1.543119184,-0.36781502
41.15166667,1.329795189,-0.213323995
44.85666667,0.897906448,-0.431888741
38.87208333,-0.347070775,-1.244977223
22.6625,-1.487630191,-1.140559416
44.545,1.467449089,2.95507928
53.8825,1.892134315,0.424685226
47.49791667,1.834924432,-0.057209884
50.255,1.094865834,-0.740058597
50.99208333,1.676903679,0.582037844
47.40458333,0.769619953,-0.907283726
40.71916667,-0.064909961,-0.834529914
47.57125,1.065978334,1.130888295
47.42166667,1.238700535,0.172722202
53.70083333,1.385052207,0.146351672
72.27333333,1.813408523,0.428356316
85.93708333,1.937940788,0.124532265
62.7175,0.845283884,-1.092656904
48.455,0.037531183,-0.807752701
89.31083333,1.768826314,1.73129513
122.6145833,2.043171274,0.27434496
92.29583333,1.904038675,-0.139132599
59.02375,1.800680637,-0.103358038
74.20041667,1.743075551,-0.057605085
53.90958333,0.70293199,-1.040143562
51.37958333,0.049836119,-0.653095871
115.2725,1.874644392,1.824808273
63.52,1.598505764,-0.276138628
43.83208333,0.256207666,-1.342298098
56.90458333,1.443646579,1.187438913
40.61416667,1.217692367,-0.225954212
36.99625,-0.141909548,-1.359601915
41.4375,-1.173280168,-1.03137062
50.06916667,0.645426541,1.818706709
41.35458333,0.382718691,-0.26270785
38.905,0.511877281,0.12915859
46.36375,0.496907688,-0.014969593
35.1325,0.153416267,-0.343491421
34.16041667,-0.740389301,-0.893805569
32.04208333,-0.523622582,0.216766719
45.5975,1.404604802,1.928227384
41.88708333,1.19059879,-0.214006012
44.89208333,1.41796114,0.22736235
52.08541667,1.28228649,-0.13567465
44.76875,1.309566252,0.027279762
43.00416667,-0.195020481,-1.504586733
30.27041667,-0.435344383,-0.240323902
40.48166667,0.94749803,1.382842412
48.69375,1.191721692,0.244223662
41.78916667,1.002561417,-0.189160275
52.92583333,0.834925522,-0.167635895
42.09333333,1.068007172,0.23308165
34.40875,-0.314917858,-1.38292503
32.6225,-0.944150399,-0.629232541
42.02958333,0.693310539,1.637460938
49.00125,1.017826698,0.324516159
49.51875,1.144603899,0.126777201
46.99541667,1.02882492,-0.115778979
42.83833333,0.69574863,-0.33307629
48.99041667,-0.430917878,-1.126666508
23.30625,-0.851045603,-0.420127725
38.82416667,0.809828738,1.660874341
36.5825,0.729076483,-0.080752256
48.3775,0.926384478,0.197307995
40.32083333,0.841217645,-0.085166833
41.99333333,0.799254215,-0.04196343
30.34458333,-0.257419921,-1.056674136
18.66479167,-1.122125191,-0.86470527
37.93,0.53334641,1.655471601
40.86166667,0.44866885,-0.08467756
37.50958333,0.139491561,-0.309177289
35.00791667,-0.468184872,-0.607676433
37.76958333,-0.278549739,0.189635134
12.62041667,-1.458276469,-1.17972673
18.06125,-1.597810015,-0.139533547
37.21166667,0.249351405,1.847161421
45.96833333,0.94367489,0.694323484
49.23875,0.755637112,-0.188037778
61.04791667,0.98589823,0.230261118
46.00333333,-0.969234308,-1.955132538
32.75666667,-0.998821104,-0.029586796
26.05041667,-1.294881581,-0.296060477
23.24583333,-1.529397055,-0.234515474
43.30416667,-0.048820377,1.480576678
55.72875,1.050727015,1.099547392
62.10208333,0.800629915,-0.2500971
55.99916667,0.757673186,-0.042956729
41.26083333,-0.447018353,-1.204691539
36.10458333,-1.196588588,-0.749570235
52.58625,0.187688984,1.384277572
49.94791667,0.482958882,0.295269898
53.92041667,0.422983681,-0.059975201
53.2025,0.297929682,-0.125053999
58.10791667,0.597168974,0.299239293
43.14291667,-0.747267083,-1.344436058
42.72041667,-1.359859938,-0.612592855
51.1025,0.277577076,1.637437014
60.44958333,0.67523558,0.397658504
46.43875,0.191414737,-0.483820843
42.07458333,0.03076746,-0.160647278
59.28375,-0.056165891,-0.08693335
38.12208333,-0.939501836,-0.883335946
21.44375,-1.639870542,-0.700368706
34.435,-0.383142755,1.256727788
16.9,-1.738132471,-1.354989717
39.60208333,-0.051670176,1.686462295
52.67416667,0.507952366,0.559622543
51.16333333,0.128776049,-0.379176317
43.97,-0.726820273,-0.855596322
40.10708333,-1.287924822,-0.561104549
51.76041667,0.465588948,1.753513769
45.4825,0.126175999,-0.339412949
47.72291667,0.462691686,0.336515688
43.29583333,-0.034311269,-0.497002955
46.09333333,-0.546427166,-0.512115897
33.60041667,-1.611126778,-1.064699612
27.22166667,-1.638329483,-0.027202705
41.8625,-0.227874446,1.410455036
48.72416667,0.164885179,0.392759625
51.4475,-0.275371588,-0.440256767
33.5875,-2.063966479,-1.78859489
31.85875,-0.815841456,1.248125023
35.92625,-1.11701266,-0.301171204
27.60125,-1.925241415,-0.808228754
48.83583333,-0.095903097,1.829338318
47.28541667,0.213858236,0.309761333
54.03583333,0.007890698,-0.205967538
44.12,-0.3431836,-0.351074298
36.11625,-0.341272926,0.001910674
25.9675,-1.268637557,-0.927364631
20.05041667,-1.630660493,-0.362022935
30.39041667,-1.884234383,-0.253573891
45.93,-0.532949879,1.351284505
56.86791667,0.178735854,0.711685732
53.41,0.28128809,0.102552236
43.85541667,-0.585604376,-0.866892466
44.67583333,-1.375230127,-0.789625752
34.23,-1.333026489,0.042203639
41.73,0.289497709,1.622524197
46.41708333,0.055399908,-0.234097801
41.0525,0.335848423,0.280448515
38.3275,-0.908589928,-1.244438351
38.55416667,-0.735788279,0.172801649
19.51375,-1.635768247,-0.899979968
20.1875,-1.636059593,-0.000291346
52.60708333,0.28355996,1.919619553
53.72083333,0.339490775,0.055930814
48.00458333,0.351780025,0.01228925
42.77833333,0.321397448,-0.030382577
43.07833333,0.099297579,-0.222099868
42.79458333,-1.277161931,-1.37645951
19.02875,-2.081479029,-0.804317098
34.275,-0.157198914,1.924280115
58.29833333,0.222806285,0.380005198
59.22833333,0.376476808,0.153670523
52.96708333,0.211438411,-0.165038397
46.57791667,-0.445502767,-0.656941178
30.61708333,-1.32099577,-0.875493003
15.67625,-1.867232727,-0.546236956
33.26291667,-0.873834725,0.993398002
42.92041667,-0.472696522,0.401138203
46.645,0.354122649,0.82681917
55.46708333,0.298162732,-0.055959917
45.87833333,0.100738765,-0.197423966
37.44708333,-0.994461009,-1.095199774
30.87125,-1.703068082,-0.708607073
45.19291667,0.274236532,1.977304614
53.86708333,0.476709544,0.202473012
49.87125,0.270394899,-0.206314644
49.70291667,0.212896238,-0.057498661
49.7425,0.301592989,0.088696751
40.25541667,-0.999903059,-1.301496048
20.70291667,-1.652353455,-0.652450396
36.20458333,-0.473470821,1.178882634
50.81583333,0.050483913,0.523954734
41.18166667,0.034507512,-0.015976401
37.13958333,-0.303715175,-0.338222687
41.3075,0.300829787,0.604544962
31.26666667,-1.428929554,-1.729759341
25.23666667,-1.785937746,-0.357008192
40.75041667,-0.312960712,1.472977034
43.09333333,-0.060980989,0.251979723
44.35875,0.158155762,0.219136751
45.17708333,-0.400994576,-0.559150338
50.1075,-0.016390602,0.384603974
35.96708333,-0.994644549,-0.978253947
20.47791667,-1.631062643,-0.636418094
35.41125,-0.565236977,1.065825666
50.275,-0.311271497,0.253965479
52.53916667,-0.145678442,0.165593055
48.8125,-0.056882695,0.088795747
48.19,-0.177859955,-0.12097726
44.13166667,-1.121489638,-0.943629683
24.84666667,-1.77614903,-0.654659392
33.9125,-0.427218446,1.348930584
38.58041667,-0.070544929,0.356673517
38.38916667,-0.300591763,-0.230046834
44.12291667,-0.110453934,0.190137829
42.09583333,-0.09302997,0.017423964
38.94,-1.204124341,-1.111094371
35.87875,-1.688526096,-0.484401754
40.32416667,-0.132589126,1.55593697
34.99291667,-0.562030037,-0.429440911
46.8275,-0.085719642,0.476310395
43.35,0.002703998,0.08842364
44.83208333,-0.109159181,-0.111863179
40.10041667,-1.201805974,-1.092646793
22.82083333,-2.186891681,-0.985085706
46.14875,-0.284777663,1.902114018
54.15208333,-0.144774875,0.140002788
44.785,-0.28776754,-0.142992665
53.40958333,0.223001101,0.510768641
48.49916667,0.074897559,-0.148103542
44.81125,-1.193191221,-1.26808878
41.06083333,-1.812173605,-0.618982384
60.57458333,0.093656355,1.90582996
59.2625,0.450957944,0.357301589
46.9975,0.001150999,-0.449806945
47.76458333,0.137680596,0.136529598
53.34875,0.471759368,0.334078772
38.67208333,-1.136341537,-1.608100905
19.90375,-2.204779255,-1.068437718
42.77791667,-0.210285353,1.994493901
53.31541667,0.249330884,0.459616237
54.29291667,0.350055739,0.100724856
58.32416667,0.598466225,0.248410486
48.95125,0.396713207,-0.201753019
37.61,-0.649735372,-1.046448579
28.82708333,-1.429881789,-0.780146417
47.56458333,0.457653167,1.887534956
49.71541667,0.449874448,-0.007778719
55.27708333,0.431236324,-0.018638124
49.22833333,0.327105097,-0.104131227
49.29125,-0.026998405,-0.354103502
41.01916667,-0.852594634,-0.825596229
35.43083333,-1.524047237,-0.671452604
55.13333333,0.352901716,1.876948954
56.3525,0.622201145,0.269299428
57.52375,0.86590124,0.243700096
44.9325,0.858006218,-0.007895022
38.77416667,-0.176629364,-1.034635582
39.68125,-0.661642146,-0.485012781
28.84458333,-1.404716462,-0.743074316
52.93166667,0.458221459,1.862937921
54.88041667,0.533849826,0.075628367
49.41625,0.566271772,0.032421946
44.33416667,0.620591393,0.054319621
47.79583333,0.668477343,0.047885949
39.37125,-0.62137462,-1.289851963
26.1675,-0.978061619,-0.356686999
41.405,0.16509182,1.143153439
44.60666667,0.547131369,0.382039549
51.74875,0.880808278,0.333676909
47.43666667,0.536718756,-0.344089521
40.41458333,0.479804254,-0.056914503
34.94916667,-0.563285053,-1.043089306
27.36208333,-1.277694952,-0.714409899
49.99,0.719566038,1.99726099
46.0225,0.839185678,0.11961964
34.5875,-1.502704209,-2.341889887
47.29375,0.37250281,1.875207019
34.37333333,0.536616959,0.164114149
35.93958333,-0.397295605,-0.933912564
31.73791667,-1.055573675,-0.65827807
43.86333333,0.460971932,1.516545607
53.15416667,0.613827607,0.152855675
63.42,0.935099097,0.32127149
46.8375,0.837529915,-0.097569182
47.90916667,0.680779702,-0.156750213
29.72958333,-0.580228398,-1.2610081
34.4375,-1.182335027,-0.602106629
49.62625,0.956715784,2.139050811
41.07791667,0.4167703,-0.539945485
39.24875,0.679955723,0.263185424
46.18333333,0.474658024,-0.2052977
49.33708333,0.523597692,0.048939668
44.81416667,-0.436210394,-0.959808086
34.265,-1.050523596,-0.614313202
55.91541667,0.780920703,1.831444299
56.77208333,1.086350053,0.305429349
60.28,1.25215362,0.165803568
55.09416667,1.027720324,-0.224433297
47.415,1.165725332,0.138005009
33.34541667,0.178865252,-0.98686008
38.95875,-0.610016116,-0.788881368
51.29916667,-1.097218969,-0.487202853
55.95708333,1.407862481,2.505081451
43.7725,0.79858382,-0.609278661
33.92625,0.055678866,-0.742904954
39.95541667,0.016293747,-0.039385119
37.5,-0.256279565,-0.272573312
31.60625,-0.576584805,-0.320305241
43.17,1.191900096,1.768484901
38.46416667,1.165508477,-0.026391618
33.75333333,0.666288095,-0.499220383
48.03791667,0.685301139,0.019013044
51.01291667,1.208071935,0.522770796
46.705,0.159353565,-1.04871837
30.98625,-0.279330743,-0.438684308
50.19833333,1.426318369,1.705649112
47.92791667,1.49356942,0.067251051
55.67125,1.538003109,0.044433689
57.91166667,1.638242884,0.100239774
56.67166667,1.696453942,0.058211058
53.11875,0.293595036,-1.402858906
44.60291667,-0.073795983,-0.367391019
56.56,1.540957845,1.614753827
48.73625,1.58132753,0.040369685
44.00166667,1.522745802,-0.058581728
42.78666667,1.510795208,-0.011950593
50.52583333,1.333966568,-0.17682864
43.93291667,0.52202842,-0.811938148
19.18375,-1.218651378,-1.740679799
51.47041667,1.152848389,2.371499768
61.17458333,1.778474814,0.625626425
60.4475,1.912608327,0.134133513
50.88666667,1.382397726,-0.530210601
56.24,1.666012497,0.28361477
44.78083333,0.702348933,-0.963663563
42.50625,0.055025054,-0.647323879
47.38666667,1.651655648,1.596630594
45.94625,1.611608305,-0.040047343
57.88583333,1.741752863,0.130144558
56.47,1.717426727,-0.024326136
62.70541667,1.530867229,-0.186559498
51.43041667,0.896215285,-0.634651944
34.74291667,-0.500144194,-1.396359479
64.10541667,1.409809421,1.909953615
69.64708333,1.855398243,0.445588822
74.38583333,2.090592585,0.235194342
73.67208333,2.042873589,-0.047718996
53.30416667,1.305273629,-0.73759996
36.59083333,0.265185336,-1.040088293
32.97333333,-0.087557626,-0.352742962
52.84708333,1.418412165,1.505969791
51.72458333,1.672576261,0.254164096
50.77083333,1.653547961,-0.0190283
39.435,1.123274296,-0.530273665
40.65125,0.918203727,-0.205070569
37.91166667,0.007724204,-0.910479523
18.61875,-0.940852881,-0.948577085
14.9225,-0.892059976,0.048792904
-35.96416667,-1.270339146,-0.378279169
-13.48916667,-1.527696805,-0.25735766
21.25625,-0.553113219,0.974583587
27.55291667,-0.16591001,0.387203208
14.34541667,-0.968309585,-0.802399574
17.26083333,-2.002972785,-1.0346632
10.65458333,-1.904382266,0.098590519
16.98416667,-1.27019367,0.634188595
33.9975,-0.337077668,0.933116002
23.67791667,-0.310942085,0.026135583
32.76458333,-0.437944422,-0.127002338
28.08416667,0.038828484,0.476772906
31.05458333,-0.481563017,-0.5203915
44.16375,1.445085062,1.926648079
45.94833333,1.525252847,0.080167785
51.40666667,1.431573606,-0.093679241
40.95083333,1.338135653,-0.093437954
52.72416667,1.416624276,0.078488623
43.62958333,0.643158058,-0.773466218
38.51208333,0.067862684,-0.575295374
53.07083333,1.725300115,1.657437431
59.48,1.916788766,0.191488651
56.86041667,1.979067168,0.062278402
55.90541667,2.001083956,0.022016788
51.87958333,1.672897241,-0.328186715
40.13958333,0.284863259,-1.388033982
35.17833333,-0.387292776,-0.672156036
39.00458333,1.101893725,1.489186501
52.12916667,1.730651903,0.628758178
58.19083333,2.001927041,0.271275137
58.50416667,2.00300819,0.001081149
57.02958333,1.817159503,-0.185848687
36.37791667,0.440766664,-1.376392839
34.37166667,-0.500706641,-0.941473305
42.27958333,0.939415631,1.440122273
35.32541667,0.396610632,-0.542804999
33.30375,-0.180403759,-0.577014391
24.64208333,-0.599846886,-0.419443126
40.93375,0.626036775,1.225883661
35.40291667,-0.029798718,-0.655835493
28.86458333,-0.766894953,-0.737096235
36.93458333,-0.117424438,0.649470515
33.63291667,0.306781953,0.424206391
49.31083333,1.471245476,1.164463523
49.66875,1.445205387,-0.026040089
46.36125,1.413137792,-0.032067595
37.08666667,0.479369146,-0.933768646
31.72958333,-0.224584606,-0.703953752
32.74333333,0.377279685,0.601864291
46.32083333,1.363033971,0.985754286
55.79833333,1.677112024,0.314078054
42.09416667,1.310969302,-0.366142722
53.34791667,1.47435324,0.163383938
40.45791667,0.484407966,-0.989945275
36.62541667,-0.06616114,-0.550569106
51.57875,1.147620188,1.213781329
42.6475,1.170910793,0.023290605
49.43791667,1.261435358,0.090524565
55.94541667,1.38889621,0.127460852
48.47125,1.188104583,-0.200791627
34.4025,0.007586339,-1.180518244
39.24166667,-0.675368276,-0.682954615
56.49083333,1.099098983,1.774467259
61.96583333,1.411412395,0.312313413
70.45416667,1.459526518,0.048114122
66.78458333,1.207011642,-0.252514876
63.74875,0.917752386,-0.289259255
34.89875,-0.224375464,-1.14212785
30.81375,-0.769526548,-0.545151084
39.79708333,0.840914858,1.610441406
39.67708333,0.852184796,0.011269938
39.77833333,0.974130525,0.121945728
28.75333333,0.791631594,-0.182498931
27.65791667,0.084287052,-0.707344541
33.19958333,-0.910968338,-0.99525539
24.22458333,-1.490570023,-0.579601685
48.19833333,0.500185651,1.990755674
56.975,1.004117866,0.503932214
62.785,1.370722216,0.36660435
53.53041667,1.336404227,-0.034317988
44.85791667,0.931617576,-0.404786652
32.40375,-0.895718685,-1.827336261
8.44875,-1.611082555,-0.71536387
34.00833333,0.129545772,1.740628326
48.56,0.788566484,0.659020713
50.35166667,0.981342989,0.192776504
63.05666667,1.050365101,0.069022113
39.94958333,0.04819778,-1.002167321
13.0225,-1.652340686,-1.700538466
5.601666667,-2.126577053,-0.474236367
35.09458333,-0.393742667,1.732834385
43.02,0.275437789,0.669180456
45.08125,0.471374406,0.195936618
50.04375,0.372373282,-0.099001124
45.42791667,-0.623038189,-0.995411471
38.02666667,-0.252289876,0.370748313
31.843125,-0.936999361,-0.684709485
27.01208333,-1.198025228,-0.261025867
45.5125,0.261187429,1.459212656
53.35208333,0.228192009,-0.03299542
57.65083333,0.249897545,0.021705536
85.95166667,0.381176849,0.131279304
54.21708333,-0.287212621,-0.66838947
33.56708333,-0.967027081,-0.67981446
45.65083333,0.501025308,1.468052389
48.34666667,0.334775998,-0.166249311
56.27458333,0.499888135,0.165112137
49.91666667,0.568317208,0.068429074
42.00791667,0.0866391,-0.481678108
31.61708333,-1.296118678,-1.382757779
22.965,-1.67239187,-0.376273192
34.94625,-0.496883935,1.175507935
36.63458333,0.056449904,0.55333384
33.82583333,-0.08040707,-0.136856975
24.13625,-0.917450898,-0.837043827
34.53666667,-0.411736449,0.505714449
26.20458333,-1.016226658,-0.60449021
18.81625,-1.696617584,-0.680390926
39.78375,-0.128964269,1.567653315
30.74041667,-0.468301683,-0.339337414
33.49875,-0.237057717,0.231243966
31.23833333,-0.108174099,0.128883617
36.54083333,-0.284004636,-0.175830537
33.90875,-0.980555884,-0.696551247
24.84333333,-1.37262192,-0.392066036
39.35833333,-0.619119118,0.753502802
36.80666667,-0.074768568,0.54435055
18.61583333,-1.669067617,-1.594299049
36.80875,-0.273712013,1.395355604
36.03041667,-0.131283081,0.142428932
28.45583333,-1.122928661,-0.99164558
11.46125,-1.709988278,-0.587059617
31.46375,-0.229642409,1.480345869
40.51458333,-0.023357714,0.206284695
35.46916667,-0.395962325,-0.372604611
25.04833333,-1.692977632,-1.297015307
25.96583333,-0.870530157,0.822447475
22.34833333,-1.213579132,-0.343048975
15.125,-1.949126818,-0.735547686
29.22208333,-0.275247125,1.673879693
39.91958333,-0.258794699,0.016452426
33.92875,-0.546209489,-0.28741479
37.53,-0.057435528,0.488773961
44.14375,-0.108636464,-0.051200936
38.48666667,-1.403728986,-1.295092523
23.29041667,-1.977693967,-0.57396498
34.84708333,-1.838498305,0.139195662
53.07375,-0.256732068,1.581766238
39.8175,-0.476821581,-0.220089513
41.1,-0.034032733,0.442788847
54.29,-0.002522969,0.031509765
30.98,-1.320039083,-1.317516115
20.45416667,-1.653889828,-0.333850745
41.08416667,-0.019819741,1.634070087
47.74791667,-0.133101854,-0.113282113
52.98291667,0.148071168,0.281173022
38.60708333,-0.602603271,-0.750674438
40.34916667,-1.04123752,-0.438634249
35.04208333,-1.658640427,-0.617402907
13.81125,-2.731078315,-1.072437888
32.09958333,-0.496480876,2.234597439
38.10166667,-0.332029517,0.164451359
37.13875,-0.162885116,0.169144401
34.91916667,-0.25928762,-0.096402504
36.19166667,-0.190181368,0.069106253
21.68708333,-1.362580419,-1.172399051
15.33,-1.801675548,-0.439095129
38.51958333,-0.055923518,1.74575203
32.94458333,0.079153592,0.13507711
29.70041667,-0.010396046,-0.089549638
32.40166667,-0.334011992,-0.323615946
30.62458333,-0.619145653,-0.28513366
9.734583333,-1.569066716,-0.949921064
0.278333333,-2.242134885,-0.673068168
39.63583333,-0.37768467,1.864450215
55.48916667,-0.199414788,0.178269883
46.8125,-0.182010479,0.017404309
53.45833333,0.059985225,0.241995704
29.65166667,-0.538715105,-0.59870033
20.16625,-1.46348218,-0.924767075
11.40208333,-2.154670628,-0.691188448
36.35458333,-0.261447682,1.893222946
36.57833333,-0.203620466,0.057827216
35.0675,-0.879848121,-0.676227656
38.35666667,-0.354596321,0.5252518
30.76916667,-0.341754454,0.012841867
16.28583333,-1.113042752,-0.771288298
14.19291667,-1.915555471,-0.802512719
34.13666667,-0.7234024,1.192153072
35.69666667,-0.343443568,0.379958832
48.055,-0.071559436,0.271884132
42.61125,-0.057738984,0.013820452
31.7175,-0.309399568,-0.251660584
28.99,-1.43949713,-1.130097562
16.38958333,-2.032926043,-0.593428913
31.04958333,-0.717324561,1.315601482
48.03,-0.492170947,0.225153614
34.70833333,-0.658684339,-0.166513392
38.365,-0.560761263,0.097923076
35.6125,-0.644559208,-0.083797945
28.64,-1.505771371,-0.861212164
27.91,-2.372469401,-0.866698029
42.10458333,-0.832586536,1.539882865
50.995,-0.638814808,0.193771727
45.55541667,-0.49477962,0.144035188
43.41791667,-0.491125335,0.003654284
36.67958333,-0.962336038,-0.471210703
33.27708333,-1.560516103,-0.598180065
25.55416667,-2.111985211,-0.551469108
49.87666667,-0.676585988,1.435399223
54.05125,-0.430339422,0.246246566
51.51125,-0.299973921,0.130365501
49.075,-0.270423232,0.029550689
47.52083333,-0.453795492,-0.18337226
39.20541667,-1.383673668,-0.929878176
27.69833333,-1.903369154,-0.519695486
47.2175,-0.298717293,1.60465186
30.15083333,-0.917611304,-0.61889401
36.27541667,-0.864558962,0.053052342
36.825,-0.622850272,0.24170869
39.71833333,-0.780685834,-0.157835562
35.74208333,-1.507342403,-0.726656569
27.38,-1.746529299,-0.239186896
36.51083333,-0.558059716,1.188469582
33.49958333,-0.281705038,0.276354679
46.36333333,-0.226898364,0.054806674
42.37208333,-0.214068515,0.012829849
42.55583333,-0.306729029,-0.092660514
19.5125,-1.396806678,-1.090077649
11.98583333,-1.992852991,-0.596046313
34.16291667,-0.738808695,1.254044296
30.62,-0.657184306,0.081624389
30.12833333,-0.695576409,-0.038392103
34.14125,-0.85286468,-0.157288271
35.50958333,-1.070742408,-0.217877727
33.00125,-1.416901034,-0.346158626
19.54333333,-1.94467399,-0.527772956
49.33375,-0.229285378,1.715388611
38.86208333,-0.275370928,-0.046085549
45.12625,-0.310659855,-0.035288927
44.75666667,-0.32806801,-0.017408155
45.92291667,-0.378261207,-0.050193197
29.99041667,-1.656102271,-1.277841064
25.49541667,-1.873180129,-0.217077858
38.19458333,-0.555025581,1.318154548
56.74791667,-0.119517952,0.435507629
54.69583333,-0.052676146,0.066841806
50.84166667,-0.161684644,-0.109008498
43.35916667,-0.309883544,-0.1481989
33.13,-1.313032342,-1.003148798
26.98083333,-2.079566161,-0.766533819
30.46791667,-1.196321247,0.883244914
52.34791667,-0.368959549,0.827361698
70.64541667,-0.13355957,0.235399979
47.1475,-0.305694555,-0.172134984
41.61791667,-0.592679834,-0.28698528
37.81416667,-1.199496911,-0.606817077
27.06541667,-1.569870566,-0.370373654
37.44041667,-0.106736161,1.463134405
48.035,0.055786938,0.162523099
43.33916667,0.089170154,0.033383216
53.19125,0.211849354,0.122679199
46.52041667,0.032990867,-0.178858487
32.32,-0.850678249,-0.883669115
29.2475,-1.513187985,-0.662509736
43.21541667,-0.420909358,1.092278627
39.37541667,-0.422846235,-0.001936877
55.64458333,0.247045633,0.669891868
47.08125,-0.021229691,-0.268275325
49.12333333,0.08214368,0.103373371
35.915,-0.936989416,-1.019133096
24.67916667,-1.693687772,-0.756698355
34.09916667,-0.495335646,1.198352126
49.86375,0.018325683,0.513661329
57.77708333,0.171866306,0.153540623
57.1575,0.309564161,0.137697855
46.8875,0.066757826,-0.242806335
32.89875,-1.052335567,-1.119093393
12.97666667,-1.959104628,-0.906769061
41.38291667,-0.67395467,1.285149957
46.04291667,-0.227110998,0.446843672
38.7675,-0.542376413,-0.315265415
23.94708333,-2.131483386,-1.589106973
41.11583333,-1.182310314,0.949173072
37.97666667,-0.683377273,0.498933041
34.06208333,-1.055619384,-0.372242111
49.38916667,0.187829566,1.24344895
52.93208333,0.35297318,0.165143614
57.05333333,0.387396999,0.034423819
53.01583333,0.502582512,0.115185513
45.4375,0.0910868,-0.411495712
40.04125,-0.867637559,-0.958724359
27.2425,-1.12530802,-0.257670461
44.93458333,0.160123016,1.285431036
48.755,0.503120692,0.342997676
49.13375,0.5703458,0.067225108
26.6025,0.057165609,-0.513180191
36.99833333,0.109027758,0.051862149
29.20333333,-0.943528991,-1.052556749
30.17541667,-1.263402098,-0.319873107
35.84666667,0.028161272,1.29156337
37.38875,0.083802791,0.055641518
36.27541667,0.14619565,0.062392859
40.45041667,0.231840637,0.085644987
40.78,0.168280563,-0.063560073
32.77916667,-1.291424866,-1.459705429
11.07645833,-2.255759322,-0.964334456
28.85333333,-1.40758346,0.848175861
32.21541667,-0.442148394,0.965435066
39.69,0.044909587,0.487057981
34.56458333,-0.424541553,-0.46945114
28.02625,-1.200066984,-0.775525431
36.58541667,-0.987732487,0.212334497
10.69291667,-2.043163018,-1.055430531
32.20416667,-0.286063214,1.757099804
42.36458333,-0.015854203,0.270209012
41.22833333,0.090639577,0.106493779
31.30541667,0.281857415,0.191217838
47.40916667,0.753284755,0.47142734
18.60958333,-1.022635981,-1.775920736
23.66125,-0.891776683,0.130859297
40.40083333,0.716689617,1.6084663
40.22833333,0.710969859,-0.005719758
43.13375,0.9764899,0.265520041
51.43458333,0.881353936,-0.095135964
46.82791667,1.026302382,0.144948446
34.27041667,-0.151112114,-1.177414496
33.40833333,-0.562841038,-0.411728924
48.91333333,0.831133214,1.393974252
57.66375,1.079096711,0.247963497
49.67166667,1.174129179,0.095032469
51.78416667,1.129752445,-0.044376734
51.5625,0.89316792,-0.236584525
42.65625,-0.036296185,-0.929464105
30.43541667,-0.80910118,-0.772804996
41.03916667,0.845276428,1.654377608
52.90875,1.220362139,0.375085711
49.47333333,0.908531877,-0.311830261
41.28,0.732176977,-0.1763549
33.98791667,0.360295141,-0.371881836
37.14416667,-0.310149597,-0.670444738
26.54458333,-0.827781135,-0.517631537
56.0625,1.101123294,1.928904428
64.02291667,1.180581566,0.079458272
65.7075,0.886000531,-0.294581035
36.56125,-0.434863217,-1.320863748
47.95666667,-1.09703645,-0.662173232
53.23958333,-0.784514367,0.312522083
26.60666667,-1.164791258,-0.380276891
38.4275,-0.008446445,1.156344813
57.60125,1.133340134,1.141786579
70.64208333,1.251104368,0.117764234
71.32666667,1.194462114,-0.056642255
53.10833333,1.080487311,-0.113974803
44.4,-0.070585738,-1.151073049
23.05125,-1.102080326,-1.031494588
32.29583333,0.418871883,1.520952209
49.14833333,1.149753739,0.730881856
42.89791667,1.075904237,-0.073849501
33.93333333,0.762227634,-0.313676603
36.4475,0.852917278,0.090689643
17.04333333,-1.007455855,-1.860373133
11.32708333,-1.720371975,-0.712916119
16.37958333,-0.357441621,1.362930354
-1.55875,-2.327071008,-1.969629388
18.55666667,-1.057621862,1.269449146
26.33625,-0.6261397,0.431482161
10.04458333,-1.129711534,-0.503571833
25.13666667,-0.846680623,0.283030911
20.52041667,-1.052470601,-0.205789979
24.21958333,-0.873264505,0.179206096
25.37625,-0.815157769,0.058106736
11.00291667,-0.773551602,0.041606167
23.16541667,-0.497336154,0.276215448
23.84958333,-0.249972528,0.247363626
26.71208333,-0.666616231,-0.416643703
20.96666667,-0.493730173,0.172886058
21.09125,-0.035343891,0.458386282
32.53833333,0.220875893,0.256219784
32.35166667,0.539160577,0.318284684
23.53666667,0.208485139,-0.330675438
30.92333333,-0.205163661,-0.4136488
26.40958333,-0.442230511,-0.23706685
18.66875,-1.064972194,-0.622741682
46.91,1.027913375,2.092885569
47.54958333,1.384534103,0.356620728
44.93375,1.251068987,-0.133465116
40.5375,0.832269369,-0.418799618
42.28083333,0.996925511,0.164656142
36.62208333,-0.236499669,-1.23342518
18.67583333,-1.424373877,-1.187874208
56.80333333,0.891695721,2.316069599
56.31541667,1.436642386,0.544946664
47.28166667,1.232190916,-0.20445147
53.47083333,0.92835976,-0.303831156
52.01583333,1.000200308,0.071840549
37.36416667,-0.201523704,-1.201724012
29.30708333,-0.952796748,-0.751273044
44.38666667,0.593268944,1.546065692
46.54166667,0.673861068,0.080592123
42.14625,0.579625002,-0.094236066
41.89375,0.877532428,0.297907426
40.64875,1.052721158,0.17518873
26.67333333,-0.392123724,-1.444844882
33.39791667,-0.422501768,-0.030378045
45.02625,1.02253555,1.445037318
40.085,1.187322348,0.164786798
41.19958333,0.868104788,-0.31921756
30.11041667,0.478749626,-0.389355163
32.88458333,-0.522886328,-1.001635953
29.69083333,-1.191365463,-0.668479135
21.51083333,-2.047002305,-0.855636843
46.06625,0.562055624,2.609057929
41.7525,0.44432531,-0.117730314
31.00416667,0.420443288,-0.023882022
37.43666667,0.16601991,-0.254423378
33.71083333,0.021583843,-0.144436066
15.23625,-1.831711285,-1.853295129
-1.371666667,-2.132752953,-0.301041668
37.04208333,0.585702141,2.718455094
42.34083333,0.815711422,0.230009282
40.61041667,0.941348127,0.125636704
30.98791667,0.451080593,-0.490267534
26.40333333,0.469542633,0.01846204
27.85125,-0.825220002,-1.294762635
16.20875,-1.34973066,-0.524510658
31.1325,-0.001910907,1.347819753
36.8525,0.390756339,0.392667246
43.32666667,0.903731116,0.512974777
39.02083333,0.690964655,-0.212766462
43.89416667,0.654992219,-0.035972435
32.59,-0.391144592,-1.046136811
30.08416667,-0.923098201,-0.531953609
34.02666667,-0.110143166,0.812955035
43.19625,0.71690825,0.827051416
37.0725,0.880052447,0.163144196
35.36291667,0.796709578,-0.083342869
36.30666667,0.132097874,-0.664611703
29.02083333,-0.854219413,-0.986317287
17.22833333,-1.51053106,-0.656311647
33.04625,0.188588859,1.699119919
31.37791667,0.275494737,0.086905878
39.21791667,0.416518417,0.14102368
37.71958333,0.392413189,-0.024105227
31.19791667,-0.002394295,-0.394807484
20.32291667,-2.435634046,-2.433239751
1.6475,-3.123262143,-0.687628097
25.345,-1.202779065,1.920483078
33.25041667,-0.245208686,0.957570379
29.265,-1.109456297,-0.864247611
24.64291667,-0.714581129,0.394875168
30.18125,-0.685996686,0.028584442
27.56708333,-0.952669404,-0.266672718
26.58875,-1.232585628,-0.279916224
42.62791667,0.302519625,1.535105253
40.32791667,0.387787871,0.085268246
36.215,0.169300117,-0.218487753
30.58458333,-0.297461697,-0.466761814
35.55916667,-0.074262597,0.223199099
34.0475,-1.096756864,-1.022494267
25.97770833,-1.555819991,-0.459063126
44.00333333,-0.075904558,1.479915432
40.6075,0.134704384,0.210608942
33.85958333,-0.079006668,-0.213711052
41.5925,-0.059898891,0.019107777
44.015,-0.786975068,-0.727076177
39.43291667,-1.134613329,-0.347638261
20.90125,-1.425964221,-0.291350893
36.03208333,-0.38790596,1.038058261
26.77083333,-0.955288779,-0.567382818
31.34625,-1.245221231,-0.289932453
42.03333333,-0.021100018,1.224121213
39.17333333,-0.136048264,-0.114948246
25.90166667,-1.115213495,-0.979165231
14.44666667,-2.261294556,-1.146081061
18.6475,-1.662583244,0.598711312
33.91583333,-0.832436913,0.83014633
37.42791667,-0.132912515,0.699524399
27.69041667,-0.790795495,-0.65788298
32.53833333,-1.651471336,-0.860675841
27.32958333,-1.671843116,-0.02037178
2.443333333,-2.399853311,-0.728010195
17.06625,-2.038652037,0.361201273
34.29208333,-0.271757714,1.766894323
37.03833333,-0.106968517,0.164789197
36.15166667,-0.160511482,-0.053542965
31.75875,-0.519490022,-0.35897854
27.85416667,-1.147196052,-0.62770603
24.89041667,-1.516326509,-0.369130457
36.78541667,-0.102000329,1.414326179
38.025,0.174210845,0.276211174
35.54833333,-0.095266483,-0.269477328
19.02791667,-1.497992025,-1.402725542
31.515,-1.221342593,0.276649432
27.50916667,-1.137378045,0.083964548
19.73375,-1.968596286,-0.831218242
31.7175,-0.316020599,1.652575687
31.67916667,-0.270275288,0.045745311
39.8,-0.3311788,-0.060903511
31.87583333,-0.398363462,-0.067184662
30.64666667,-0.864273847,-0.465910386
23.33875,-1.846625968,-0.982352121
5.44,-3.081803913,-1.235177945
29.80041667,-1.151759995,1.930043919
37.73166667,-0.309365267,0.842394727
31.46333333,-0.596596494,-0.287231227
40.15291667,-0.083001916,0.513594578
34.40708333,-0.360052971,-0.277051055
27.0625,-1.098967308,-0.738914337
23.53208333,-1.555513829,-0.456546521
43.7375,-0.328070986,1.227442844
47.61,-0.331086168,-0.003015182
43.10583333,-0.315743826,0.015342341
36.60958333,-0.418077317,-0.102333491
40.03833333,-0.012818786,0.405258532
31.82875,-1.269287045,-1.25646826
19.54875,-1.909897031,-0.640609985
41.55208333,-0.36518081,1.544716221
41.17958333,-0.150305901,0.214874908
44.95375,-0.468121049,-0.317815148
31.45125,-1.560866244,-1.092745195
32.03458333,-1.030232407,0.530633837
20.13083333,-1.619158485,-0.588926078
20.76833333,-1.82962577,-0.210467285
34.26958333,-0.260397743,1.569228028
40.70541667,-0.104457708,0.155940035
38.57375,-0.187587342,-0.083129634
30.9125,-0.38737756,-0.199790218
30.73291667,-0.679202714,-0.291825154
31.89333333,-1.520339262,-0.841136549
25.11791667,-2.110274798,-0.589935535
27.72458333,-2.026454261,0.083820537
52.98958333,-0.430862517,1.595591744
48.96458333,-0.087096741,0.343765776
31.79041667,-0.172120217,-0.085023476
30.295,-0.578046212,-0.405925995
26.98041667,-1.519212883,-0.941166671
16.5525,-1.873533276,-0.354320393
35.59708333,-0.374212118,1.499321158
39.8875,-0.152512292,0.221699826
33.40208333,-0.403625021,-0.251112728
26.63791667,-1.49151584,-1.087890819
33.77583333,-1.624076248,-0.132560408
26.07916667,-1.931174414,-0.307098166
18.575,-2.487501966,-0.556327552
35.47958333,-0.696146605,1.791355362
35.54833333,-0.414378635,0.28176797
42.60375,-0.264571197,0.149807437
38.72125,-0.260236833,0.004334364
37.07875,-0.35044165,-0.090204817
32.28625,-1.275443311,-0.925001661
26.815,-1.636701701,-0.361258391
36.39166667,-0.697511872,0.939189829
35.07166667,-0.510275613,0.187236259
35.91291667,-0.481572195,0.028703418
32.36208333,-0.622739817,-0.141167622
37.93666667,-0.574594319,0.048145499
31.16333333,-1.398611051,-0.824016732
18.44666667,-2.034121149,-0.635510097
35.42541667,-0.318989596,1.715131553
47.80958333,-0.132066066,0.18692353
30.63833333,-0.03757163,0.094494436
32.85166667,-0.312145733,-0.274574104
32.27666667,-0.603742057,-0.291596324
31.41125,-1.382182215,-0.778440158
22.24791667,-1.867872385,-0.485690169
27.30041667,-0.845672601,1.022199784
31.16291667,-0.519277053,0.326395548
40.355,-0.355785635,0.163491417
39.33666667,-0.423159303,-0.067373668
38.60875,-0.664287029,-0.241127726
27.99,-1.694923711,-1.030636682
26.34041667,-2.024629904,-0.329706193
59.02166667,-0.72007178,1.304558124
35.33,-0.592413437,0.127658342
29.11291667,-0.725735893,-0.133322455
30.28083333,-0.515494289,0.210241604
34.4925,-0.56310424,-0.047609951
28.45958333,-1.371292675,-0.808188435
24.23041667,-1.903994562,-0.532701887
32.73583333,-0.447082002,1.45691256
33.39916667,-0.382955898,0.064126104
35.68666667,-0.535545312,-0.152589414
30.10916667,-0.596099544,-0.060554232
30.82375,-0.600480143,-0.004380599
22.23458333,-1.552857948,-0.952377805
12.97166667,-1.813853975,-0.260996027
32.24125,-0.573616394,1.240237581
31.29375,-0.388200752,0.185415642
27.20166667,-0.463332217,-0.075131464
29.57583333,-0.323563568,0.139768649
32.9425,-0.580381743,-0.256818176
8.67125,-1.502418591,-0.922036847
11.81208333,-1.979307074,-0.476888483
30.78333333,-1.237812964,0.74149411
25.16541667,-0.968879335,0.268933629
35.40666667,-0.336395234,0.632484101
24.90208333,-0.790378248,-0.453983014
27.13291667,-0.767126363,0.023251885
15.86583333,-1.599694084,-0.832567721
7.245,-2.725815163,-1.126121079
23.8325,-1.907188575,0.818626588
27.87291667,-0.720572201,1.186616374
27.22833333,-0.57877932,0.141792881
33.14416667,-0.394635065,0.184144255
32.40583333,-0.750830142,-0.356195076
33.9775,-1.501426405,-0.750596264
19.38791667,-2.171489135,-0.670062729
32.7175,-0.30943227,1.862056865
39.63666667,0.085827848,0.395260118
34.48333333,-0.121997934,-0.207825782
33.3425,-0.205482511,-0.083484577
33.00333333,-0.187705067,0.017777444
26.32916667,-1.196437874,-1.008732808
25.58833333,-1.509697346,-0.313259472
34.32416667,-0.049331358,1.460365988
35.3625,0.016961839,0.066293197
32.72333333,-0.157262039,-0.174223878
36.0775,-0.316326753,-0.159064714
35.87125,-0.236268261,0.080058492
29.82625,-1.106518158,-0.870249897
24.26916667,-1.511834001,-0.405315843
38.51833333,-0.226904393,1.284929608
36.29666667,-0.048349218,0.178555175
37.00458333,-0.014364762,0.033984457
38.27166667,0.099424669,0.113789431
36.83625,-0.525731481,-0.62515615
33.89041667,-1.030618932,-0.504887451
27.23083333,-1.521193644,-0.490574712
37.21833333,-0.190357439,1.330836205
33.27166667,-0.115119915,0.075237524
35.69583333,-0.27945049,-0.164330575
35.53583333,-0.079208994,0.200241496
41.59125,0.015309147,0.094518141
39.335,-0.886996402,-0.902305549
30.55666667,-1.724803727,-0.837807325
31.44166667,-1.003492185,0.721311542
36.69,0.024203057,1.027695242
37.65625,-0.12717776,-0.151380817
33.61541667,-0.262518757,-0.135340997
36.71291667,-0.307150043,-0.044631285
29.92333333,-0.989523821,-0.682373778
23.89208333,-1.510581907,-0.521058087
42.28416667,-0.008473684,1.502108223
47.6275,0.319260361,0.327734045
48.01416667,0.316422978,-0.002837382
44.67125,0.189487991,-0.126934988
31.04333333,-1.387167062,-1.576655053
26.65208333,-1.193214039,0.193953023
30.75208333,-1.34524386,-0.152029821
39.43333333,-0.321520141,1.023723719
28.26875,-0.250011557,0.071508585
35.44833333,-0.030818222,0.219193334
33.71458333,-0.004325232,0.02649299
39.14333333,0.220847233,0.225172465
37.28625,-0.615598815,-0.836446048
24.27333333,-1.219487177,-0.603888362
38.41875,0.064376598,1.283863775
35.04041667,0.334615066,0.270238468
38.41166667,0.475760351,0.141145285
38.92291667,0.518095699,0.042335348
40.38791667,0.462823699,-0.055272
29.59916667,-0.977996587,-1.440820286
15.23041667,-1.850044859,-0.872048273
36.19916667,-0.478833998,1.371210862
33.99583333,-0.473632361,0.005201636
23.67083333,-0.658427668,-0.184795307
42.09458333,0.566175511,1.224603179
34.27708333,0.255933743,-0.310241768
34.33458333,-0.686087876,-0.942021619
23.65875,-1.237316024,-0.551228148
36.31416667,0.209993674,1.447309697
38.17125,0.400724035,0.190730361
40.44625,0.612303013,0.211578978
42.41041667,0.694983778,0.082680765
36.41291667,0.095603984,-0.599379794
24.01791667,-1.180679401,-1.276283385
18.90208333,-1.360439725,-0.179760324
24.585,-0.407785036,0.952654689
39.3075,0.399046403,0.806831438
46.50041667,0.918959337,0.519912935
42.18791667,0.78965809,-0.129301248
29.50791667,0.354634073,-0.435024016
24.39375,-0.708960955,-1.063595028
26.51166667,-1.020271165,-0.311310211
39.68875,0.699311317,1.719582482
33.92125,0.669405011,-0.029906306
42.97833333,0.716265063,0.046860053
43.88291667,1.053493623,0.33722856
36.27916667,0.335936273,-0.71755735
30.32541667,-0.805087016,-1.141023289
23.64958333,-0.857656264,-0.052569248
39.21083333,0.712511726,1.570167991
42.48166667,0.868457674,0.155945948
47.47083333,1.10285179,0.234394116
49.95166667,1.201613579,0.098761789
44.20416667,0.962456414,-0.239157165
32.62916667,-0.411605228,-1.374061642
25.12666667,-1.009241247,-0.597636019
38.84208333,0.601684312,1.610925559
45.29958333,1.053727092,0.452042781
39.86083333,0.661364756,-0.392362337
34.97333333,0.451353054,-0.210011702
39.55125,-0.16582391,-0.617176964
41.58958333,-0.943874601,-0.778050692
36.27166667,-1.128823313,-0.184948712
42.33583333,0.097938266,1.226761579
54.35708333,1.106928974,1.008990708
62.53291667,1.300432696,0.193503721
55.46208333,1.219856555,-0.080576141
50.32958333,1.196130729,-0.023725827
39.79625,0.211973723,-0.984157005
29.06916667,-0.863211225,-1.075184948
41.28791667,0.690679501,1.553890726
52.47708333,1.035889882,0.34521038
43.32916667,-0.273673896,-1.309563777
35.5,-0.624162176,-0.350488281
30.405,-0.988657655,-0.364495479
35.71333333,-0.465558845,0.52309881
31.64375,-0.560864529,-0.095305685
36.9975,0.392477867,0.953342396
40.93875,0.911867507,0.51938964
36.94791667,0.536064839,-0.375802668
31.03583333,-0.148301733,-0.684366572
18.56375,-0.792708814,-0.644407081
17.38458333,-2.297259646,-1.504550831
15.21708333,-2.045940132,0.251319513
14.53458333,-1.864151117,0.181789016
15.11333333,-1.366237212,0.497913905
8.28375,-2.30125063,-0.935013418
9.135416667,-1.872999313,0.428251317
33.24208333,-0.863640903,1.00935841
31.38916667,-0.819386408,0.044254495
36.22916667,-0.887665408,-0.068278999
35.57416667,0.216971346,1.104636754
42.005,0.378900859,0.161929513
29.85208333,-0.300866056,-0.679766915
