35.6995833333333,1,0,0,0,-0.77013393605302,NaN
37.5516666666667,0,0,0,0,0.210205122201903,0.980339058254923
33.8475,0,0,0,0,-0.313260931884015,-0.523466054085918
40.0204166666667,1,0,0,0,1.43291896359128,1.74617989547529
43.7133333333333,1,0,0,0,1.5373679448354,0.104448981244121
44.4179166666667,1,0,0,0,1.25474442922558,-0.282623515609822
50.5858333333333,1,0,0,0,1.84554112457287,0.590796695347291
46.3695833333333,1,0,0,0,1.43261367266939,-0.412927451903477
36.9129166666667,0,0,0,0,-0.643605227681605,-2.076218900351
32.7029166666667,0,0,0,0,-0.85457396585806,-0.210968738176455
45.3058333333333,1,0,0,0,1.79445327480776,2.64902724066582
53.2566666666667,1,0,0,0,2.00878429443491,0.214331019627143
44.1354166666667,1,0,0,0,1.63214898975227,-0.376635304682636
47.745,1,0,0,0,1.84235322809097,0.210204238338701
49.8995833333333,1,0,0,0,1.94476210658571,0.102408878494734
36.8275,0,0,0,0,0.543146480795906,-1.4016156257898
31.7441666666667,0,0,0,0,-0.0989555000020664,-0.642101980797973
46.9758333333333,1,0,0,0,1.69350520888277,1.79246070888484
45.9666666666667,1,0,0,0,1.95746931759286,0.263964108710083
43.8875,1,0,0,0,1.78366792255466,-0.173801395038192
45.5416666666667,1,0,0,0,1.89620675296425,0.112538830409583
43.5333333333333,1,0,0,0,1.8363039107286,-0.0599028422356502
40.4820833333333,0,0,0,0,0.712972441862676,-1.12333146886592
36.2,0,0,0,0,0.0102259407525394,-0.702746501110136
48.0766666666667,1,0,0,0,1.75559519231411,1.74536925156157
54.065,1,0,0,0,2.02293349660031,0.267338304286204
45.8991666666667,1,0,0,0,1.61589414030797,-0.407039356292342
41.0891666666667,1,0,0,0,0.805369493161155,-0.810524647146813
49.1791666666667,1,0,0,0,1.64885074269591,0.843481249534756
35.8904166666667,0,0,0,0,0.323127282178257,-1.32572346051765
35.4866666666667,0,0,0,0,-0.0945387016149941,-0.417665983793251
45.5808333333333,1,0,0,0,1.5796396778058,1.67417837942079
40.7529166666667,1,0,0,0,1.30578551910343,-0.273854158702367
43.6141666666667,1,0,0,0,1.36311710895175,0.0573315898483202
47.9854166666667,1,0,0,0,1.76272044813464,0.399603339182886
41.6291666666667,1,0,0,0,1.52759126378927,-0.235129184345367
41.5841666666667,0,0,0,0,0.492854215112603,-1.03473704867667
37.81875,0,0,0,0,0.0349351451794164,-0.457919069933187
51.61,1,0,0,0,1.80530383134426,1.77036868616485
51.34,1,0,0,0,1.97609538942253,0.170791558078268
51.4004166666667,1,0,0,0,1.81875891150897,-0.157336477913564
47.6633333333333,1,0,0,0,1.19023065249696,-0.62852825901201
46.1154166666667,1,0,0,0,1.32629756298491,0.136066910487957
41.3916666666667,0,0,0,0,0.561183457594713,-0.765114105390202
40.5629166666667,0,0,0,0,0.140316083639832,-0.420867373954882
51.07375,1,0,0,0,1.27373616296459,1.13342007932475
49.7070833333333,1,0,0,0,1.43995321741428,0.166217054449694
49.265,1,0,0,0,1.68112866324137,0.241175445827089
46.7083333333333,1,0,0,0,1.62013439396617,-0.0609942692751952
41.5708333333333,1,0,0,0,1.49025238842951,-0.129882005536661
32.6391666666667,0,0,0,0,-0.258351512985307,-1.74860390141482
33.0125,0,0,0,0,-0.335040945217622,-0.0766894322323145
37.9341666666667,1,0,0,0,1.22452301875068,1.5595639639683
40.8679166666667,1,0,0,0,1.36659198320548,0.142068964454802
38.1854166666667,1,0,0,0,1.46662896337194,0.100036980166459
35.64375,1,0,0,0,1.0575313339669,-0.409097629405032
37.5929166666667,1,0,0,0,1.11239814165027,0.0548668076833663
28.4275,0,0,0,0,-0.509709459916356,-1.62210760156663
16.6895833333333,0,0,0,0,-1.22796400485312,-0.71825454493676
32.8254166666667,1,0,1,0,-0.18264126838112,1.045322736472
41.5716666666667,1,0,1,0,1.21465752755868,1.3972987959398
38.5695833333333,1,0,1,0,1.30202283370043,0.0873653061417448
42.665,1,0,1,0,1.47756129987546,0.17553846617503
41.5583333333333,1,0,1,0,1.40092091808129,-0.0766403817941739
36.1175,0,0,1,0,-0.0191186346987321,-1.42003955278002
36.5754166666667,0,0,1,0,-0.350330660989286,-0.331212026290554
52.0291666666667,1,0,1,0,1.4215820552441,1.77191271623338
53.995,1,0,1,0,1.56533672002506,0.14375466478096
50.99125,1,0,1,0,1.49047690017211,-0.0748598198529538
51.0129166666667,1,0,1,0,1.52787958591275,0.0374026857406473
43.1895833333333,1,0,1,0,1.22160650314814,-0.306273082764609
37.6720833333333,0,0,1,0,-0.531058395286929,-1.75266489843507
32.7775,0,0,1,0,-1.45866424005142,-0.927605844764495
45.4083333333333,1,0,1,0,0.810102641121118,2.26876688117254
48.6395833333333,1,0,1,0,1.30982506174394,0.499722420622827
40.7366666666667,1,0,1,0,1.08977831205526,-0.22004674968868
41.26875,1,0,1,0,1.18172482361908,0.0919465115638152
35.6741666666667,1,0,1,0,0.62663161944614,-0.55509320417294
34.495,0,0,1,0,-0.729336594004862,-1.355968213451
28.6095833333333,0,0,1,0,-1.16933471583855,-0.439998121833691
43.8904166666667,1,0,1,0,1.05320124147068,2.22253595730923
37.26,1,0,1,0,1.12878100741701,0.0755797659463311
36.0720833333333,1,0,1,0,1.09608991314859,-0.032691094268416
35.3816666666667,1,0,1,0,0.974768000550618,-0.121321912597974
37.3170833333333,1,0,1,0,1.01651053425006,0.0417425336994441
29.5479166666667,0,0,1,0,-0.453748846172254,-1.47025938042232
19.8752083333333,0,0,1,0,-1.27617734814455,-0.822428501972292
35.91875,1,0,1,0,0.780291579258549,2.05646892740309
36.895,1,0,1,0,0.887583780741633,0.107292201483084
36.1683333333333,1,0,1,0,0.377657525152381,-0.509926255589252
38.795,1,0,1,0,0.256650660484056,-0.121006864668325
39.1804166666667,1,0,1,0,-1.23842478680976,-1.49507544729382
36.9970833333333,0,0,1,0,-0.879115623946489,0.359309162863273
29.3020833333333,0,0,1,0,-1.38723802808584,-0.508122404139348
30.4358333333333,1,0,1,0,-1.2562325356266,0.131005492459239
49.8654166666667,1,0,1,0,0.512213983271386,1.76844651889798
43.8625,1,0,1,0,0.530508786378692,0.0182948031073059
43.4325,1,0,1,0,0.884196953567933,0.353688167189241
43.3245833333333,1,0,1,0,0.619728134833795,-0.264468818734139
35.3208333333333,0,0,1,0,-0.4733194181627,-1.09304755299649
29.1133333333333,0,0,1,0,-1.27595007048623,-0.802630652323526
41.7554166666667,1,0,1,0,0.504644375939422,1.78059444642565
45.9308333333333,1,0,1,0,0.642419105087962,0.13777472914854
46.2166666666667,1,0,1,0,0.656471789033354,0.0140526839453926
48.335,1,0,1,0,0.739738515653154,0.0832667266197998
41.6066666666667,1,0,1,0,0.543024618659993,-0.196713896993161
40.3979166666667,0,0,1,0,-0.63004029935305,-1.17306491801304
36.9579166666667,0,0,1,0,-1.14722635456554,-0.517186055212486
45.06375,1,0,1,0,0.585660853974787,1.73288720854032
42.6225,1,0,1,0,0.593737584025263,0.00807673005047549
40.415,1,0,1,0,-0.17168473059044,-0.765422314615703
42.14,1,0,1,0,0.474279967628797,0.645964698219238
44.4833333333333,1,0,1,0,0.823932317055659,0.349652349426862
37.4508333333333,0,0,1,0,-0.408003993251199,-1.23193631030686
21.7058333333333,0,0,1,0,-1.29163043563759,-0.883626442386393
40.1683333333333,1,0,1,0,0.580279744453864,1.87191018009146
41.6216666666667,1,0,1,0,0.618235634768079,0.0379558903142142
43.9841666666667,1,0,1,0,0.831710287438031,0.213474652669952
41.13875,1,0,1,0,0.579669158074494,-0.252041129363537
39.6179166666667,1,0,1,0,0.462918711586953,-0.116750446487542
27.6179166666667,0,0,1,0,-0.864208398879808,-1.32712711046676
32.3333333333333,0,0,1,0,-1.08208000967375,-0.217871610793945
45.4866666666667,1,0,1,0,0.52404362311472,1.60612363278847
44.5170833333333,1,0,1,0,0.554042127375666,0.029998504260946
46.4541666666667,1,0,1,0,0.511180440389926,-0.04286168698574
46.3058333333333,1,0,1,0,0.153049288794063,-0.358131151595863
48.8929166666667,1,0,1,0,0.632067352910504,0.479018064116441
43.2225,0,0,1,0,-0.321369070034717,-0.953436422945221
39.6354166666667,0,0,1,0,-1.06573990441042,-0.744370834375705
50.28125,1,0,1,0,0.68515375575421,1.75089366016463
50.96,1,0,1,0,0.781275655227267,0.0961218994730562
48.92625,1,0,1,0,0.446336282578766,-0.334939372648501
44.7995833333333,1,0,1,0,-1.2311179358415,-1.67745421842027
47.4425,1,0,1,0,-0.0692480528503084,1.16186988299119
41.8333333333333,0,0,1,0,-0.634905970181795,-0.565657917331487
15.9395833333333,0,0,1,0,-1.52164034801387,-0.886734377832077
46.0725,1,0,1,0,0.226251833394037,1.74789218140791
47.61375,1,0,1,0,-0.046500416320806,-0.272752249714843
46.2683333333333,1,0,1,0,0.315848483483748,0.362348899804554
48.5245833333333,1,0,1,0,0.493072816869999,0.177224333386251
48.27,1,0,1,0,0.435020453281923,-0.0580523635880764
36.9104166666667,0,0,1,0,-0.66692757574215,-1.10194802902407
23.57875,0,0,1,0,-1.46622902963633,-0.799301453894183
30.6275,1,0,1,0,-1.98907204279362,-0.522843013157287
43.60375,1,0,1,0,-0.376470957499171,1.61260108529445
48.74625,1,0,1,0,0.603756912819182,0.980227870318353
46.2054166666667,1,0,1,0,0.658871737036747,0.0551148242175653
43.9391666666667,1,0,1,0,0.376875223621943,-0.281996513414804
34.8816666666667,0,0,1,0,-0.690373296750517,-1.06724852037246
17.75125,0,0,1,0,-1.63879942949975,-0.94842613274923
38.7579166666667,1,0,1,0,0.143618998507268,1.78241842800701
38.6225,1,0,0,1,0.387293250432935,0.243674251925667
42.7458333333333,1,0,0,1,0.315696877601257,-0.0715963728316781
36.4175,1,0,0,1,-1.10833431857345,-1.42403119617471
44.3816666666667,1,0,0,1,-0.635233259652016,0.473101058921433
39.3020833333333,0,0,0,1,-0.836410507590394,-0.201177247938378
31.67375,0,0,0,1,-1.26485362534575,-0.42844311775536
41.0270833333333,1,0,0,1,-0.287508835318898,0.977344790026855
53.7025,1,0,0,1,0.583177189544541,0.87068602486344
47.4233333333333,1,0,0,1,0.657331964843295,0.0741547752987534
48.2404166666667,1,0,0,1,0.626316428389888,-0.0310155364534067
47.6779166666667,1,0,0,1,0.314619911987122,-0.311696516402766
32.9254166666667,0,0,0,1,-1.21166247665038,-1.5262823886375
25.43375,0,0,0,1,-1.56725084115172,-0.355588364501338
43.5995833333333,1,0,0,1,0.406776365580221,1.97402720673194
45.5666666666667,1,0,0,1,0.346690797258517,-0.0600855683217045
46.5916666666667,1,0,0,1,0.113347607651052,-0.233343189607465
48.9745833333333,1,0,0,1,0.243280939040206,0.129933331389154
45.93875,1,0,0,1,0.0993183086274994,-0.143962630412706
40.6354166666667,0,0,0,1,-1.06368474708946,-1.16300305571696
29.10375,0,0,0,1,-1.39038042563166,-0.326695678542199
45.3179166666667,1,0,0,1,0.201719848703059,1.59210027433472
48.155,1,0,0,1,0.485599697533464,0.283879848830405
48.7758333333333,1,0,0,1,0.562184554082222,0.076584856548758
53.205,1,0,0,1,0.426416864839767,-0.135767689242455
45.97875,1,0,0,1,0.334062837507067,-0.0923540273327006
41.6575,0,0,0,1,-0.895643466203555,-1.22970630371062
38.1929166666667,0,0,0,1,-1.57126449591413,-0.675621029710574
50.9879166666667,1,0,0,1,0.281361854077226,1.85262634999136
46.9245833333333,1,0,0,1,0.548680630911471,0.267318776834245
51.1683333333333,1,0,0,1,0.399958316973235,-0.148722313938237
53.56875,1,0,0,1,0.614101340265783,0.214143023292549
51.62625,1,0,0,1,0.628705682187967,0.014604341922184
43.1579166666667,0,0,0,1,-0.571406046406195,-1.20011172859416
36.6766666666667,0,0,0,1,-1.30218341321744,-0.730777366811248
50.4079166666667,1,0,0,1,0.327600692613469,1.62978410583091
47.21,1,0,0,1,0.267297294059068,-0.0603033985544004
49.335,1,0,0,1,0.356884743025783,0.089587448966715
52.22875,1,0,0,1,0.442445788648444,0.0855610456226606
54.18875,1,0,0,1,0.503186489808189,0.0607407011597456
46.8241666666667,0,0,0,1,-0.437311651486106,-0.940498141294295
38.7370833333333,0,0,0,1,-1.02690455672114,-0.58959290523503
52.64875,1,0,0,1,0.586714436752512,1.61361899347365
53.29375,1,0,0,1,0.612837542549317,0.0261231057968041
50.9633333333333,1,0,0,1,0.595231943195073,-0.0176055993542437
49.0870833333333,1,0,0,1,0.306040486463635,-0.289191456731437
48.99,1,0,0,1,0.407187803868968,0.101147317405332
45.0666666666667,0,0,0,1,-0.635921799821568,-1.04310960369054
34.965,0,0,0,1,-1.49913391655246,-0.863212116730892
48.2179166666667,1,0,0,1,0.298549730712068,1.79768364726453
50.1291666666667,1,0,0,1,0.457711849611825,0.159162118899758
48.8083333333333,1,0,0,1,0.67742003241077,0.219708182798945
48.9241666666667,1,0,0,1,0.728891267991337,0.051471235580567
46.9354166666667,1,0,0,1,0.576790151022833,-0.152101116968503
40.2691666666667,0,0,0,1,-0.891457544942622,-1.46824769596545
24.7941666666667,0,0,0,1,-1.77656867777686,-0.885111132834236
45.10625,1,0,0,1,0.140625871921876,1.91719454969873
45.26375,1,0,0,1,0.338144742553917,0.197518870632041
42.88125,1,0,0,1,0.334088905651313,-0.00405583690260491
44.045,1,0,0,1,0.0205510055146313,-0.313537900136681
39.2729166666667,1,0,0,1,-0.0636210380788735,-0.0841720435935048
37.1066666666667,0,0,0,1,-1.02582248154473,-0.962201443465858
27.755,0,0,0,1,-1.56596400506345,-0.540141523518714
40.7483333333333,1,0,0,1,0.180994048526862,1.74695805359031
41.3829166666667,1,0,0,1,0.204230833481076,0.0232367849542137
39.2058333333333,1,0,0,1,0.133275323373232,-0.0709555101078436
38.5079166666667,1,0,0,1,0.427248623474989,0.293973300101757
40.5629166666667,1,0,0,1,0.323913297173604,-0.103335326301385
32.6479166666667,0,0,0,1,-0.87034182169792,-1.19425511887152
25.96875,0,0,0,1,-1.51178934599295,-0.641447524295034
40.2525,1,0,0,1,0.165592548394555,1.67738189438751
42.9095833333333,1,0,0,1,0.411503496501606,0.245910948107051
42.5291666666667,1,0,0,1,0.441336485996292,0.0298329894946859
43.9733333333333,1,0,0,1,0.527896263017317,0.0865597770210245
44.7683333333333,1,0,0,1,0.387584505381666,-0.140311757635651
40.4991666666667,0,0,0,1,-0.766314572552952,-1.15389907793462
29.0095833333333,0,0,0,1,-1.68353950630556,-0.917224933752612
41.3766666666667,1,0,0,1,0.318058954415034,2.0015984607206
41.35375,1,0,0,1,0.281206545571491,-0.0368524088435434
39.5716666666667,1,0,0,1,0.104156379789537,-0.177050165781953
41.0358333333333,1,0,0,1,0.160822650048795,0.056666270259258
44.8095833333333,1,0,0,1,0.33637997884359,0.175557328794795
37.43875,0,0,0,1,-0.832094028055795,-1.16847400689938
29.8733333333333,0,0,0,1,-1.45552121295022,-0.623427184894429
44.5858333333333,1,0,0,1,0.563661619671881,2.0191828326221
38.8566666666667,1,0,0,1,-0.350103084608086,-0.913764704279967
41.3375,1,0,0,1,-0.294865717241875,0.055237367366211
49.1004166666667,1,0,0,1,0.50196227671941,0.796827993961284
52.33875,1,0,0,1,0.547379880249984,0.0454176035305744
43.535,0,0,0,1,-0.841291558036363,-1.38867143828635
27.7895833333333,0,0,0,1,-1.48455360439422,-0.643262046357855
42.1991666666667,1,0,0,1,0.306671250211612,1.79122485460583
47.78375,1,0,0,1,0.486417944074517,0.179746693862905
44.8233333333333,1,1,0,0,0.59526460954786,0.108846665473343
47.05125,1,1,0,0,0.693249017125517,0.0979844075776564
48.0370833333333,1,1,0,0,0.718930051548355,0.025681034422838
45.3604166666667,0,1,0,0,-0.492897107699928,-1.21182715924828
39.74875,0,1,0,0,-1.28253029576071,-0.789633188060781
43.4095833333333,1,1,0,0,0.238585539656852,1.52111583541756
39.3875,1,1,0,0,0.250943038199863,0.0123574985430111
41.9975,1,1,0,0,0.475595254486525,0.224652216286662
43.98875,1,1,0,0,0.801230871750021,0.325635617263496
48.4291666666667,1,1,0,0,0.597286131631959,-0.203944740118062
40.3083333333333,0,1,0,0,-0.474204033554972,-1.07149016518693
33.905,0,1,0,0,-1.01717346048147,-0.542969426926495
50.8570833333333,1,1,0,0,0.758432640569659,1.77560610105113
45.7375,1,1,0,0,0.307681882795871,-0.450750757773788
43.8891666666667,1,1,0,0,0.129567216986808,-0.178114665809063
46.2720833333333,1,1,0,0,0.113506485437788,-0.0160607315490198
44.765,1,1,0,0,0.210590975658621,0.0970844902208336
41.7291666666667,0,1,0,0,-0.743088974129104,-0.953679949787726
33.8554166666667,0,1,0,0,-1.22956939869581,-0.48648042456671
42.19125,1,1,0,0,0.374350052954933,1.60391945165075
48.3525,1,1,0,0,0.773872760147427,0.399522707192495
50.6,1,1,0,0,0.897150505674531,0.123277745527103
50.7820833333333,1,1,0,0,0.824192083584199,-0.0729584220903315
47.9241666666667,1,1,0,0,0.826458092506914,0.00226600892271533
45.0866666666667,0,1,0,0,-0.115063105391662,-0.941521197898576
45.7145833333333,0,1,0,0,-0.854761417246101,-0.739698311854439
54.6020833333333,1,1,0,0,0.966421901250502,1.8211833184966
53.4725,1,1,0,0,0.892860208820218,-0.0735616924302847
56.2691666666667,1,1,0,0,1.11226430633391,0.219404097513695
57.2545833333333,1,1,0,0,1.04700728309549,-0.0652570232384264
55.2383333333333,1,1,0,0,0.868362916237325,-0.178644366858161
44.8483333333333,0,1,0,0,-0.389951016548796,-1.25831393278612
42.0695833333333,0,1,0,0,-1.85373595838616,-1.46378494183737
43.38,1,1,0,0,0.190850695113049,2.04458665349921
52.0808333333333,1,1,0,0,0.760454439964504,0.569603744851454
50.015,1,1,0,0,0.882099215908438,0.121644775943935
54.8125,1,1,0,0,1.03029312589922,0.148193909990779
48.3795833333333,1,1,0,0,0.668721250414827,-0.36157187548439
45.1416666666667,0,1,0,0,-0.647574910374658,-1.31629616078949
40.1845833333333,0,1,0,0,-1.06932835132595,-0.421753440951291
53.1275,1,1,0,0,0.651184919707009,1.72051327103296
56.17125,1,1,0,0,0.972885159785367,0.321700240078358
55.68375,1,1,0,0,1.0519809185836,0.0790957587982282
56.3858333333333,1,1,0,0,0.99077577580105,-0.0612051427825455
59.6625,1,1,0,0,1.09911282886871,0.108337053067659
48.9570833333333,0,1,0,0,-0.261883418365558,-1.36099624723427
47.65625,0,1,0,0,-0.783352760042796,-0.521469341677238
58.0754166666667,1,1,0,0,0.866238229388176,1.64959098943097
55.4995833333333,1,1,0,0,0.570188095174994,-0.296050134213182
53.5870833333333,1,1,0,0,0.558508180366655,-0.011679914808339
53.3120833333333,1,1,0,0,0.260983433921159,-0.297524746445496
53.9716666666667,1,1,0,0,0.410582291557848,0.149598857636689
46.61125,0,1,0,0,-0.350548709562678,-0.761131001120526
33.2454166666667,0,1,0,0,-1.45228753212265,-1.10173882255997
54.58875,1,1,0,0,0.974518650590101,2.42680618271275
55.2554166666667,1,1,0,0,1.20973730618463,0.235218655594534
51.95375,1,1,0,0,0.866167839167696,-0.343569467016939
52.39375,1,1,0,0,0.849824025474527,-0.0163438136931688
50.615,1,1,0,0,0.835638727987041,-0.0141852974874862
42.7616666666667,0,1,0,0,-0.178490819679127,-1.01412954766617
43.9670833333333,0,1,0,0,-0.533639041576841,-0.355148221897714
48.28375,1,1,0,0,0.285161822721803,0.818800864298645
48.04125,1,1,0,0,1.25428791937409,0.969126096652289
44.7583333333333,1,1,0,0,0.373639715764282,-0.88064820360981
45.3575,1,1,0,0,0.206272190721954,-0.167367525042328
44.4979166666667,1,1,0,0,0.298362338370027,0.0920901476480726
45.0454166666667,0,1,0,0,-0.0466883492973658,-0.345050687667393
44.70875,0,1,0,0,-0.193176146673941,-0.146487797376575
54.4033333333333,1,1,0,0,1.46337347313942,1.65654961981336
49.2820833333333,1,1,0,0,1.62104332676245,0.157669853623033
51.2141666666667,1,1,0,0,1.70874459146551,0.0877012647030595
41.80375,1,1,0,0,0.803914125337266,-0.904830466128242
37.745,1,1,0,0,-0.290910245066062,-1.09482437040333
35.5416666666667,0,1,0,0,-0.501857573115952,-0.21094732804989
26.8783333333333,0,1,0,0,-1.02858657918274,-0.526729006066791
47.56875,1,1,0,0,1.48493507633235,2.51352165551509
52.1220833333333,1,1,0,0,1.68319997820642,0.198264901874077
53.1616666666667,1,1,0,0,1.51252142383607,-0.170678554370356
53.3679166666667,1,1,0,0,1.79821858297414,0.285697159138075
53.5775,1,1,0,0,1.73645957134195,-0.0617590116321933
47.1925,0,1,0,0,0.650534836109521,-1.08592473523243
42.51875,0,1,0,0,-0.210428385211337,-0.860963221320858
50.48625,1,1,0,0,1.0909572946183,1.30138567982964
51.8725,1,1,0,0,1.14451277625977,0.0535554816414683
55.545,1,1,0,0,1.53268044275798,0.388167666498209
60.9445833333333,1,1,0,0,1.9773581365584,0.444677693800423
60.0179166666667,1,1,0,0,2.03635810861373,0.0589999720553345
48.8654166666667,0,1,0,0,0.899871990532697,-1.13648611808104
45.66875,0,1,0,0,0.0216908557884067,-0.87818113474429
56.4229166666667,1,1,0,0,1.53900272129765,1.51731186550925
58.9841666666667,1,1,0,0,1.77409786155882,0.235095140261166
51.6883333333333,1,0,0,0,0.99481260786698,-0.779285253691839
63.9183333333333,1,0,0,0,1.82542607277579,0.83061346490881
70.9395833333333,1,0,0,0,2.08103184390978,0.255605771133994
50.7591666666667,0,0,0,0,0.510038450357756,-1.57099339355203
47.5766666666667,0,0,0,0,-0.381822599992102,-0.891861050349858
70.1541666666667,1,0,0,0,1.87131027953824,2.25313287953034
69.4720833333333,1,0,0,0,2.16264285172382,0.291332572185587
59.3775,1,0,0,0,2.07618376569174,-0.0864590860320855
51.6795833333333,1,0,0,0,1.40281089841435,-0.67337286727739
58.0433333333333,1,0,0,0,1.6860891313106,0.283278232896256
31.1166666666667,0,0,0,0,-0.77797633984375,-2.46406547115435
33.31375,0,0,0,0,-0.592837648423724,0.185138691420026
63.6716666666667,1,0,0,0,1.80453633818104,2.39737398660476
67.0625,1,0,0,0,1.88235893714887,0.0778225989678314
72.06375,1,0,0,0,1.92413386048766,0.041774923338793
61.0070833333333,1,0,0,0,1.59514041018224,-0.328993450305427
66.95,1,0,0,0,2.02541993342742,0.430279523245182
59.0270833333333,0,0,0,0,0.989202045811295,-1.03621788761612
47.3725,0,0,0,0,0.399529528890832,-0.589672516920463
65.0529166666667,1,0,0,0,1.65315462672632,1.25362509783549
66.6858333333333,1,0,0,0,1.95888441966562,0.305729792939295
56.6329166666667,1,0,0,0,1.53978550736024,-0.419098912305375
52.8020833333333,1,0,0,0,1.19326451959543,-0.346520987764812
36.50875,1,0,0,0,-1.26540042744945,-2.45866494704488
37.3729166666667,0,0,0,0,-0.852268851952349,0.413131575497096
46.13125,0,0,0,0,-0.659337931934284,0.192930920018065
56.4533333333333,1,0,0,0,0.71644830766988,1.37578623960416
55.5108333333333,1,0,0,0,0.796730288370493,0.0802819807006127
55.4725,1,0,0,0,0.88931846370713,0.0925881753366373
52.5145833333333,1,0,0,0,0.933568867573323,0.0442504038661928
45.6216666666667,1,0,0,0,-0.57944030138689,-1.51300916896021
20.78125,0,0,0,0,-0.656926251713344,-0.0774859503264542
43.16125,0,0,0,0,-0.113222456450123,0.543703795263221
59.8595833333333,1,0,0,0,1.88972192673954,2.00294438318966
57.6379166666667,1,0,0,0,1.86805480638136,-0.0216671203581851
55.07625,1,0,0,0,1.69234423261159,-0.175710573769766
47.2820833333333,1,0,0,0,0.78173375326399,-0.910610479347599
52.2308333333333,1,0,0,0,1.32935746569535,0.547623712431358
35.21125,0,0,0,0,-0.267663450808207,-1.59702091650355
35.8904166666667,0,0,0,0,-0.458348041361934,-0.190684590553727
48.9,1,0,0,0,1.58736691543851,2.04571495680044
56.7720833333333,1,0,0,0,1.68141288160178,0.0940459661632751
49.4754166666667,1,0,0,0,1.37436374709779,-0.307049134503989
47.50625,1,0,0,0,1.58040202698557,0.206038279887772
45.585,1,0,0,0,1.00929749484706,-0.571104532138502
41.295,0,0,0,0,-0.242534169597671,-1.25183166444473
32.6491666666667,0,0,0,0,-0.814745519565012,-0.572211349967341
48.1916666666667,1,0,0,0,1.36642462525648,2.1811701448215
52.9358333333333,1,0,0,0,1.76137383879089,0.394949213534412
57.1395833333333,1,0,0,0,1.88613481782927,0.124760979038372
56.595,1,0,0,0,1.92491083737673,0.0387760195474673
57.285,1,0,0,0,1.96200468888325,0.0370938515065173
53.8408333333333,0,0,0,0,0.846802007086344,-1.11520268179691
48.0491666666667,0,0,0,0,0.0389430716945923,-0.807858935391752
58.1670833333333,1,0,0,0,1.76691102622679,1.72796795453219
53.97875,1,0,0,0,1.33027564550825,-0.436635380718537
58.985,1,0,0,0,1.879087881955,0.548812236446753
58.265,1,0,0,0,1.87847759581753,-0.000610286137471272
57.5783333333333,1,0,0,0,1.72526302544769,-0.153214570369844
51.9904166666667,0,0,0,0,0.6025836057922,-1.12267941965549
49.8270833333333,0,0,0,0,0.0960844129791468,-0.506499192813053
61.7591666666667,1,0,0,0,1.72043030452675,1.6243458915476
58.8166666666667,1,0,0,0,1.78656345078512,0.066133146258373
55.5508333333333,1,0,0,0,1.57043984016352,-0.216123610621607
51.4333333333333,1,0,0,0,1.05343910326306,-0.517000736900452
34.06375,1,0,0,0,-0.109890965072506,-1.16333006833557
23.0558333333333,0,0,0,0,-1.51949435773109,-1.40960339265859
33.83375,0,0,0,0,-1.23939733789948,0.280097019831611
42.0275,1,0,0,0,0.174276188599013,1.41367352649849
50.14,1,0,0,0,0.902777090487296,0.728500901888283
55.3170833333333,1,0,0,0,1.55954223733079,0.656765146843493
54.0475,1,0,0,0,1.43872929426898,-0.120812943061813
53.6895833333333,1,0,0,0,1.27132271343707,-0.167406580831911
49.7370833333333,0,0,0,0,0.0885812697540803,-1.18274144368299
42.0195833333333,0,0,0,0,-0.524010096704074,-0.612591366458154
47.2508333333333,1,0,0,0,0.509186872409875,1.03319696911395
55.3270833333333,1,0,0,0,0.957601671132356,0.44841479872248
54.7583333333333,1,0,0,0,1.42735668275846,0.4697550116261
56.58125,1,0,0,0,1.51426705426695,0.0869103715084929
57.4183333333333,1,0,0,0,1.64775256218754,0.133485507920587
50.0004166666667,0,0,0,0,0.242465371604334,-1.4052871905832
46.4166666666667,0,0,0,0,-0.458181620406239,-0.700646992010573
58.7054166666667,1,0,0,0,1.3065007661824,1.76468238658864
58.77375,1,0,0,0,1.59875383813763,0.292253071955229
59.18,1,0,0,0,1.55366798573581,-0.0450858524018185
58.3116666666667,1,0,0,0,1.4993955628478,-0.0542724228880169
56.3133333333333,1,0,0,0,1.27933676207926,-0.220058800768531
50.8695833333333,0,0,0,0,0.0531753342495046,-1.22616142782976
50.29625,0,0,0,0,-0.32911580437302,-0.382291138622524
60.14625,1,0,0,0,1.40720977482274,1.73632557919576
58.25375,1,0,1,0,1.28355799647099,-0.12365177835175
55.93125,1,0,1,0,1.13863636980247,-0.144921626668519
59.1216666666667,1,0,1,0,1.2697378316857,0.131101461883231
59.8095833333333,1,0,1,0,1.25598085556817,-0.0137569761175327
48.4120833333333,0,0,1,0,-0.25571577683849,-1.51169663240666
46.6745833333333,0,0,1,0,-0.609284424666858,-0.353568647828368
56.5783333333333,1,0,1,0,0.578265706495299,1.18755013116216
53.0191666666667,1,0,1,0,0.763881051150627,0.185615344655328
54.6966666666667,1,0,1,0,0.577371859816811,-0.186509191333816
50.2854166666667,1,0,1,0,0.168302490215889,-0.409069369600922
54.4058333333333,1,0,1,0,0.377746294366306,0.209443804150417
53.2991666666667,0,0,1,0,0.0152886390767306,-0.362457655289575
50.5716666666667,0,0,1,0,-0.573321670765754,-0.588610309842485
59.2133333333333,1,0,1,0,1.25583288851364,1.82915455927939
53.8291666666667,1,0,1,0,0.664196074284544,-0.591636814229092
52.9891666666667,1,0,1,0,0.183296926165096,-0.480899148119448
56.0391666666667,1,0,1,0,1.07993710589719,0.896640179732097
60.2820833333333,1,0,1,0,1.15805864741078,0.0781215415135874
49.6279166666667,0,0,1,0,-0.140498083689537,-1.29855673110032
47.4808333333333,0,0,1,0,-0.581534341636715,-0.441036257947177
56.0441666666667,1,0,1,0,0.913606037984078,1.49514037962079
55.6854166666667,1,0,1,0,0.908938285657335,-0.00466775232674266
56.02,1,0,1,0,0.872324996742882,-0.0366132889144525
55.0316666666667,1,0,1,0,0.60585288622047,-0.266472110522413
54.9520833333333,1,0,1,0,0.819351210722425,0.213498324501955
54.9166666666667,0,0,1,0,-0.0624296830179613,-0.881780893740386
49.0014583333333,0,0,1,0,-0.939436233207497,-0.877006550189536
57.5225,1,0,1,0,0.778567322163123,1.71800355537062
56.6595833333333,1,0,1,0,0.763608516401786,-0.0149588057613372
58.2733333333333,1,0,1,0,0.931864169993991,0.168255653592206
53.5870833333333,1,0,1,0,0.543532370271353,-0.388331799722638
54.685,1,0,1,0,0.243045828419636,-0.300486541851717
52.0145833333333,0,0,1,0,-0.613485588314687,-0.856531416734323
46.3758333333333,0,0,1,0,-1.09346427637349,-0.479978688058803
58.4929166666667,1,0,1,0,0.616530912860013,1.7099951892335
55.2125,1,0,1,0,0.372403497067475,-0.244127415792538
55.3270833333333,1,0,1,0,0.207850926336729,-0.164552570730746
55.2229166666667,1,0,1,0,-0.391795467427266,-0.599646393763995
51.8216666666667,1,0,1,0,-0.589178076438271,-0.197382609011005
43.8445833333333,0,0,1,0,-1.18846030763283,-0.59928223119456
33.46875,0,0,1,0,-1.32005411279391,-0.131593805161077
56.5654166666667,1,0,1,0,0.509290026116137,1.82934413891005
53.1533333333333,1,0,1,0,-0.348822144934269,-0.858112171050406
55.9579166666667,1,0,1,0,-0.34474482192506,0.00407732300920871
60.6941666666667,1,0,1,0,0.844807467541621,1.18955228946668
58.6083333333333,1,0,1,0,0.776697574975776,-0.0681098925658445
54.2825,0,0,1,0,-0.339559964918046,-1.11625753989382
49.7033333333333,0,0,1,0,-1.14378870611608,-0.804228741198038
59.5575,1,0,1,0,0.50615226271497,1.64994096883105
56.4575,1,0,1,0,0.499626000206385,-0.00652626250858473
57.2991666666667,1,0,1,0,0.524042294990374,0.0244162947839885
56.87125,1,0,1,0,0.475734116138028,-0.0483081788523456
51.4320833333333,1,0,1,0,-1.69780209926522,-2.17353621540325
47.2708333333333,0,0,1,0,-1.51486602969291,0.18293606957231
33.9670833333333,0,0,1,0,-1.92386369523806,-0.408997665545155
27.95125,1,0,1,0,-1.67396847857973,0.249895216658335
53.0045833333333,1,0,1,0,0.0996335416197825,1.77360202019951
56.2279166666667,1,0,1,0,0.578903026082822,0.47926948446304
55.3129166666667,1,0,1,0,0.350364278909989,-0.228538747172833
52.6341666666667,1,0,1,0,-0.281282652727904,-0.631646931637893
43.99625,0,0,1,0,-1.65483778350994,-1.37355513078203
31.2654166666667,0,0,1,0,-2.26376322659851,-0.608925443088574
54.3845833333333,1,0,1,0,-0.10280664167571,2.1609565849228
61.21,1,0,1,0,0.445118113011384,0.547924754687094
59.8104166666667,1,0,1,0,0.514171657905857,0.0690535448944726
62.3045833333333,1,0,1,0,0.460972643061568,-0.053199014844289
56.9879166666667,1,0,1,0,0.321272890914041,-0.139699752147527
51.9116666666667,0,0,1,0,-1.0962853039865,-1.41755819490054
45.8791666666667,0,0,1,0,-2.09400958255385,-0.997724278567348
60.5691666666667,1,0,1,0,-0.198416023869467,1.89559355868438
63.3154166666667,1,0,1,0,0.537586085873539,0.736002109743006
65.1204166666667,1,0,1,0,0.566550537477726,0.0289644516041868
68.29875,1,0,1,0,0.591797887375289,0.0252473498975627
60.0829166666667,1,0,1,0,0.102252046608612,-0.489545840766676
53.5091666666667,0,0,1,0,-0.671909919889603,-0.774161966498215
49.7666666666667,0,0,1,0,-1.6895019497841,-1.01759202989449
56.29625,1,0,1,0,-0.00772877385136568,1.68177317593273
62.3516666666667,1,0,1,0,0.221751802211579,0.229480576062945
61.3483333333333,1,0,1,0,0.435528729700844,0.213776927489265
62.15375,1,0,1,0,0.510985156895692,0.0754564271948485
66.8754166666667,1,0,1,0,0.464914914464494,-0.0460702424311987
53.6883333333333,0,0,1,0,-0.748357098191777,-1.21327201265627
48.2583333333333,0,0,1,0,-1.61867117709498,-0.870314078903207
61.4691666666667,1,0,1,0,-0.0416753860242021,1.57699579107078
56.3629166666667,1,0,1,0,-0.0998217513383244,-0.0581463653141223
63.015,1,0,1,0,-0.0556091976113453,0.0442125537269791
55.4870833333333,1,0,1,0,0.0223154662102108,0.0779246638215561
57.77375,1,0,1,0,-0.309496147749812,-0.331811613960023
51.46125,0,0,1,0,-0.964093512437779,-0.654597364687967
42.9133333333333,0,0,1,0,-1.93047109750243,-0.966377585064648
59.93625,1,0,1,0,0.0916826466727582,2.02215374417519
57.9670833333333,1,0,1,0,0.372138880520918,0.28045623384816
60.0583333333333,1,0,0,1,0.258284783571535,-0.113854096949383
50.9133333333333,1,0,0,1,-1.70198339794448,-1.96026818151602
53.5541666666667,1,0,0,1,-0.716987860783111,0.984995537161371
50.74,0,0,0,1,-0.900552813768678,-0.183564952985566
48.6866666666667,0,0,0,1,-1.55613795946144,-0.655585145692763
60.3970833333333,1,0,0,1,0.345233296464181,1.90137125592562
62.29375,1,0,0,1,0.53160179297039,0.186368496506209
60.9079166666667,1,0,0,1,0.480712720069136,-0.0508890729012537
55.76875,1,0,0,1,0.0659144471056887,-0.414798272963448
58.8666666666667,1,0,0,1,0.381954630166581,0.316040183060893
52.9479166666667,0,0,0,1,-0.826990998448188,-1.20894562861477
50.3670833333333,0,0,0,1,-1.43539942224928,-0.608408423801097
52.145,1,0,0,1,-1.41772459282693,0.0176748294223512
59.8929166666667,1,0,0,1,0.0297389971014721,1.44746358992841
63.24125,1,0,0,1,0.569951011078206,0.540212013976734
59.5058333333333,1,0,0,1,0.511329939090933,-0.0586210719872725
55.9479166666667,1,0,0,1,0.112437653462049,-0.398892285628884
50.36125,0,0,0,1,-1.11979830951007,-1.23223596297212
13.6291666666667,0,0,0,1,-2.61138073614785,-1.49158242663778
45.6675,1,0,0,1,-0.243003455999597,2.36837728014826
56.1208333333333,1,0,0,1,0.399254100284683,0.642257556284279
53.9425,1,0,0,1,0.441389879819028,0.0421357795343454
45.3420833333333,1,0,0,1,-1.1446999901896,-1.58608987000863
50.3270833333333,1,0,0,1,-0.538744945255056,0.605955044934549
46.2295833333333,0,0,0,1,-0.838640663827414,-0.299895718572359
43.01875,0,0,0,1,-1.39619173582484,-0.557551071997421
54.4220833333333,1,0,0,1,0.0469281042264739,1.44311984005131
50.4004166666667,1,0,0,1,0.153216681916458,0.106288577689985
51.9745833333333,1,0,0,1,0.246516862555032,0.0933001806385735
51.19625,1,0,0,1,0.03474785268186,-0.211769009873172
50.9079166666667,1,0,0,1,0.0111389153407034,-0.0236089373411567
43.04375,0,0,0,1,-1.5931036613346,-1.60424257667531
30.2429166666667,0,0,0,1,-2.14979263669826,-0.556688975363659
53.2954166666667,1,0,0,1,0.235851696163772,2.38564433286203
54.69125,1,0,0,1,0.516846826409187,0.280995130245415
53.5366666666667,1,0,0,1,0.352970108093119,-0.163876718316068
55.28875,1,0,0,1,0.4913658965306,0.138395788437481
52.0604166666667,1,0,0,1,0.403539690750145,-0.0878262057804549
49.6283333333333,0,0,0,1,-0.79209135658139,-1.19563104733153
44.3608333333333,0,0,0,1,-1.28186226410851,-0.489770907527122
56.1533333333333,1,0,0,1,0.362497865492364,1.64436012960088
51.0475,1,0,0,1,0.400979686163726,0.0384818206713622
50.63375,1,0,0,1,0.394058400778637,-0.00692128538508835
48.40125,1,0,0,1,0.0219770524586464,-0.372081348319991
48.1379166666667,1,0,0,1,-0.248101882503583,-0.27007893496223
42.8475,0,0,0,1,-0.897447081300553,-0.649345198796969
35.4258333333333,0,0,0,1,-1.46269418938625,-0.565247108085693
43.6379166666667,1,0,0,1,-0.258828043671212,1.20386614571503
51.9204166666667,1,0,0,1,0.41007468349213,0.668902727163343
50.6233333333333,1,0,0,1,0.664941393429126,0.254866709936995
51.1079166666667,1,0,0,1,0.310693815192845,-0.354247578236281
48.2320833333333,1,0,0,1,-0.273364970818816,-0.584058786011661
27.6566666666667,0,0,0,1,-1.46652683883948,-1.19316186802067
19.82125,0,0,0,1,-1.82528614323431,-0.358759304394825
44.82625,1,0,0,1,0.100722298168722,1.92600844140303
49.76625,1,0,0,1,0.367256116741227,0.266533818572505
49.9733333333333,1,0,0,1,0.26806463875382,-0.0991914779874065
49.7245833333333,1,0,0,1,0.314651430410545,0.0465867916567246
48.91875,1,0,0,1,-0.0594793705300681,-0.374130800940613
42.3320833333333,0,0,0,1,-1.31509008155507,-1.255610711025
40.10375,0,0,0,1,-1.60055832599441,-0.285468244439347
49.8870833333333,1,0,0,1,0.130126532403482,1.7306848583979
48.6425,1,0,0,1,0.0143020932349526,-0.115824439168529
47.5975,1,0,0,1,0.190022395240371,0.175720302005419
49.6870833333333,1,0,0,1,0.290572330055345,0.100549934814974
48.00625,1,0,0,1,0.249110076785805,-0.0414622532695398
45.19,0,0,0,1,-0.813494185266783,-1.06260426205259
27.61,0,0,0,1,-1.72841866281776,-0.91492447755098
44.6625,1,0,0,1,-0.421399562008037,1.30701910080973
35.6691666666667,1,0,0,1,-0.84649580966542,-0.425096247657383
40.7641666666667,1,0,0,1,-0.32577347448729,0.52072233517813
42.5779166666667,1,0,0,1,-0.249264658052116,0.0765088164351738
48.4058333333333,1,0,0,1,0.157567446816534,0.40683210486865
47.61625,0,0,0,1,-0.72273962226365,-0.880307069080184
43.3675,0,0,0,1,-1.36297015322363,-0.640230530959984
46.62375,1,0,0,1,0.336393251270148,1.69936340449378
51.1775,1,0,0,1,0.429843582374771,0.0934503311046236
51.2320833333333,1,0,0,1,0.310328694106481,-0.11951488826829
52.1608333333333,1,0,0,1,0.350432373439769,0.040103679333288
51.1404166666667,1,0,0,1,-0.0460390499439005,-0.39647142338367
48.35,0,0,0,1,-0.986572628091179,-0.940533578147279
45.4966666666667,0,0,0,1,-1.37612686119856,-0.389554233107381
57.5020833333333,1,0,0,1,0.324610524179417,1.70073738537798
54.6929166666667,1,0,0,1,0.239875083975957,-0.08473544020346
58.75125,1,0,0,1,0.534726065085736,0.294850981109779
63.7433333333333,1,0,0,1,0.693841846509754,0.159115781424019
53.4025,1,0,0,1,0.333346942833957,-0.360494903675797
48.4925,0,0,0,1,-0.722731071087492,-1.05607801392145
41.0683333333333,0,0,0,1,-1.75837895438069,-1.03564788329319
49.8208333333333,1,0,0,1,-0.23849365608608,1.51988529829461
56.9183333333333,1,0,0,1,0.366448795480804,0.604942451566884
55.5020833333333,1,0,0,1,0.517945457011804,0.151496661531
59.0133333333333,1,1,0,0,0.68507552701877,0.167130070006966
56.9033333333333,1,1,0,0,0.477560317414846,-0.207515209603924
50.88125,0,1,0,0,-0.656770045115873,-1.13433036253072
45.3358333333333,0,1,0,0,-1.14130367220256,-0.484533627086685
53.88375,1,1,0,0,0.739561708719611,1.88086538092217
46.2345833333333,1,1,0,0,-0.108921992594672,-0.848483701314283
43.9404166666667,1,1,0,0,-0.215461354272703,-0.106539361678031
50.33125,1,1,0,0,0.147941047264768,0.36340240153747
61.0325,1,1,0,0,0.838185503498688,0.69024445623392
49.5529166666667,0,1,0,0,-0.354462256578798,-1.19264776007749
39.215,0,1,0,0,-0.996932621102553,-0.642470364523755
48.935,1,1,0,0,0.0937697786033853,1.09070239970594
48.0691666666667,1,1,0,0,0.0424354382370105,-0.0513343403663748
50.6554166666667,1,1,0,0,-0.0267552578775956,-0.069190696114606
56.4466666666667,1,1,0,0,0.445700456196702,0.472455714074298
58.0816666666667,1,1,0,0,0.694138593518063,0.248438137321361
52.7008333333333,0,1,0,0,-0.332601818132733,-1.0267404116508
45.6345833333333,0,1,0,0,-0.801938931969766,-0.469337113837033
61.2670833333333,1,1,0,0,0.861059662874391,1.66299859484416
57.9733333333333,1,1,0,0,0.847479761871293,-0.0135799010030987
55.7908333333333,1,1,0,0,0.770146913297103,-0.0773328485741899
52.0029166666667,1,1,0,0,0.692664238156222,-0.0774826751408805
55.9679166666667,1,1,0,0,0.901130163937021,0.208465925780798
48.3358333333333,0,1,0,0,-0.287461155955796,-1.18859131989282
43.3095833333333,0,1,0,0,-1.02825384054019,-0.740792684584391
54.295,1,1,0,0,0.764924022352492,1.79317786289268
60.2179166666667,1,1,0,0,1.11403610300541,0.349112080652914
58.42375,1,1,0,0,1.00738993517369,-0.106646167831711
57.2466666666667,1,1,0,0,1.00819143293695,0.000801497763255554
57.6,1,1,0,0,0.78696797851457,-0.22122345442238
50.2266666666667,0,1,0,0,-0.306945042924883,-1.09391302143945
41.5891666666667,0,1,0,0,-0.941129665125967,-0.634184622201084
48.6333333333333,1,1,0,0,-1.19882685549671,-0.257697190370747
51.91125,1,1,0,0,0.349423935068567,1.54825079056528
54.36125,1,1,0,0,0.752095174739343,0.402671239670776
46.2429166666667,1,1,0,0,0.011891240388562,-0.740203934350781
50.8004166666667,1,1,0,0,0.287038937506198,0.275147697117637
49.73375,0,1,0,0,-0.874615136430161,-1.16165407393636
44.3041666666667,0,1,0,0,-1.02356757478445,-0.148952438354292
50.9754166666667,1,1,0,0,0.0966004821291048,1.12016805691356
53.1541666666667,1,1,0,0,-0.023488805621276,-0.120089287750381
54.3883333333333,1,1,0,0,0.815537872422176,0.839026678043452
57.6333333333333,1,1,0,0,0.927117016381485,0.111579143959309
54.6454166666667,1,1,0,0,0.922351288001211,-0.00476572838027467
47.7108333333333,0,1,0,0,-0.267141162521045,-1.18949245052226
43.5779166666667,0,1,0,0,-1.01436952800107,-0.747228365480026
57.6841666666667,1,1,0,0,0.780243729205666,1.79461325720674
49.59375,1,1,0,0,0.407290157365005,-0.372953571840661
55.3625,1,1,0,0,0.689152492982957,0.281862335617952
62.4129166666667,1,1,0,0,0.914670957192945,0.225518464209988
55.4883333333333,1,1,0,0,0.953276631221264,0.0386056740283189
48.6741666666667,0,1,0,0,-0.261562324794694,-1.21483895601596
41.2620833333333,0,1,0,0,-1.03151594644152,-0.769953621646829
49.2820833333333,1,1,0,0,0.152700201449484,1.18421614789101
54.3158333333333,1,1,0,0,0.352583692109396,0.199883490659912
59.4583333333333,1,1,0,0,1.20759064075279,0.85500694864339
60.0741666666667,1,1,0,0,1.16604077996058,-0.0415498607922078
56.74875,1,1,0,0,1.13984146218826,-0.0261993177723181
50.6670833333333,0,1,0,0,0.109465315802381,-1.03037614638588
45.9433333333333,0,1,0,0,-0.604847607231818,-0.714312923034198
55.3429166666667,1,1,0,0,0.957255541952067,1.56210314918388
47.3670833333333,1,1,0,0,0.155243382143878,-0.802012159808189
58.6116666666667,1,1,0,0,1.3377126038162,1.18246922167232
52.6708333333333,1,1,0,0,1.13237447453197,-0.205338129284229
55.9804166666667,1,1,0,0,1.14310620231631,0.0107317277843419
47.6329166666667,0,1,0,0,0.0859427756397748,-1.05716342667653
46.08125,0,1,0,0,-0.50812703659517,-0.594069812234945
56.3,1,1,0,0,1.15893865031083,1.667065686906
56.8658333333333,1,1,0,0,1.25374498407795,0.0948063337671146
59.4133333333333,1,1,0,0,1.45453948664571,0.200794502567762
58.9529166666667,1,1,0,0,1.36842419067387,-0.0861152959718414
50.9145833333333,1,1,0,0,0.872051922906517,-0.49637226776735
49.2008333333333,0,1,0,0,0.19300874960312,-0.679043173303397
45.64875,0,1,0,0,-0.184770637620321,-0.377779387223441
62.4329166666667,1,1,0,0,1.65924288431682,1.84401352193714
62.1291666666667,1,1,0,0,1.73507655132575,0.0758336670089339
61.7779166666667,1,1,0,0,1.57080011552835,-0.164276435797403
63.2145833333333,1,1,0,0,1.69068306641427,0.119882950885917
61.9533333333333,1,1,0,0,1.78562158879018,0.0949385223759098
51.84125,0,1,0,0,0.570180780358729,-1.21544080843145
49.13,0,1,0,0,0.0276067280077202,-0.542574052351008
64.22375,1,1,0,0,1.55703465626614,1.52942792825842
63.89,1,1,0,0,1.84680003964991,0.289765383383774
65.2666666666667,1,1,0,0,1.87644126488987,0.0296412252399609
61.0666666666667,1,1,0,0,1.71031493143383,-0.166126333456037
55.7095833333333,1,1,0,0,1.15383589798415,-0.556479033449682
45.9320833333333,0,1,0,0,-0.289510034537613,-1.44334593252177
33.9195833333333,0,1,0,0,-1.80640863419829,-1.51689859966068
58.9904166666667,1,1,0,0,1.20355380716807,3.00996244136636
55.9741666666667,1,1,0,0,1.38001500744679,0.176461200278715
57.6683333333333,1,1,0,0,1.36950518328953,-0.0105098241572563
52.7608333333333,1,0,0,0,1.20103656464799,-0.168468618641537
53.01625,1,0,0,0,1.32813244028217,0.127095875634181
46.31875,0,0,0,0,-0.581501763581826,-1.909634203864
36.7516666666667,0,0,0,0,-1.02956014137588,-0.448058377794051
46.0475,1,0,0,0,0.761481840064715,1.79104198144059
49.59375,1,0,0,0,0.9445428055269,0.183060965462185
48.9520833333333,1,0,0,0,1.01792011600918,0.0733773104822781
46.4133333333333,1,0,0,0,0.629312121137046,-0.388607994872131
42.58625,1,0,0,0,0.059473149919312,-0.569838971217734
46.1316666666667,0,0,0,0,-0.0149675703220434,-0.0744407202413555
45.3883333333333,0,0,0,0,-0.154953545918301,-0.139985975596258
49.83875,1,0,0,0,1.38908714152108,1.54404068743938
45.63875,1,0,0,0,0.489179778978373,-0.899907362542705
45.9808333333333,1,0,0,0,0.709968557926511,0.220788778948138
45.9941666666667,1,0,0,0,1.0184578709246,0.308489312998091
48.1266666666667,1,0,0,0,1.69491357645567,0.67645570553107
33.20375,0,0,0,0,-0.363289629190975,-2.05820320564665
34.1525,0,0,0,0,-0.823639654469811,-0.460350025278836
48.8929166666667,1,0,0,0,1.05743302639687,1.88107268086668
47.5395833333333,1,0,0,0,1.22952750057813,0.172094474181262
49.8279166666667,1,0,0,0,1.46048468233095,0.230957181752823
49.6516666666667,1,0,0,0,1.43286278907866,-0.0276218932522942
46.4875,1,0,0,0,0.811719617824196,-0.621143171254462
28.155,0,0,0,0,-1.06071984214083,-1.87243945996503
15.6866666666667,0,0,0,0,-1.50932579297252,-0.448605950831686
27.6675,1,0,0,0,-1.46470166888046,0.0446241240920586
42.6670833333333,1,0,0,0,-0.256463112662727,1.20823855621773
44.3270833333333,1,0,0,0,0.0250481746523349,0.281511287315062
33.8229166666667,1,0,0,0,-1.06666549931891,-1.09171367397124
39.00875,1,0,0,0,-0.434958162802897,0.631707336516009
39.1883333333333,0,0,0,0,-0.237009718455941,0.197948444346956
18.1895833333333,0,0,0,0,-1.11560496594777,-0.878595247491827
33.81875,1,0,0,0,1.00643209604662,2.12203706199439
35.02625,1,0,0,0,0.182023600772898,-0.824408495273721
32.1633333333333,1,0,0,0,-0.106720201481958,-0.288743802254857
20.35,1,0,0,0,-0.173340769374553,-0.0666205678925941
36.2570833333333,1,0,0,0,0.265093284936649,0.438434054311202
32.5758333333333,0,0,0,0,-0.255961692736282,-0.521054977672932
26.8283333333333,0,0,0,0,-0.66361772581596,-0.407656033079677
47.9083333333333,1,0,0,0,1.58110397121541,2.24472169703137
45.7733333333333,1,0,0,0,1.45170949647281,-0.129394474742606
47.8333333333333,1,0,0,0,1.34380825169297,-0.107901244779841
43.10375,1,0,0,0,0.191675932672847,-1.15213231902012
36.6929166666667,1,0,0,0,0.27496659157881,0.0832906589059627
40.0608333333333,0,0,0,0,0.118125671948394,-0.156840919630416
41.5820833333333,0,0,0,0,0.036456097917609,-0.0816695740307853
49.50875,1,0,0,0,1.77290380171876,1.73644770380115
50.0183333333333,1,0,0,0,1.91093420422556,0.138030402506796
45.3720833333333,1,0,0,0,1.54311918383291,-0.367815020392646
45.1583333333333,1,0,0,0,1.32979518877005,-0.213323995062854
42.73375,1,0,0,0,0.897906447747128,-0.431888741022926
37.6054166666667,0,0,0,0,-0.347070774769333,-1.24497722251646
13.6575,0,0,0,0,-1.48763019098254,-1.14055941621321
44.0083333333333,1,0,0,0,1.46744908910932,2.95507928009186
49.3508333333333,1,0,0,0,1.89213431545155,0.424685226342228
47.1583333333333,1,0,0,0,1.83492443153057,-0.05720988392098
45.1825,1,0,0,0,1.09486583427829,-0.74005859725228
48.7558333333333,1,0,0,0,1.67690367872624,0.582037844447953
45.3391666666667,0,0,0,0,0.76961995284256,-0.907283725883679
41.4975,0,0,0,0,-0.0649099613872146,-0.834529914229775
44.30875,1,0,0,0,1.06597833354724,1.13088829493445
48.72125,1,0,0,0,1.23870053529566,0.172722201748424
51.21,1,0,0,0,1.38505220698525,0.146351671689589
62.3383333333333,1,0,0,0,1.81340852302161,0.428356316036361
63.8133333333333,1,0,0,0,1.93794078769531,0.124532264673697
51.3783333333333,0,0,0,0,0.845283884117004,-1.09265690357831
44.33,0,0,0,0,0.0375311833377053,-0.807752700779299
45.8071527777778,1,0,0,0,1.76882631366602,1.73129513032832
47.2843055555556,1,0,0,0,2.04317127353861,0.274344959872582
48.7614583333333,1,0,0,0,1.90403867501879,-0.13913259851982
50.2386111111111,1,0,0,0,1.80068063653026,-0.103358038488524
51.7157638888889,1,0,0,0,1.74307555135727,-0.0576050851729908
53.1929166666667,0,0,0,0,0.70293198957983,-1.04014356177744
42.4975,0,0,0,0,0.0498361185455413,-0.653095871034289
53.1854166666667,1,0,0,0,1.87464439177679,1.82480827323125
63.8733333333333,1,0,0,0,1.59850576385889,-0.276138627917898
35.9770833333333,1,0,0,0,0.256207665986832,-1.34229809787206
54.8875,1,0,0,0,1.44364657927864,1.18743891329181
48.0679166666667,1,0,0,0,1.21769236696237,-0.225954212316268
42.0954166666667,0,0,0,0,-0.141909548188519,-1.35960191515089
28.7454166666667,0,0,0,0,-1.17328016800354,-1.03137061981502
50.6375,1,0,0,0,0.645426541189192,1.81870670919273
43.6195833333333,1,0,0,0,0.382718691344358,-0.262707849844834
43.7941666666667,1,0,0,0,0.511877281065344,0.129158589720986
41.0258333333333,1,0,0,0,0.496907688443193,-0.0149695926221508
44.7808333333333,1,0,0,0,0.153416267374607,-0.343491421068586
40.2995833333333,0,0,0,0,-0.74038930134318,-0.893805568717787
42.7666666666667,0,0,0,0,-0.523622582207653,0.216766719135527
47.2579166666667,1,0,0,0,1.40460480184823,1.92822738405589
47.4204166666667,1,0,0,0,1.19059879032464,-0.214006011523589
49.325,1,0,0,0,1.41796113999855,0.227362349673912
47.4479166666667,1,0,1,0,1.28228649011053,-0.135674649888025
49.03625,1,0,1,0,1.30956625190447,0.0272797617939411
39.3841666666667,0,0,1,0,-0.195020481054655,-1.50458673295913
37.46625,0,0,1,0,-0.435344382581514,-0.240323901526859
44.54625,1,0,1,0,0.947498029659809,1.38284241224132
48.5525,1,0,1,0,1.19172169193036,0.244223662270548
43.2454166666667,1,0,1,0,1.00256141681802,-0.189160275112335
45.8954166666667,1,0,1,0,0.834925521695434,-0.167635895122588
47.7366666666667,1,0,1,0,1.06800717198235,0.233081650286919
41.7354166666667,0,0,1,0,-0.314917857689676,-1.38292502967203
31.6833333333333,0,0,1,0,-0.944150398733955,-0.629232541044279
45.0533333333333,1,0,1,0,0.693310539087833,1.63746093782179
47.9016666666667,1,0,1,0,1.01782669785079,0.324516158762955
46.7354166666667,1,0,1,0,1.1446038990813,0.126777201230511
47.4708333333333,1,0,1,0,1.02882492013819,-0.115778978943111
43.6808333333333,1,0,1,0,0.695748629928503,-0.333076290209685
40.2204166666667,0,0,1,0,-0.430917877831777,-1.12666650776028
34.39875,0,0,1,0,-0.851045602745148,-0.420127724913371
46.0204166666667,1,0,1,0,0.809828738453928,1.66087434119908
43.4370833333333,1,0,1,0,0.729076482897521,-0.0807522555564064
45.5625,1,0,1,0,0.926384478271437,0.197307995373915
45.3466666666667,1,0,1,0,0.841217645435687,-0.0851668328357499
41.7470833333333,1,0,1,0,0.79925421501247,-0.0419634304232169
38.63,0,0,1,0,-0.257419920903926,-1.0566741359164
25.2579166666667,0,0,1,0,-1.12212519069538,-0.864705269791455
41.6033333333333,1,0,1,0,0.533346410108296,1.65547160080368
39.4033333333333,1,0,1,0,0.448668850120426,-0.0846775599878697
39.25625,1,0,1,0,0.139491561023158,-0.309177289097267
31.6154166666667,1,0,1,0,-0.468184872459284,-0.607676433482442
35.5583333333333,1,0,1,0,-0.278549738628645,0.189635133830639
19.2379166666667,0,0,1,0,-1.4582764687844,-1.17972673015576
24.1033333333333,0,0,1,0,-1.59781001544143,-0.139533546657024
43.5433333333333,1,0,1,0,0.249351405236388,1.84716142067782
50.5508333333333,1,0,1,0,0.943674889616383,0.694323484379996
47.77,1,0,1,0,0.755637111643066,-0.188037777973317
50.0220833333333,1,0,1,0,0.985898230002023,0.230261118358957
41.7729166666667,1,0,1,0,-0.969234308261343,-1.95513253826337
39.45125,0,0,1,0,-0.998821104468664,-0.0295867962073215
35.1991666666667,0,0,1,0,-1.2948815811398,-0.296060476671137
21.86,1,0,1,0,-1.52939705507143,-0.234515473931628
40.6708333333333,1,0,1,0,-0.0488203768776423,1.48057667819379
53.85625,1,0,1,0,1.05072701542865,1.09954739230629
52.9591666666667,1,0,1,0,0.800629915024386,-0.250097100404263
56.6770833333333,1,0,1,0,0.757673185610209,-0.0429567294141767
45.09,0,0,1,0,-0.447018353114322,-1.20469153872453
34.36875,0,0,1,0,-1.19658858828102,-0.749570235166694
45.2625,1,0,1,0,0.187688984082143,1.38427757236316
51.4954166666667,1,0,1,0,0.482958881835995,0.295269897753853
50.8775,1,0,1,0,0.42298368090014,-0.0599752009358558
50.39875,1,0,1,0,0.297929681543931,-0.125053999356209
53.8666666666667,1,0,1,0,0.597168974416127,0.299239292872196
42.1633333333333,0,0,1,0,-0.74726708326806,-1.34443605768419
37.7766666666667,0,0,1,0,-1.35985993821368,-0.612592854945616
51.3945833333333,1,0,1,0,0.277577075968537,1.63743701418221
51.2133333333333,1,0,1,0,0.675235580260906,0.397658504292369
44.1,1,0,1,0,0.191414737385498,-0.483820842875408
41.6295833333333,1,0,1,0,0.0307674595922247,-0.160647277793273
46.9008333333333,1,0,1,0,-0.0561658905706921,-0.0869333501629168
37.2154166666667,0,0,1,0,-0.93950183633292,-0.883335945762228
22.4645833333333,0,0,1,0,-1.63987054225478,-0.700368705921863
42.3025,1,0,1,0,-0.383142754691909,1.25672778756287
23.7754166666667,1,0,1,0,-1.73813247123599,-1.35498971654408
48.1758333333333,1,0,1,0,-0.0516701763140451,1.68646229492195
50.2883333333333,1,0,1,0,0.50795236624854,0.559622542562585
42.9254166666667,1,0,1,0,0.128776049227493,-0.379176317021046
36.7675,0,0,1,0,-0.726820272845232,-0.855596322072725
32.68,0,0,1,0,-1.28792482155962,-0.561104548714386
47.3820833333333,1,0,1,0,0.4655889476132,1.75351376917282
40.3354166666667,1,0,1,0,0.126175998620158,-0.339412948993042
48.6741666666667,1,0,1,0,0.462691686466286,0.336515687846128
43.1191666666667,1,0,1,0,-0.0343112686340579,-0.497002955100343
38.8333333333333,1,0,1,0,-0.546427165660355,-0.512115897026297
35.3766666666667,0,0,1,0,-1.61112677814182,-1.06469961248147
31.1954166666667,0,0,1,0,-1.63832948266842,-0.0272027045265926
44.67,1,0,1,0,-0.227874446259075,1.41045503640934
49.1879166666667,1,0,1,0,0.164885178570946,0.392759624830021
40.8716666666667,1,0,1,0,-0.275371588399558,-0.440256766970505
30.4054166666667,1,0,1,0,-2.06396647888767,-1.78859489048811
35.4933333333333,1,0,1,0,-0.81584145615511,1.24812502273256
36.52375,0,0,1,0,-1.11701266048517,-0.301171204330063
25.05875,0,0,1,0,-1.92524141486232,-0.808228754377148
39.05,1,0,1,0,-0.095903097348349,1.82933831751397
46.11625,1,0,1,0,0.213858235538857,0.309761332887206
43.4704166666667,1,0,1,0,0.00789069772184235,-0.205967537817015
43.1725,1,0,1,0,-0.343183600206384,-0.351074297928226
38.6825,1,0,1,0,-0.341272926333393,0.00191067387299071
29.8933333333333,0,0,1,0,-1.26863755736467,-0.927364631031282
20.4566666666667,0,0,1,0,-1.63066049262125,-0.362022935256578
25.6304166666667,1,0,1,0,-1.88423438321308,-0.253573890591827
41.1166666666667,1,0,1,0,-0.532949878502029,1.35128450471105
46.0775,1,0,1,0,0.17873585384045,0.711685732342479
48.9204166666667,1,0,1,0,0.281288089944056,0.102552236103606
38.14625,1,0,0,1,-0.585604375709681,-0.866892465653737
30.255,0,0,0,1,-1.37523012749368,-0.789625751783997
30.94625,0,0,0,1,-1.33302648855119,0.0422036389424845
46.5095833333333,1,0,0,1,0.289497708552594,1.62252419710379
41.7475,1,0,0,1,0.0553999079528377,-0.234097800599756
48.50125,1,0,0,1,0.335848423005711,0.280448515052873
37.4833333333333,1,0,0,1,-0.908589928406244,-1.24443835141195
38.0325,1,0,0,1,-0.735788279221966,0.172801649184277
23.0391666666667,0,0,0,1,-1.63576824739075,-0.89997996816878
24.3683333333333,0,0,0,1,-1.63605959313139,-0.000291345740640825
45.5675,1,0,0,1,0.283559960345851,1.91961955347724
48.8625,1,0,0,1,0.339490774727441,0.0559308143815899
48.0258333333333,1,0,0,1,0.351780024780965,0.012289250053524
47.8858333333333,1,0,0,1,0.321397447629158,-0.0303825771518064
39.7308333333333,1,0,0,1,0.0992975794445674,-0.222099868184591
27.9483333333333,0,0,0,1,-1.27716193074918,-1.37645951019375
22.0029166666667,0,0,0,1,-2.08147902899192,-0.804317098242735
38.24,1,0,0,1,-0.157198913530516,1.9242801154614
47.5820833333333,1,0,0,1,0.222806284633079,0.380005198163595
50.8916666666667,1,0,0,1,0.376476807618781,0.153670522985701
48.6079166666667,1,0,0,1,0.211438410514344,-0.165038397104437
39.2229166666667,1,0,0,1,-0.445502767099309,-0.656941177613653
32.1429166666667,0,0,0,1,-1.32099577037291,-0.875493003273601
18.585,0,0,0,1,-1.86723272674841,-0.546236956375497
32.25125,1,0,0,1,-0.87383472471444,0.993398002033967
37.4525,1,0,0,1,-0.472696521666812,0.401138203047628
48.9666666666667,1,0,0,1,0.354122648830189,0.826819170497
47.5333333333333,1,0,0,1,0.298162731833412,-0.0559599169967768
46.51625,1,0,0,1,0.100738765446793,-0.197423966386619
37.175,0,0,0,1,-0.994461008639477,-1.09519977408627
25.0879166666667,0,0,0,1,-1.70306808197816,-0.708607073338683
44.47125,1,0,0,1,0.274236531779079,1.97730461375724
49.6304166666667,1,0,0,1,0.476709543531378,0.202473011752299
47.3679166666667,1,0,0,1,0.270394899105074,-0.206314644426305
46.2941666666667,1,0,0,1,0.212896238093669,-0.057498661011405
48.5270833333333,1,0,0,1,0.301592989317752,0.088696751224083
39.7533333333333,0,0,0,1,-0.999903058723197,-1.30149604804095
24.6829166666667,0,0,0,1,-1.65235345517993,-0.652450396456736
40.7870833333333,1,0,0,1,-0.473470820989442,1.17888263419049
47.715,1,0,0,1,0.050483913160511,0.523954734149953
45.2975,1,0,0,1,0.0345075120804185,-0.0159764010800925
39.6475,1,0,0,1,-0.303715174948583,-0.338222687029002
46.03625,1,0,0,1,0.300829786904633,0.604544961853216
31.7179166666667,0,0,0,1,-1.4289295543245,-1.72975934122913
26.1895833333333,0,0,0,1,-1.78593774598986,-0.357008191665361
38.4154166666667,1,0,0,1,-0.31296071216576,1.4729770338241
44.4929166666667,1,0,0,1,-0.0609809890980033,0.251979723067757
43.8141666666667,1,0,0,1,0.1581557622416,0.219136751339604
40.2516666666667,1,0,0,1,-0.400994576217335,-0.559150338458936
45.4641666666667,1,0,0,1,-0.016390602115646,0.384603974101689
38.3858333333333,0,0,0,1,-0.994644549101357,-0.978253946985711
28.08875,0,0,0,1,-1.63106264291792,-0.636418093816559
42.7291666666667,1,0,0,1,-0.565236976759193,1.06582566615872
45.5408333333333,1,0,0,1,-0.311271497279867,0.253965479479327
49.3583333333333,1,0,0,1,-0.145678441878219,0.165593055401648
49.5766666666667,1,0,0,1,-0.0568826950874507,0.0887957467907682
48.6308333333333,1,0,0,1,-0.177859954625034,-0.120977259537583
38.67,0,0,0,1,-1.121489637778,-0.943629683152967
30.6475,0,0,0,1,-1.77614903013526,-0.654659392357263
39.8695833333333,1,0,0,1,-0.427218446263779,1.34893058387148
44.4616666666667,1,0,0,1,-0.0705449288735838,0.356673517390196
41.4879166666667,1,0,0,1,-0.300591763227566,-0.230046834353982
42.5866666666667,1,0,0,1,-0.110453934426561,0.190137828801005
46.7425,1,0,0,1,-0.0930299703238342,0.0174239641027264
40.1595833333333,0,0,0,1,-1.20412434102212,-1.11109437069828
35.98875,0,0,0,1,-1.68852609551472,-0.484401754492605
43.6725,1,0,0,1,-0.132589125709901,1.55593696980482
38.1154166666667,1,0,0,1,-0.562030036905705,-0.429440911195805
44.2220833333333,1,0,0,1,-0.0857196417588366,0.476310395146869
47.1216666666667,1,0,0,1,0.0027039979769586,0.0884236397357952
44.8533333333333,1,0,0,1,-0.109159181196323,-0.111863179173281
41.0258333333333,0,0,0,1,-1.20180597447213,-1.09264679327581
26.4683333333333,0,0,0,1,-2.18689168082811,-0.985085706355979
45.1629166666667,1,0,0,1,-0.284777662736975,1.90211401809114
47.9158333333333,1,0,0,1,-0.144774874615646,0.140002788121328
41.4791666666667,1,0,0,1,-0.287767539913472,-0.142992665297826
51.44625,1,0,0,1,0.223001100990638,0.51076864090411
51.7820833333333,1,0,0,1,0.0748975590055355,-0.148103541985103
40.4991666666667,0,0,0,1,-1.19319122066282,-1.26808877966836
36.7495833333333,0,0,0,1,-1.81217360455327,-0.618982383890448
49.9254166666667,1,0,0,1,0.0936563550535839,1.90582995960686
61.0258333333333,1,0,0,1,0.450957943905452,0.357301588851869
49.3808333333333,1,0,0,1,0.00115099855843711,-0.449806945347015
53.2858333333333,1,0,0,1,0.137680596247096,0.136529597688659
51.3291666666667,1,0,0,1,0.471759368161198,0.334078771914102
42.65125,0,0,0,1,-1.13634153681146,-1.60810090497265
24.8033333333333,0,0,0,1,-2.20477925489038,-1.06843771807892
47.8816666666667,1,0,0,1,-0.210285353477032,1.99449390141335
49.445,1,0,0,1,0.249330883678451,0.459616237155483
52.2308333333333,1,0,0,1,0.350055739214192,0.100724855535741
52.5204166666667,1,0,0,1,0.598466225214455,0.248410486000263
49.85625,1,0,0,1,0.396713206672616,-0.20175301854184
43.8204166666667,0,1,0,0,-0.649735372103726,-1.04644857877634
34.2766666666667,0,1,0,0,-1.42988178871153,-0.780146416607801
50.81,1,1,0,0,0.457653166820765,1.88753495553229
49.09875,1,1,0,0,0.449874447785757,-0.00777871903500771
49.6216666666667,1,1,0,0,0.431236323781638,-0.0186381240041189
50.0733333333333,1,1,0,0,0.327105097214226,-0.104131226567412
45.4041666666667,1,1,0,0,-0.0269984051164549,-0.354103502330681
46.9891666666667,0,1,0,0,-0.852594633655026,-0.825596228538572
38.56375,0,1,0,0,-1.52404723727174,-0.671452603616716
51.2895833333333,1,1,0,0,0.352901716398074,1.87694895366982
53.5241666666667,1,1,0,0,0.622201144675763,0.269299428277689
55.865,1,1,0,0,0.865901240420613,0.24370009574485
52.7425,1,1,0,0,0.858006218176226,-0.00789502224438743
33.3270833333333,1,1,0,0,-0.176629364311427,-1.03463558248765
38.2720833333333,0,1,0,0,-0.661642145583503,-0.485012781272076
33.6879166666667,0,1,0,0,-1.40471646165168,-0.743074316068175
50.1266666666667,1,1,0,0,0.458221459482522,1.8629379211342
53.1916666666667,1,1,0,0,0.533849826426174,0.0756283669436515
51.57125,1,1,0,0,0.566271772049899,0.0324219456237257
50.4370833333333,1,1,0,0,0.620591393184911,0.0543196211350117
48.85125,1,1,0,0,0.668477342575328,0.0478859493904169
38.4458333333333,0,1,0,0,-0.621374619978093,-1.28985196255342
33.1320833333333,0,1,0,0,-0.978061618831438,-0.356686998853345
39.3783333333333,1,1,0,0,0.165091819794961,1.1431534386264
44.4183333333333,1,1,0,0,0.547131368989899,0.382039549194939
49.885,1,1,0,0,0.880808277649024,0.333676908659124
47.66125,1,1,0,0,0.536718756480043,-0.344089521168981
43.3629166666667,1,1,0,0,0.479804253537319,-0.0569145029427237
34.7041666666667,0,1,0,0,-0.56328505251194,-1.04308930604926
27.6216666666667,0,1,0,0,-1.27769495181165,-0.71440989929971
50.9295833333333,1,1,0,0,0.719566038080734,1.99726098989238
47.47375,1,1,0,0,0.839185678266078,0.119619640185344
29.75125,1,1,0,0,-1.50270420886385,-2.34188988712992
47.7729166666667,1,1,0,0,0.372502810059216,1.87520701892306
40.58125,1,1,0,0,0.536616958834763,0.164114148775547
38.84375,0,1,0,0,-0.397295604760683,-0.933912563595446
33.11875,0,1,0,0,-1.05557367491765,-0.658278070156963
41.1233333333333,1,1,0,0,0.460971931743585,1.51654560666123
44.89875,1,1,0,0,0.613827606933822,0.152855675190237
51.5495833333333,1,1,0,0,0.935099097284661,0.321271490350839
52.6858333333333,1,1,0,0,0.837529914824855,-0.0975691824598064
46.9454166666667,1,1,0,0,0.680779701968838,-0.156750212856017
36.97625,0,1,0,0,-0.5802283981697,-1.26100810013854
30.27375,0,1,0,0,-1.18233502672571,-0.60210662855601
43.5154166666667,1,1,0,0,0.956715784413463,2.13905081113917
42.45,1,1,0,0,0.41677029979322,-0.539945484620243
42.07,1,1,0,0,0.679955723363995,0.263185423570775
41.0070833333333,1,1,0,0,0.474658023802962,-0.205297699561033
44.7616666666667,1,1,0,0,0.523597692102368,0.0489396682994054
38.1141666666667,0,1,0,0,-0.436210393653358,-0.959808085755726
37.2025,0,1,0,0,-1.05052359573929,-0.614313202085933
49.2120833333333,1,1,0,0,0.780920703232522,1.83144429897181
51.0866666666667,1,1,0,0,1.0863500526924,0.305429349459876
54.8304166666667,1,1,0,0,1.25215362034133,0.165803567648927
50.1279166666667,1,1,0,0,1.02772032378845,-0.224433296552876
51.4658333333333,1,1,0,0,1.16572533229478,0.138005008506332
39.5666666666667,0,1,0,0,0.178865252457823,-0.986860079836957
37.5085416666667,0,1,0,0,-0.610016115964498,-0.788881368422321
42.635,1,1,0,0,-1.09721896919259,-0.487202853228091
55.5195833333333,1,1,0,0,1.40786248140107,2.50508145059365
48.0408333333333,1,1,0,0,0.798583820117287,-0.609278661283778
33.1420833333333,1,1,0,0,0.0556788661213513,-0.742904953995936
35.0079166666667,1,1,0,0,0.0162937470015311,-0.0393851191198202
35.47625,0,1,0,0,-0.256279564611116,-0.272573311612647
28.44625,0,1,0,0,-0.576584805183592,-0.320305240572476
43.1116666666667,1,1,0,0,1.19190009561818,1.76848490080177
43.5916666666667,1,1,0,0,1.16550847736608,-0.0263916182521016
35.4570833333333,1,1,0,0,0.666288094715083,-0.499220382650994
39.81125,1,1,0,0,0.68530113850377,0.0190130437886876
51.0229166666667,1,1,0,0,1.20807193455123,0.522770796047463
39.5070833333333,0,1,0,0,0.159353565011025,-1.04871836954021
34.7183333333333,0,1,0,0,-0.279330742530096,-0.438684307541122
52.555,1,1,0,0,1.42631836901629,1.70564911154639
52.0483333333333,1,1,0,0,1.49356941995352,0.0672510509372248
50.8866666666667,1,1,0,0,1.53800310943934,0.044433689485827
55.5458333333333,1,1,0,0,1.63824288367818,0.100239774238836
52.08875,1,1,0,0,1.69645394206686,0.0582110583886835
40.9408333333333,0,1,0,0,0.293595036190981,-1.40285890587588
42.6066666666667,0,1,0,0,-0.0737959825586452,-0.367391018749627
54.26125,1,1,0,0,1.54095784455376,1.6147538271124
52.2,1,1,0,0,1.5813275297846,0.0403696852308379
50.395,1,1,0,0,1.52274580153644,-0.0585817282481598
48.80375,1,1,0,0,1.51079520817937,-0.0119505933570685
47.3420833333333,1,1,0,0,1.3339665679925,-0.176828640186871
41.6133333333333,0,1,0,0,0.522028420453254,-0.811938147539243
19.9125,0,1,0,0,-1.21865137826797,-1.74067979872122
44.2241666666667,1,1,0,0,1.15284838946484,2.37149976773281
55.4920833333333,1,1,0,0,1.77847481431826,0.625626424853416
52.9466666666667,1,1,0,0,1.91260832699414,0.134133512675886
52.7358333333333,1,1,0,0,1.38239772634261,-0.530210600651536
57.6858333333333,1,1,0,0,1.66601249663838,0.283614770295778
46.0083333333333,0,0,0,0,0.702348933490136,-0.963663563148248
41.1075,0,0,0,0,0.0550250542853586,-0.647323879204778
51.2625,1,0,0,0,1.6516556478943,1.59663059360894
47.3833333333333,1,0,0,0,1.61160830523734,-0.0400473426569594
54.8583333333333,1,0,0,0,1.74175286328362,0.130144558046273
53.8966666666667,1,0,0,0,1.71742672737142,-0.0243261359121942
52.90125,1,0,0,0,1.5308672290629,-0.186559498308519
50.1183333333333,0,0,0,0,0.896215285013367,-0.634651944049536
35.07875,0,0,0,0,-0.50014419385054,-1.39635947886391
52.9545833333333,1,0,0,0,1.40980942139405,1.90995361524459
60.3241666666667,1,0,0,0,1.85539824342202,0.445588822027969
72.06875,1,0,0,0,2.09059258517047,0.235194341748455
65.44125,1,0,0,0,2.0428735887949,-0.0477189963755738
49.3495833333333,1,0,0,0,1.30527362905671,-0.737599959738192
33.8791666666667,0,0,0,0,0.265185336256647,-1.04008829280006
33.2408333333333,0,0,0,0,-0.0875576260139026,-0.35274296227055
53.27625,1,0,0,0,1.41841216455296,1.50596979056686
55.24,1,0,0,0,1.67257626081404,0.254164096261086
52.9675,1,0,0,0,1.65354796071536,-0.0190283000986833
46.7275,1,0,0,0,1.12327429598053,-0.530273664734834
38.1541666666667,1,0,0,0,0.918203726766604,-0.205070569213921
37.3608333333333,0,0,0,0,0.00772420396931338,-0.91047952279729
16.16375,0,0,0,0,-0.940852880717841,-0.948577084687154
17.2340625,1,0,0,0,-0.892059976413106,0.0487929043047353
18.304375,1,0,0,0,-1.27033914561395,-0.37827916920084
19.3746875,1,0,0,0,-1.52769680539483,-0.257357659780887
20.445,1,0,0,0,-0.55311321866298,0.974583586731852
31.2979166666667,1,0,0,0,-0.165910010263835,0.387203208399145
16.6779166666667,0,0,0,0,-0.968309584636425,-0.80239957437259
10.3658333333333,0,0,0,0,-2.00297278455809,-1.03466319992167
14.145625,1,0,0,0,-1.90438226580867,0.0985905187494158
17.9254166666667,1,0,0,0,-1.27019367049592,0.634188595312757
38.2354166666667,1,0,0,0,-0.337077668001334,0.933116002494583
33.7725,1,0,0,0,-0.310942084602766,0.0261355833985683
32.1233333333333,1,0,0,0,-0.437944422420081,-0.127002337817316
33.0275,0,0,0,0,0.0388284839747085,0.47677290639479
29.0108333333333,0,0,0,0,-0.481563016516038,-0.520391500490747
52.39625,1,0,0,0,1.44508506203772,1.92664807855375
53.1458333333333,1,0,0,0,1.5252528472824,0.0801677852446865
51.97375,1,0,0,0,1.43157360643956,-0.0936792408428408
50.0316666666667,1,0,0,0,1.33813565273945,-0.0934379537001073
52.8025,1,0,0,0,1.41662427601905,0.0784886232795956
44.5170833333333,0,0,0,0,0.643158058160858,-0.773466217858191
38.80875,0,0,0,0,0.06786268421488,-0.575295373945978
52.0470833333333,1,0,0,0,1.725300115074,1.65743743085912
55.8525,1,0,0,0,1.9167887656784,0.1914886506044
54.96375,1,0,0,0,1.97906716765919,0.0622784019807852
53.4366666666667,1,0,0,0,2.00108395603824,0.0220167883790552
50.9945833333333,1,0,0,0,1.67289724140223,-0.328186714636016
39.4370833333333,0,0,0,0,0.284863259489655,-1.38803398191257
34.6708333333333,0,0,0,0,-0.387292776201576,-0.672156035691231
47.5904166666667,1,0,0,0,1.10189372513941,1.48918650134099
53.9558333333333,1,0,0,0,1.73065190324016,0.628758178100749
59.7425,1,0,0,0,2.00192704073782,0.271275137497665
59.2475,1,0,0,0,2.003008190081,0.00108114934317038
52.25875,1,0,0,0,1.8171595029063,-0.185848687174698
36.8433333333333,0,0,0,0,0.440766664139514,-1.37639283876678
31.1195833333333,0,0,0,0,-0.500706641323515,-0.941473305463029
44.9029166666667,1,0,0,0,0.939415631498763,1.44012227282228
32.2679166666667,1,0,0,0,0.396610632097114,-0.542804999401649
29.3520833333333,1,0,0,0,-0.180403759238037,-0.577014391335151
26.05875,1,0,0,0,-0.599846885595518,-0.419443126357482
34.9775,1,0,0,0,0.626036775213268,1.22588366080879
35.52625,0,0,0,0,-0.0297987177853673,-0.655835492998635
28.80125,0,0,0,0,-0.766894952841439,-0.737096235056072
32.3520833333333,1,0,0,0,-0.117424438118394,0.649470514723045
32.3175,1,0,0,0,0.306781953060904,0.424206391179298
46.83,1,0,0,0,1.47124547638779,1.16446352332689
50.87375,1,0,0,0,1.44520538698867,-0.0260400893991248
49.4370833333333,1,0,0,0,1.41313779233663,-0.0320675946520381
40.7179166666667,0,0,0,0,0.479369146285763,-0.933768646050865
35.0329166666667,0,0,0,0,-0.224584606071033,-0.703953752356796
40.96375,1,0,0,0,0.377279684991942,0.601864291062975
49.4620833333333,1,0,0,0,1.36303397062233,0.985754285630387
52.6841666666667,1,0,0,0,1.67711202416473,0.314078053542404
46.6645833333333,1,0,0,0,1.31096930204361,-0.366142722121124
50.95875,1,0,0,0,1.47435324032157,0.163383938277959
41.2925,0,0,0,0,0.484407965661934,-0.989945274659634
38.43625,0,0,0,0,-0.066161140305134,-0.550569105967068
53.5320833333333,1,0,0,0,1.14762018822982,1.21378132853496
48.5491666666667,1,0,0,0,1.17091079302059,0.0232906047907662
46.1929166666667,1,0,0,0,1.26143535819155,0.0905245651709639
52.8458333333333,1,0,0,0,1.38889620984556,0.127460851654009
47.9508333333333,1,0,0,0,1.188104582847,-0.200791626998563
37.3179166666667,0,0,0,0,0.00758633904140986,-1.18051824380559
33.7483333333333,0,0,0,0,-0.675368276294353,-0.682954615335763
52.6825,1,0,0,0,1.09909898267143,1.77446725896579
55.49125,1,0,0,0,1.4114123954329,0.312313412761464
59.665,1,0,0,0,1.45952651778138,0.0481141223484829
53.9591666666667,1,0,0,0,1.20701164163827,-0.252514876143108
51.045,1,0,1,0,0.917752386211608,-0.289259255426663
42.2854166666667,0,0,1,0,-0.224375464229608,-1.14212785044122
38.3516666666667,0,0,1,0,-0.769526548329893,-0.545151084100285
48.90125,1,0,1,0,0.840914858100053,1.61044140642995
41.5895833333333,1,0,1,0,0.852184796437865,0.0112699383378121
49.00375,1,0,1,0,0.974130524838732,0.121945728400867
41.455,1,0,1,0,0.791631593555071,-0.182498931283661
36.23625,1,0,1,0,0.0842870521651803,-0.70734454138989
30.4454166666667,0,0,1,0,-0.910968337835115,-0.995255390000296
18.5716666666667,0,0,1,0,-1.49057002258431,-0.579601684749197
37.8695833333333,1,0,1,0,0.500185651460705,1.99075567404502
46.5266666666667,1,0,1,0,1.00411786556978,0.503932214109074
55.3366666666667,1,0,1,0,1.37072221550838,0.366604349938599
53.3404166666667,1,0,1,0,1.33640422740597,-0.0343179881024098
44.3133333333333,1,0,1,0,0.931617575585254,-0.404786651820714
27.885,0,0,1,0,-0.895718685110674,-1.82733626069593
10.8320833333333,0,0,1,0,-1.61108255479823,-0.71536386968756
36.5858333333333,1,0,1,0,0.129545771701259,1.74062832649949
43.70625,1,0,1,0,0.788566484388433,0.659020712687174
50.3575,1,0,1,0,0.981342988782618,0.192776504394185
55.5675,1,0,1,0,1.05036510140535,0.0690221126227351
38.9404166666667,1,0,1,0,0.0481977803036181,-1.00216732110174
21.17125,0,0,1,0,-1.65234068564731,-1.70053846595093
12.6954166666667,0,0,1,0,-2.12657705265668,-0.474236367009368
34.3420833333333,1,0,1,0,-0.393742667356121,1.73283438530056
38.6083333333333,1,0,1,0,0.275437788614612,0.669180455970733
47.0325,1,0,1,0,0.471374406214459,0.195936617599847
49.2691666666667,1,0,1,0,0.372373281967465,-0.0990011242469934
38.74,1,0,1,0,-0.623038189097542,-0.995411471065007
38.9575,0,0,1,0,-0.25228987581817,0.370748313279371
32.2139583333333,0,0,1,0,-0.936999361168855,-0.684709485350685
24.8945833333333,1,0,1,0,-1.19802522792741,-0.261025866758556
49.05125,1,0,1,0,0.261187428561249,1.45921265648866
40.0695833333333,1,0,1,0,0.228192008776648,-0.0329954197846011
48.11125,1,0,1,0,0.24989754503105,0.0217055362544016
53.4525,1,0,1,0,0.381176848940498,0.131279303909448
41.5558333333333,0,0,1,0,-0.287212620839164,-0.668389469779662
40.34375,0,0,1,0,-0.967027080715881,-0.679814459876717
58.41375,1,0,1,0,0.501025308455531,1.46805238917141
55.9720833333333,1,0,1,0,0.334775997777406,-0.166249310678124
57.2658333333333,1,0,1,0,0.499888134854402,0.165112137076996
55.38625,1,0,1,0,0.568317208478763,0.068429073624361
43.5783333333333,1,0,1,0,0.0866391003663336,-0.481678108112429
28.3833333333333,0,0,1,0,-1.2961186782501,-1.38275777861643
16.1079166666667,0,0,1,0,-1.67239187043604,-0.376273192185947
39.8479166666667,1,0,1,0,-0.496883935279589,1.17550793515645
43.9366666666667,1,0,1,0,0.0564499043439452,0.553333839623534
38.2633333333333,1,0,1,0,-0.0804070702585741,-0.136856974602519
27.3475,1,0,1,0,-0.917450897528986,-0.837043827270412
31.2291666666667,1,0,1,0,-0.411736448541925,0.505714448987062
28.1795833333333,0,0,1,0,-1.0162266584812,-0.604490209939272
16.3945833333333,0,0,1,0,-1.69661758405531,-0.680390925574114
40.70625,1,0,1,0,-0.128964269006984,1.56765331504833
32.57625,1,0,1,0,-0.468301683008733,-0.339337414001749
37.6904166666667,1,0,1,0,-0.237057716688953,0.23124396631978
32.6633333333333,1,0,1,0,-0.108174099401243,0.12888361728771
34.1291666666667,1,0,1,0,-0.284004636321804,-0.175830536920561
26.2179166666667,0,0,1,0,-0.9805558837623,-0.696551247440497
23.3691666666667,0,0,1,0,-1.37262191996693,-0.392066036204631
35.5941666666667,1,0,1,0,-0.61911911831212,0.753502801654811
36.7991666666667,1,0,1,0,-0.0747685684017565,0.544350549910364
14.19625,1,0,1,0,-1.66906761698934,-1.59429904858758
32.9775,1,0,1,0,-0.273712013343686,1.39535560364565
35.13625,1,0,1,0,-0.131283080983201,0.142428932360485
30.48875,0,0,1,0,-1.12292866102592,-0.991645580042715
18.1404166666667,0,0,1,0,-1.70998827813622,-0.587059617110306
39.875,1,0,1,0,-0.22964240896373,1.48034586917249
35.71875,1,0,1,0,-0.0233577140732754,0.206284694890455
33.12125,1,0,1,0,-0.395962325148553,-0.372604611075278
24.0845833333333,1,0,1,0,-1.6929776318599,-1.29701530671134
31.575,1,0,1,0,-0.870530156793533,0.822447475066364
19.5345833333333,0,0,1,0,-1.21357913171334,-0.343048974919805
11.4916666666667,0,0,1,0,-1.94912681760172,-0.735547685888378
33.9025,1,0,1,0,-0.275247124783104,1.67387969281861
34.9758333333333,1,0,1,0,-0.258794698897713,0.0164524258853914
32.93375,1,0,1,0,-0.546209488752151,-0.287414789854438
35.7270833333333,1,0,1,0,-0.0574355282425721,0.488773960509579
36.5575,1,0,1,0,-0.108636463833181,-0.0512009355906091
23.6066666666667,0,0,1,0,-1.40372898648824,-1.29509252265506
14.2416666666667,0,0,1,0,-1.97769396674119,-0.573964980252949
27.9704166666667,1,0,1,0,-1.83849830518296,0.139195661558221
43.0133333333333,1,0,1,0,-0.256732067524006,1.58176623765896
34.2458333333333,1,0,1,0,-0.476821580772544,-0.220089513248538
45.5879166666667,1,0,1,0,-0.0340327332851504,0.442788847487393
47.0383333333333,1,0,1,0,-0.00252296870287688,0.0315097645822736
32.5129166666667,0,0,1,0,-1.32003908331453,-1.31751611461166
21.0754166666667,0,0,1,0,-1.65388982845724,-0.333850745142709
43.475,1,0,1,0,-0.0198197410320703,1.63407008742517
42.1991666666667,1,0,1,0,-0.133101854435162,-0.113282113403091
49.8004166666667,1,0,1,0,0.148071167847764,0.281173022282925
36.5304166666667,1,0,1,0,-0.602603270554753,-0.750674438402516
32.2204166666667,1,0,1,0,-1.04123751980054,-0.438634249245788
29.43625,0,0,0,1,-1.65864042728396,-0.617402907483419
9.26458333333333,0,0,0,1,-2.73107831514751,-1.07243788786355
31.0741666666667,1,0,0,1,-0.496480875932989,2.23459743921452
39.0016666666667,1,0,0,1,-0.332029516669677,0.164451359263312
37.68625,1,0,0,1,-0.162885116054056,0.169144400615621
35.9879166666667,1,0,0,1,-0.259287620452602,-0.0964025043985465
33.8095833333333,1,0,0,1,-0.190181367881103,0.0691062525714995
26.3754166666667,0,0,0,1,-1.36258041850809,-1.17239905062698
14.4241666666667,0,0,0,1,-1.80167554771883,-0.43909512921074
30.2654166666667,1,0,0,1,-0.0559235177831685,1.74575202993566
31.8208333333333,1,0,0,1,0.0791535919229713,0.13507710970614
31.1291666666667,1,0,0,1,-0.010396046472816,-0.0895496383957873
29.0804166666667,1,0,0,1,-0.334011992349419,-0.323615945876603
29.1620833333333,1,0,0,1,-0.619145652575162,-0.285133660225742
15.4404166666667,0,0,0,1,-1.56906671646231,-0.94992106388715
26.2429166666667,0,0,0,1,-2.24213488468483,-0.673068168222523
37.0454166666667,1,0,0,1,-0.377684670020766,1.86445021466407
33.4191666666667,1,0,0,1,-0.199414787507598,0.178269882513169
34.4916666666667,1,0,0,1,-0.182010478752524,0.0174043087550738
37.6408333333333,1,0,0,1,0.0599852254144944,0.241995704167018
30.3445833333333,1,0,0,1,-0.538715104964638,-0.598700330379132
15.9233333333333,0,0,0,1,-1.46348217991444,-0.924767074949802
11.8245833333333,0,0,0,1,-2.15467062771392,-0.691188447799484
33.5225,1,0,0,1,-0.261447681671765,1.89322294604216
34.0491666666667,1,0,0,1,-0.203620465736004,0.0578272159357608
29.6991666666667,1,0,0,1,-0.879848121249943,-0.676227655513939
38.0045833333333,1,0,0,1,-0.354596321164026,0.525251800085917
33.5883333333333,1,0,0,1,-0.341754454430887,0.0128418667331388
27.9558333333333,0,0,0,1,-1.11304275225635,-0.771288297825462
16.53875,0,0,0,1,-1.91555547128629,-0.802512719029937
31.6925,1,0,0,1,-0.723402399703412,1.19215307158287
37.59375,1,0,0,1,-0.343443567824292,0.379958831879121
40.4129166666667,1,0,0,1,-0.0715594357454851,0.271884132078807
41.2,1,0,0,1,-0.0577389841101907,0.0138204516352944
34.40625,1,0,0,1,-0.309399568278097,-0.251660584167906
26.2383333333333,0,0,0,1,-1.43949713013424,-1.13009756185615
18.5579166666667,0,0,0,1,-2.03292604285137,-0.593428912717124
33.0391666666667,1,0,0,1,-0.7173245607919,1.31560148205947
36.5858333333333,1,0,0,1,-0.492170946565113,0.225153614226787
33.0620833333333,1,0,0,1,-0.65868433894337,-0.166513392378258
37.1029166666667,1,0,0,1,-0.560761262621342,0.0979230763220281
35.1379166666667,1,0,0,1,-0.644559207611706,-0.0837979449903634
31.9370833333333,0,0,0,1,-1.50577137111782,-0.861212163506111
20.2966666666667,0,0,0,1,-2.37246940053968,-0.866698029421859
38.2675,1,0,0,1,-0.83258653550564,1.53988286503404
41.7241666666667,1,0,0,1,-0.638814808120717,0.193771727384924
46.8554166666667,1,0,0,1,-0.494779619681931,0.144035188438786
44.1904166666667,1,0,0,1,-0.491125335314972,0.00365428436695897
37.0258333333333,1,0,0,1,-0.962336038498908,-0.471210703183937
31.6204166666667,0,0,0,1,-1.56051610318767,-0.598180064688758
25.86375,0,0,0,1,-2.11198521097578,-0.551469107788111
42.4645833333333,1,0,0,1,-0.676585987827714,1.43539922314806
46.8783333333333,1,0,0,1,-0.430339422256839,0.246246565570875
51.0241666666667,1,0,0,1,-0.29997392131954,0.130365500937298
50.5120833333333,1,0,0,1,-0.270423232176387,0.0295506891431534
43.0045833333333,1,0,0,1,-0.453795491920592,-0.183372259744205
33.2283333333333,0,0,0,1,-1.38367366771159,-0.929878175790998
22.50875,0,0,0,1,-1.90336915355697,-0.519695485845377
45.5895833333333,1,0,0,1,-0.298717293308314,1.60465186024865
37.1954166666667,1,0,0,1,-0.917611303650931,-0.618894010342616
33.9104166666667,1,0,0,1,-0.864558961975627,0.0530523416753036
39.8591666666667,1,0,0,1,-0.622850272467508,0.241708689508119
36.68375,1,0,0,1,-0.780685834447212,-0.157835561979704
30.9108333333333,0,0,0,1,-1.50734240300044,-0.726656568553231
30.5166666666667,0,0,0,1,-1.74652929883985,-0.239186895839402
43.7491666666667,1,0,0,1,-0.558059716371564,1.18846958246828
36.9975,1,0,0,1,-0.281705037856113,0.276354678515452
39.4020833333333,1,0,0,1,-0.226898363995155,0.0548066738609575
37.7675,1,0,0,1,-0.21406851502497,0.0128298489701848
39.9408333333333,1,0,0,1,-0.306729029351291,-0.0926605143263203
29.2270833333333,0,0,0,1,-1.39680667824726,-1.09007764889597
18.3954166666667,0,0,0,1,-1.99285299129584,-0.596046313048576
36.7008333333333,1,0,0,1,-0.738808695205763,1.25404429609008
36.7504166666667,1,0,0,1,-0.657184306155947,0.0816243890498161
32.86875,1,0,0,1,-0.695576409005658,-0.0383921028497108
32.7654166666667,1,0,0,1,-0.852864680219857,-0.1572882712142
36.575,1,0,0,1,-1.07074240755809,-0.217877727338231
32.0545833333333,0,0,0,1,-1.41690103354103,-0.346158625982943
23.2354166666667,0,0,0,1,-1.94467398960323,-0.527772956062193
56.135,1,0,0,1,-0.229285378360426,1.7153886112428
43.2670833333333,1,0,0,1,-0.275370927606989,-0.0460855492465629
44.3066666666667,1,0,0,1,-0.31065985506884,-0.035288927461851
47.1504166666667,1,0,0,1,-0.328068009706398,-0.0174081546375587
45.9433333333333,1,0,0,1,-0.378261206780405,-0.0501931970740068
30.3025,0,0,0,1,-1.65610227105613,-1.27784106427572
26.02,0,0,0,1,-1.87318012937,-0.217077858313873
44.0579166666667,1,0,0,1,-0.555025581008592,1.31815454836141
50.0225,1,0,0,1,-0.11951795244697,0.435507628561621
52.6983333333333,1,0,0,1,-0.05267614615189,0.0668418062950803
53.0920833333333,1,0,0,1,-0.161684644311754,-0.109008498159864
45.2045833333333,1,0,0,1,-0.309883544282492,-0.148198899970738
32.6504166666667,0,0,0,1,-1.31303234221331,-1.00314879793082
27.3575,0,1,0,0,-2.07956616124741,-0.766533819034097
32.8554166666667,1,1,0,0,-1.19632124735542,0.883244913891983
49.115,1,1,0,0,-0.368959549048956,0.827361698306469
53.0670833333333,1,1,0,0,-0.133559570431797,0.23539997861716
46.0458333333333,1,1,0,0,-0.305694554705429,-0.172134984273632
39.4308333333333,1,1,0,0,-0.592679834403515,-0.286985279698086
37.3145833333333,0,1,0,0,-1.19949691146157,-0.606817077058056
30.2375,0,1,0,0,-1.56987056586143,-0.370373654399863
47.0041666666667,1,1,0,0,-0.10673616085779,1.46313440500364
47.8858333333333,1,1,0,0,0.0557869379686364,0.162523098826426
48.2316666666667,1,1,0,0,0.0891701543825339,0.0333832164138975
50.2891666666667,1,1,0,0,0.211849353644401,0.122679199261867
48.6491666666667,1,1,0,0,0.0329908667576288,-0.178858486886772
35.4279166666667,0,1,0,0,-0.850678248509725,-0.883669115267354
27.3579166666667,0,1,0,0,-1.51318798465038,-0.662509736140652
41.2220833333333,1,1,0,0,-0.420909357650225,1.09227862700015
36.45875,1,1,0,0,-0.422846234908117,-0.00193687725789249
46.9579166666667,1,1,0,0,0.247045633425582,0.669891868333699
47.4991666666667,1,1,0,0,-0.0212296912660655,-0.268275324691647
50.2416666666667,1,1,0,0,0.0821436798451182,0.103373371111184
36.2025,0,1,0,0,-0.936989416279807,-1.01913309612493
26.2825,0,1,0,0,-1.69368777152166,-0.756698355241849
39.6954166666667,1,1,0,0,-0.495335645949836,1.19835212557182
51.5670833333333,1,1,0,0,0.0183256828777946,0.51366132882763
54.9554166666667,1,1,0,0,0.171866305815725,0.15354062293793
54.3333333333333,1,1,0,0,0.309564161015694,0.137697855199969
52.5329166666667,1,1,0,0,0.066757825593995,-0.242806335421699
37.1775,0,1,0,0,-1.05233556740883,-1.11909339300282
19.1779166666667,0,1,0,0,-1.95910462791178,-0.906769060502952
36.7895833333333,1,1,0,0,-0.673954670424768,1.28514995748701
48.40125,1,1,0,0,-0.227110998128778,0.446843672295991
37.1845833333333,1,1,0,0,-0.542376413029671,-0.315265414900893
28.5470833333333,1,1,0,0,-2.13148338578435,-1.58910697275468
38.4154166666667,1,1,0,0,-1.18231031381731,0.949173071967046
35.7570833333333,0,1,0,0,-0.68337727329003,0.498933040527277
33.4933333333333,0,1,0,0,-1.05561938420628,-0.372242110916248
54.99875,1,1,0,0,0.187829565686328,1.24344894989261
52.14625,1,1,0,0,0.352973179924315,0.165143614237987
52.8166666666667,1,1,0,0,0.387396999059527,0.0344238191352119
53.82,1,1,0,0,0.502582511790575,0.115185512731048
40.84,1,1,0,0,0.0910867998268116,-0.411495711963763
35.3583333333333,0,1,0,0,-0.867637559311793,-0.958724359138605
31.1404166666667,0,1,0,0,-1.12530802007583,-0.257670460764036
43.675,1,1,0,0,0.160123016269347,1.28543103634518
49.2991666666667,1,1,0,0,0.503120691775733,0.342997675506387
50.2908333333333,1,1,0,0,0.570345800241208,0.0672251084654749
31.5720833333333,1,1,0,0,0.0571656089561234,-0.513180191285085
37.1333333333333,1,1,0,0,0.10902775794329,0.0518621489871668
28.57875,0,1,0,0,-0.943528990715677,-1.05255674865897
24.40875,0,1,0,0,-1.2634020978115,-0.319873107095827
44.4983333333333,1,1,0,0,0.0281612723591915,1.2915633701707
37.7895833333333,1,1,0,0,0.0838027907934087,0.0556415184342172
32.80375,1,1,0,0,0.14619565016085,0.0623928593674409
40.3020833333333,1,1,0,0,0.231840636975996,0.0856449868151469
39.3166666666667,1,1,0,0,0.168280563499899,-0.0635600734760975
28.9929166666667,0,1,0,0,-1.29142486599652,-1.45970542949642
11.89125,0,1,0,0,-2.25575932165035,-0.964334455653822
19.8983333333333,1,1,0,0,-1.40758346040038,0.848175861249964
30.5016666666667,1,1,0,0,-0.442148394152999,0.965435066247384
38.7641666666667,1,1,0,0,0.0449095871264902,0.487057981279489
36.5504166666667,1,1,0,0,-0.424541553352564,-0.469451140479054
32.6175,1,1,0,0,-1.2000669843866,-0.775525431034041
28.85625,0,1,0,0,-0.987732487100041,0.212334497286563
11.32,0,1,0,0,-2.04316301803648,-1.05543053093644
28.3495833333333,1,1,0,0,-0.286063214459235,1.75709980357725
35.95125,1,1,0,0,-0.0158542026171325,0.270209011842103
32.0283333333333,1,1,0,0,0.0906395768763625,0.106493779493495
35.2829166666667,1,1,0,0,0.281857415155666,0.191217838279303
46.0116666666667,1,1,0,0,0.753284754967886,0.471427339812221
23.95875,0,1,0,0,-1.02263598062253,-1.77592073559042
22.5954166666667,0,1,0,0,-0.89177668326803,0.130859297354503
40.6608333333333,1,1,0,0,0.716689617195719,1.60846630046375
47.15,1,1,0,0,0.710969858983411,-0.00571975821230797
47.4833333333333,1,1,0,0,0.976489900029605,0.265520041046194
48.8554166666667,1,1,0,0,0.881353935854854,-0.095135964174751
47.33125,1,1,0,0,1.02630238224878,0.144948446393927
35.0325,0,1,0,0,-0.151112114058508,-1.17741449630729
36.2704166666667,0,1,0,0,-0.56284103781752,-0.411728923759012
44.88,1,1,0,0,0.831133214052149,1.39397425186967
52.44,1,1,0,0,1.07909671073354,0.247963496681394
49.53375,1,1,0,0,1.17412917932031,0.0950324685867692
53.9133333333333,1,1,0,0,1.12975244526766,-0.044376734052656
48.94375,1,1,0,0,0.893167920371152,-0.236584524896504
42.95625,0,1,0,0,-0.0362961845811308,-0.929464104952282
30.0316666666667,0,1,0,0,-0.809101180475555,-0.772804995894424
45.6016666666667,1,1,0,0,0.845276427932123,1.65437760840768
54.3895833333333,1,1,0,0,1.22036213885471,0.37508571092259
44.275,1,1,0,0,0.908531877437515,-0.311830261417199
39.11,1,1,0,0,0.732176977444769,-0.176354899992746
37.3858333333333,1,1,0,0,0.360295141009163,-0.371881836435605
33.25125,0,1,0,0,-0.310149597252073,-0.670444738261236
28.0379166666667,0,0,0,0,-0.827781134654931,-0.517631537402859
57.4683333333333,1,0,0,0,1.10112329370097,1.9289044283559
55.12875,1,0,0,0,1.18058156574399,0.0794582720430148
47.8791666666667,1,0,0,0,0.886000531064338,-0.29458103467965
34.3191666666667,1,0,0,0,-0.434863217215465,-1.3208637482798
30.785,1,0,0,0,-1.09703644951739,-0.66217323230193
32.4791666666667,0,0,0,0,-0.784514366727904,0.31252208278949
32.2904166666667,0,0,0,0,-1.16479125806541,-0.380276891337504
38.7075,1,0,0,0,-0.00844644498292178,1.15634481308249
62.0175,1,0,0,0,1.13334013397876,1.14178657896168
62.8875,1,0,0,0,1.25110436840341,0.117764234424653
61.9104166666667,1,0,0,0,1.19446211366911,-0.0566422547343004
62.65375,1,0,0,0,1.0804873110246,-0.113974802644518
36.7845833333333,0,0,0,0,-0.0705857382108514,-1.15107304923545
23.63625,0,0,0,0,-1.10208032604262,-1.03149458783177
36.6758333333333,1,0,0,0,0.418871882659022,1.52095220870164
53.2129166666667,1,0,0,0,1.14975373853676,0.730881855877742
46.19625,1,0,0,0,1.07590423739114,-0.0738495011456242
34.46875,1,0,0,0,0.76222763427458,-0.31367660311656
37.4633333333333,1,0,0,0,0.852917277726793,0.0906896434522126
24.4120833333333,0,0,0,0,-1.0074558553631,-1.8603731330899
3.63666666666667,0,0,0,0,-1.72037197472021,-0.712916119357109
24.285,1,0,0,0,-0.357441620673818,1.36293035404639
23.9945833333333,1,0,0,0,-2.32707100819806,-1.96962938752424
23.7041666666667,1,0,0,0,-1.05762186174224,1.26944914645582
33.7045833333333,1,0,0,0,-0.626139700289957,0.431482161452282
23.085,1,0,0,0,-1.12971153356594,-0.503571833275986
22.6516666666667,0,0,0,0,-0.846680622663299,0.283030910902643
27.7679166666667,0,0,0,0,-1.05247060129201,-0.205789978628714
30.2683333333333,1,0,0,0,-0.87326450506295,0.179206096229064
25.98125,1,0,0,0,-0.815157769138346,0.0581067359246031
17.37875,1,0,0,0,-0.773551602138982,0.0416061669993648
27.9258333333333,1,0,0,0,-0.497336153797191,0.276215448341791
27.7066666666667,1,0,0,0,-0.24997252793672,0.247363625860471
25.3670833333333,0,0,0,0,-0.666616231398092,-0.416643703461371
24.54875,0,0,0,0,-0.493730172909363,0.172886058488728
22.16625,1,0,0,0,-0.0353438909792921,0.458386281930071
27.5166666666667,1,0,0,0,0.220875892625604,0.256219783604896
33.4879166666667,1,0,0,0,0.539160576689349,0.318284684063746
31.1304166666667,1,0,0,0,0.208485139182225,-0.330675437507125
28.3120833333333,1,0,0,0,-0.205163661143739,-0.413648800325963
29.66125,0,0,0,0,-0.442230511354892,-0.237066850211153
19.5916666666667,0,0,0,0,-1.06497219372523,-0.622741682370334
41.9445833333333,1,0,0,0,1.0279133751878,2.09288556891303
49.3520833333333,1,0,0,0,1.38453410269031,0.356620727502513
45.68875,1,0,0,0,1.25106898687651,-0.133465115813799
40.75125,1,0,0,0,0.832269368664884,-0.418799618211629
39.58125,1,0,0,0,0.99692551082711,0.164656142162226
31.8691666666667,0,0,0,0,-0.236499668872999,-1.23342517970011
24.6920833333333,0,0,0,0,-1.42437387729554,-1.18787420842254
48.5179166666667,1,0,0,0,0.891695721437726,2.31606959873327
49.5075,1,0,0,0,1.43664238555522,0.544946664117497
52.6829166666667,1,0,0,0,1.23219091586887,-0.204451469686349
48.0095833333333,1,0,0,0,0.928359759868619,-0.303831156000256
50.20625,1,0,0,0,1.00020030843219,0.0718405485635667
35.3216666666667,0,0,0,0,-0.201523703999929,-1.20172401243211
27.7804166666667,0,0,0,0,-0.952796747746277,-0.751273043746348
38.9429166666667,1,0,0,0,0.593268944365467,1.54606569211174
43.2025,1,0,0,0,0.673861067698271,0.0805921233328042
39.66375,1,0,0,0,0.57962500207439,-0.0942360656238809
43.7466666666667,1,0,0,0,0.877532428184252,0.297907426109861
45.8516666666667,1,0,0,0,1.05272115785893,0.17518872967468
30.3604166666667,0,0,0,0,-0.392123723721865,-1.4448448815808
27.6266666666667,0,0,0,0,-0.42250176835805,-0.0303780446361849
46.7745833333333,1,0,0,0,1.02253555004452,1.44503731840257
43.8516666666667,1,0,0,0,1.18732234787813,0.164786797833607
35.9766666666667,1,0,0,0,0.868104788326932,-0.319217559551199
35.8845833333333,1,0,0,0,0.478749625801728,-0.389355162525205
28.8466666666667,1,0,0,0,-0.522886327588269,-1.00163595339
27.68375,0,0,0,0,-1.19136546275629,-0.668479135168021
18.6520833333333,0,0,0,0,-2.04700230535201,-0.855636842595721
40.7316666666667,1,0,0,0,0.562055624138628,2.60905792949064
38.5016666666667,1,0,0,0,0.444325310123402,-0.117730314015226
34.3183333333333,1,0,0,0,0.420443288049206,-0.0238820220741957
32.9454166666667,1,0,0,0,0.166019909706778,-0.254423378342428
34.4983333333333,1,0,0,0,0.0215838432445037,-0.144436066462274
17.26875,0,0,0,0,-1.83171128543792,-1.85329512868243
14.715,0,0,0,0,-2.13275295342032,-0.301041667982398
38.85875,1,0,0,0,0.585702140950434,2.71845509437075
40.7458333333333,1,0,0,0,0.815711422489609,0.230009281539175
43.93625,1,0,0,0,0.941348126803578,0.125636704313969
34.9345833333333,1,0,0,0,0.451080592806871,-0.490267533996707
34.56,1,0,0,0,0.469542633159665,0.0184620403527933
28.35625,0,0,0,0,-0.825220002017724,-1.29476263517739
20.89625,0,0,0,0,-1.3497306601648,-0.524510658147074
30.5395833333333,1,0,0,0,-0.00191090727968684,1.34781975288511
34.55875,1,0,0,0,0.390756339011723,0.39266724629141
41.3404166666667,1,0,0,0,0.903731116483726,0.512974777472003
41.7245833333333,1,0,0,0,0.690964654662334,-0.212766461821392
41.3504166666667,1,0,0,0,0.654992219277372,-0.0359724353849619
33.575,0,0,1,0,-0.391144591704991,-1.04613681098236
29.1091666666667,0,0,1,0,-0.923098200886977,-0.531953609181986
38.0033333333333,1,0,1,0,-0.110143165646778,0.812955035240199
46.8308333333333,1,0,1,0,0.716908250431888,0.827051416078666
42.68625,1,0,1,0,0.8800524466956,0.163144196263712
39.9220833333333,1,0,1,0,0.79670957759725,-0.0833428690983506
33.4320833333333,1,0,1,0,0.132097874240171,-0.664611703357079
27.8191666666667,0,0,1,0,-0.85421941285441,-0.986317287094581
18.3216666666667,0,0,1,0,-1.5105310601079,-0.656311647253487
34.5145833333333,1,0,1,0,0.188588858612731,1.69911991872063
33.2466666666667,1,0,1,0,0.275494736741696,0.0869058781289658
35.8479166666667,1,0,1,0,0.416518416510346,0.14102367976865
38.4995833333333,1,0,1,0,0.392413189427738,-0.0241052270826088
34.9479166666667,1,0,1,0,-0.00239429467715613,-0.394807484104894
14.0504166666667,0,0,1,0,-2.43563404597623,-2.43323975129908
20.3854166666667,0,0,1,0,-3.12326214256633,-0.6876280965901
26.7204166666667,1,0,1,0,-1.20277906489002,1.92048307767632
32.41,1,0,1,0,-0.245208685658281,0.957570379231734
25.0058333333333,1,0,1,0,-1.10945629688107,-0.864247611222792
26.4079166666667,1,0,1,0,-0.714581128519636,0.394875168361437
27.6570833333333,1,0,1,0,-0.685996686261937,0.0285844422576993
29.5741666666667,0,0,1,0,-0.952669404471673,-0.266672718209736
26.4970833333333,0,0,1,0,-1.23258562816833,-0.279916223696657
37.33625,1,0,1,0,0.302519625071024,1.53510525323935
38.5891666666667,1,0,1,0,0.387787870629304,0.0852682455582804
35.8533333333333,1,0,1,0,0.169300117175485,-0.218487753453819
33.1616666666667,1,0,1,0,-0.297461696559381,-0.466761813734866
35.4208333333333,1,0,1,0,-0.0742625972294016,0.223199099329979
29.3204166666667,0,0,1,0,-1.096756864473,-1.02249426724359
25.1329166666667,0,0,1,0,-1.55581999066602,-0.459063126193022
36.5620833333333,1,0,1,0,-0.0759045583313643,1.47991543233465
40.0033333333333,1,0,1,0,0.134704383742019,0.210608942073383
38.6533333333333,1,0,1,0,-0.0790066681089317,-0.21371105185095
35.0079166666667,1,0,1,0,-0.0598988914159685,0.0191077766929632
32.9420833333333,1,0,1,0,-0.786975068110589,-0.727076176694621
30.9683333333333,0,0,1,0,-1.13461332863796,-0.347638260527369
25.4375,0,0,1,0,-1.42596422143738,-0.291350892799426
37.1916666666667,1,0,1,0,-0.387905960153653,1.03805826128373
