35.370625,1,0,0,0,0.241629497578909,NaN
33.9191666666667,0,0,0,0,0.904853410688477,0.663223913109568
36.8220833333333,0,0,0,0,1.15678890016506,0.251935489476588
50.13125,1,0,0,0,2.2624228168453,1.10563391668023
53.1441666666667,1,0,0,0,2.49102859259143,0.228605775746137
59.895,1,0,0,0,2.41904993448056,-0.0719786581108774
67.7995833333333,1,0,0,0,2.41774545351508,-0.00130448096547697
65.7633333333333,1,0,0,0,2.44151072699728,0.0237652734822
57.1616666666667,0,0,0,0,2.059918383905,-0.381592343092283
61.1204166666667,0,0,0,0,1.97200457701286,-0.0879138068921321
73.8345833333333,1,0,0,0,2.5402766078715,0.568272030858633
86.63875,1,0,0,0,2.64250376853938,0.102227160667888
56.45875,1,0,0,0,2.36103815201105,-0.281465616528333
57.5645833333333,1,0,0,0,2.23642286484643,-0.124615287164623
55.105,1,0,0,0,2.06710448775868,-0.169318377087748
42.8241666666667,0,0,0,0,1.51916153586243,-0.547942951896254
33.69375,0,0,0,0,0.872915059014526,-0.6462464768479
47.4779166666667,1,0,0,0,1.56684757975072,0.693932520736189
49.31125,1,0,0,0,1.72991570978976,0.163068130039046
48.6845833333333,1,0,0,0,1.71484910617956,-0.0150666036102034
47.10875,1,0,0,0,1.77639628675935,0.0615471805797945
46.6858333333333,1,0,0,0,1.69427951772379,-0.0821167690355651
41.68625,0,0,0,0,1.31145467320438,-0.382824844519412
38.6241666666667,0,0,0,0,1.0343159826234,-0.277138690580975
51.2733333333333,1,0,0,0,1.66122010632577,0.62690412370237
52.1504166666667,1,0,0,0,1.86412323292913,0.202903126603357
55.9554166666667,1,0,0,0,2.00482289875397,0.140699665824845
54.3904166666667,1,0,0,0,2.08701281941183,0.0821899206578545
56.4995833333333,1,0,0,0,1.93540337806968,-0.151609441342146
48.4333333333333,0,0,0,0,1.59628397804574,-0.339119400023937
59.0225,0,0,0,0,1.45587196657146,-0.140412011474282
63.3133333333333,1,0,0,0,2.17445297851361,0.718581011942152
55.0683333333333,1,0,0,0,2.09780641902874,-0.0766465594848693
50.5554166666667,1,0,0,0,1.87880572044334,-0.219000698585407
49.5579166666667,1,0,0,0,1.864734898363,-0.0140708220803332
43.8441666666667,1,0,0,0,1.59329317256489,-0.271441725798113
39.8520833333333,0,0,0,0,0.943587090025485,-0.649706082539407
37.6179166666667,0,0,0,0,0.799075294995127,-0.144511795030358
56.37875,1,0,0,0,1.66175060819451,0.862675313199385
52.1025,1,0,0,0,1.62446579172412,-0.0372848164703943
53.3308333333333,1,0,0,0,2.09834225996604,0.473876468241924
58.995,1,0,0,0,2.24444194774486,0.146099687778821
67.1575,1,0,0,0,2.29076376748155,0.0463218197366886
58.2866666666667,0,0,0,0,2.01467633050685,-0.276087436974697
47.8179166666667,0,0,0,0,1.73407005555364,-0.280606274953217
62.715,1,0,0,0,2.39890944477964,0.664839389226007
64.8220833333333,1,0,0,0,2.32216661425354,-0.0767428305261086
59.2716666666667,1,0,0,0,2.11820891434251,-0.203957699911027
47.7216666666667,1,0,0,0,1.61024155132307,-0.507967363019441
44.8916666666667,1,0,0,0,1.7581375540079,0.147896002684829
39.04375,0,0,0,0,1.34513454485058,-0.41300300915732
34.0658333333333,0,0,0,0,0.887012229022136,-0.458122315828442
37.9995833333333,1,0,0,0,1.1906840990044,0.303671869982265
38.86375,1,0,0,0,1.19021285603034,-0.000471242974064756
39.4270833333333,1,0,0,0,1.08373263785475,-0.106480218175588
37.4479166666667,1,0,0,0,0.910910012651259,-0.17282262520349
36.5520833333333,1,0,0,0,0.756950719979032,-0.153959292672227
30.1804166666667,0,0,0,0,0.375501945051775,-0.381448774927257
20.2279166666667,0,0,0,0,-0.178202454907148,-0.553704399958923
36.4591666666667,1,0,1,0,0.989593755978389,1.16779621088554
42.1966666666667,1,0,1,0,1.04713410231997,0.0575403463415806
40.3320833333333,1,0,1,0,1.14465112445131,0.0975170221313453
41.0358333333333,1,0,1,0,1.19632744316412,0.0516763187128075
44.4641666666667,1,0,1,0,1.39721528759327,0.200887844429152
37.505,0,0,1,0,1.08369899483377,-0.313516292759504
39.75875,0,0,1,0,0.957598998578328,-0.126099996255442
60.0766666666667,1,0,1,0,1.67680236899289,0.719203370414563
61.1929166666667,1,0,1,0,1.92445018726894,0.247647818276045
89.8320833333333,1,0,1,0,1.96472635508384,0.0402761678149064
73.3841666666667,1,0,1,0,1.97168897858936,0.00696262350551402
79.3870833333333,1,0,1,0,1.99493932579243,0.0232503472030716
52.16875,0,0,1,0,1.30687973034715,-0.688059595445282
39.1966666666667,0,0,1,0,0.945048415734877,-0.361831314612269
53.0616666666667,1,0,1,0,1.57192491441674,0.626876498681867
49.94,1,0,1,0,1.57830670853635,0.00638179411960316
45.9025,1,0,1,0,1.47394783210495,-0.104358876431393
41.6570833333333,1,0,1,0,1.20218997794723,-0.271757854157719
38.4545833333333,1,0,1,0,0.869543058652386,-0.332646919294848
31.9145833333333,0,0,1,0,-0.0250664440734055,-0.894609502725792
31.265,0,0,1,0,-0.263996366017015,-0.238929921943609
42.2370833333333,1,0,1,0,0.421310661982899,0.685307027999914
40.41125,1,0,1,0,0.491704647533125,0.0703939855502256
34.6770833333333,1,0,1,0,0.376792749170701,-0.114911898362424
34.6608333333333,1,0,1,0,0.222082396044651,-0.15471035312605
34.3916666666667,1,0,1,0,0.178966099954977,-0.0431162960896734
32.5683333333333,0,0,1,0,-0.321808665612611,-0.500774765567589
26.20375,0,0,1,0,-0.510460430098881,-0.18865176448627
39.0875,1,0,1,0,0.121889410587844,0.632349840686725
36.0154166666667,1,0,1,0,0.217957363674835,0.0960679530869916
35.9991666666667,1,0,1,0,0.270257258303645,0.0522998946288095
41.9920833333333,1,0,1,0,0.534796692668032,0.264539434364388
42.34,1,0,1,0,0.551477296004817,0.0166806033367847
35.09125,0,0,1,0,-0.0897382263277377,-0.641215522332555
32.47875,0,0,1,0,-0.406861125489961,-0.317122899162223
33.3416666666667,1,0,1,0,-0.212021831190138,0.194839294299823
46.1966666666667,1,0,1,0,0.306877477364152,0.51889930855429
46.7216666666667,1,0,1,0,0.263035757812804,-0.0438417195513485
45.5120833333333,1,0,1,0,0.203715678621445,-0.0593200791913585
42.5991666666667,1,0,1,0,0.344360646549748,0.140644967928303
36.2866666666667,0,0,1,0,-0.234536079475437,-0.578896726025186
29.2570833333333,0,0,1,0,-0.490606467025337,-0.256070387549899
45.67875,1,0,1,0,0.216434349688296,0.707040816713633
47.42125,1,0,1,0,0.370012111477412,0.153577761789116
45.80125,1,0,1,0,0.401025155894167,0.0310130444167554
48.5408333333333,1,0,1,0,0.401968728330091,0.000943572435923468
44.2833333333333,1,0,1,0,0.24480892063562,-0.157159807694471
39.9620833333333,0,0,1,0,-0.297135063161353,-0.541943983796972
35.5475,0,0,1,0,-0.618678492742143,-0.32154342958079
47.3991666666667,1,0,1,0,0.0209704524873807,0.639648945229524
44.52375,1,0,1,0,0.0180250891856018,-0.00294536330177891
46.0116666666667,1,0,1,0,0.0359819153951929,0.0179568262095911
48.7091666666667,1,0,1,0,-0.0161888919666675,-0.0521708073618604
45.01875,1,0,1,0,-0.101292018931815,-0.0851031269651472
39.9716666666667,0,0,1,0,-0.685875068476539,-0.584583049544724
30.6066666666667,0,0,1,0,-1.04525690508807,-0.35938183661153
40.73125,1,0,1,0,-0.365969668483166,0.679287236604903
42.905,1,0,1,0,-0.270388739212693,0.0955809292704734
42.7833333333333,1,0,1,0,-0.296923809150058,-0.0265350699373654
41.8954166666667,1,0,1,0,-0.343135063596339,-0.0462112544462811
40.5483333333333,1,0,1,0,-0.378560782832658,-0.0354257192363186
26.175,0,0,1,0,-0.807867077229288,-0.42930629439663
26.3508333333333,0,0,1,0,-1.24140500350564,-0.43353792627635
44.21375,1,0,1,0,-0.255898029501575,0.985506974004063
45.43125,1,0,1,0,-0.0601218679243024,0.195776161577272
46.9595833333333,1,0,1,0,0.0719002432945273,0.13202211121883
49.7133333333333,1,0,1,0,0.215170544310504,0.143270301015977
53.0845833333333,1,0,1,0,0.241072794172277,0.0259022498617733
43.81625,0,0,1,0,-0.300108653936084,-0.541181448108361
38.4508333333333,0,0,1,0,-0.716371518299048,-0.416262864362964
50.9154166666667,1,0,1,0,0.0366702523667495,0.753041770665798
53.5558333333333,1,0,1,0,0.143469315718809,0.10679906335206
50.53625,1,0,1,0,0.27150036491658,0.12803104919777
42.7045833333333,1,0,1,0,-0.33475925600975,-0.60625962092633
48.12625,1,0,1,0,-0.0193327818558122,0.315426474153938
42.7866666666667,0,0,1,0,-0.26814431980768,-0.248811537951868
33.25125,0,0,1,0,-0.614328678440042,-0.346184358632362
50.9683333333333,1,0,1,0,0.00750658411744305,0.621835262557485
51.9125,1,0,1,0,0.0819061113275452,0.0743995272101022
50.2908333333333,1,0,1,0,-0.0204056991567324,-0.102311810484278
48.7608333333333,1,0,1,0,-0.108603409560676,-0.0881977104039434
46.4104166666667,1,0,1,0,-0.312583032307208,-0.203979622746533
40.6083333333333,0,0,1,0,-0.949272272868973,-0.636689240561764
28.0566666666667,0,0,1,0,-1.25819997743249,-0.308927704563516
23.1020833333333,1,0,1,0,-1.22686180973933,0.0313381676931539
44.2795833333333,1,0,1,0,-0.550220816601854,0.67664099313748
47.94625,1,0,1,0,-0.50121792509834,0.0490028915035144
48.08625,1,0,1,0,-0.418202655092203,0.0830152700061368
43.5266666666667,1,0,1,0,-0.47073207661648,-0.0525294215242771
36.5691666666667,0,0,1,0,-1.02211700526474,-0.551384928648263
19.62875,0,0,1,0,-1.36327347445256,-0.341156469187816
37.9725,1,0,1,0,-0.546593262195624,0.816680212256935
42.4433333333333,1,0,0,1,-0.313077107484568,0.233516154711057
38.8204166666667,1,0,0,1,-0.333104700342807,-0.0200275928582394
38.4891666666667,1,0,0,1,-0.438128947314392,-0.105024246971585
41.5966666666667,1,0,0,1,-0.474138763030863,-0.0360098157164715
36.37125,0,0,0,1,-0.984817153834022,-0.510678390803159
29.7420833333333,0,0,0,1,-1.31168598978912,-0.326868835955097
43.60875,1,0,0,1,-0.575839843741456,0.735846146047662
49.8120833333333,1,0,0,1,-0.408946667286935,0.166893176454521
51.8566666666667,1,0,0,1,-0.327651123499765,0.0812955437871702
48.83625,1,0,0,1,-0.394282862120219,-0.0666317386204534
44.6975,1,0,0,1,-0.496482310153108,-0.102199448032889
35.9429166666667,0,0,0,1,-1.00844226635535,-0.511959956202244
19.3429166666667,0,0,0,1,-1.24862104070115,-0.240178774345795
44.7670833333333,1,0,0,1,-0.482599746338075,0.766021294363072
43.7870833333333,1,0,0,1,-0.397061439453165,0.0855383068849093
42.8654166666667,1,0,0,1,-0.397087411365508,-2.59719123422708e-05
48.1608333333333,1,0,0,1,-0.321080999600803,0.0760064117647051
47.0441666666667,1,0,0,1,-0.423065320226515,-0.101984320625712
36.0245833333333,0,0,0,1,-0.906166386623847,-0.483101066397332
25.5095833333333,0,0,0,1,-1.17070814593538,-0.264541759311537
45.0908333333333,1,0,0,1,-0.40775446206192,0.762953683873464
49.1175,1,0,0,1,-0.334242535001689,0.0735119270602315
47.99625,1,0,0,1,-0.356373338838302,-0.0221308038366135
50.2929166666667,1,0,0,1,-0.395440146943147,-0.0390668081048446
49.3358333333333,1,0,0,1,-0.468418495622048,-0.0729783486789016
41.2120833333333,0,0,0,1,-1.00355553759979,-0.535137041977746
34.0933333333333,0,0,0,1,-1.24506128954695,-0.241505751947159
52.55,1,0,0,1,-0.517030090549755,0.728031198997199
49.22875,1,0,0,1,-0.412842025467537,0.104188065082218
48.74625,1,0,0,1,-0.385934335493048,0.0269076899744886
50.4770833333333,1,0,0,1,-0.251515372090748,0.1344189634023
51.5045833333333,1,0,0,1,-0.212796894298304,0.0387184777924439
46.0166666666667,0,0,0,1,-0.774370730378158,-0.561573836079853
34.28625,0,0,0,1,-1.2031878919592,-0.428817161581041
49.72625,1,0,0,1,-0.553159244192479,0.65002864776672
48.9216666666667,1,0,0,1,-0.381170661053545,0.171988583138934
49.9225,1,0,0,1,-0.363943069277504,0.0172275917760404
52.12375,1,0,0,1,-0.172962916897045,0.190980152380459
54.3075,1,0,0,1,-0.123084401579048,0.049878515317997
46.8658333333333,0,0,0,1,-0.654528795226022,-0.531444393646974
39.5895833333333,0,0,0,1,-0.935926040221383,-0.281397244995361
58.3254166666667,1,0,0,1,-0.295446135152752,0.640479905068631
54.0166666666667,1,0,0,1,-0.236902718307349,0.0585434168454029
47.2008333333333,1,0,0,1,-0.946101791085134,-0.709199072777785
51.62375,1,0,0,1,-0.57562227256274,0.370479518522394
50.85625,1,0,0,1,-0.433602993823766,0.142019278738974
43.52125,0,0,0,1,-0.948982437287196,-0.51537944346343
33.3133333333333,0,0,0,1,-1.20308657720106,-0.254104139913868
45.1958333333333,1,0,0,1,-0.401108565269038,0.801978011932026
49.8645833333333,1,0,0,1,-0.169597167058414,0.231511398210624
50.0425,1,0,0,1,-0.226910734328367,-0.0573135672699527
48.7075,1,0,0,1,-0.309409816917816,-0.0824990825894493
46.3775,1,0,0,1,-0.420620076555021,-0.111210259637205
37.2004166666667,0,0,0,1,-0.902250763950746,-0.481630687395725
23.0104166666667,0,0,0,1,-1.16725100827247,-0.265000244321726
42.0408333333333,1,0,0,1,-0.522690269002802,0.644560739269669
45.6554166666667,1,0,0,1,-0.372618171400964,0.150072097601838
44.7033333333333,1,0,0,1,-0.407024545934691,-0.0344063745337274
42.2595833333333,1,0,0,1,-0.460584276255104,-0.0535597303204127
43.4145833333333,1,0,0,1,-0.527209760576359,-0.066625484321255
37.24375,0,0,0,1,-0.969350158944599,-0.44214039836824
27.6075,0,0,0,1,-1.23661709838599,-0.26726693944139
38.7816666666667,1,0,0,1,-0.643394235955462,0.593222862430527
35.0066666666667,1,0,0,1,-0.619369109155637,0.0240251267998245
37.2095833333333,1,0,0,1,-0.649651589948259,-0.0302824807926217
38.4675,1,0,0,1,-0.799343057974431,-0.149691468026172
37.4620833333333,1,0,0,1,-0.908023118664182,-0.108680060689751
29.3075,0,0,0,1,-1.31049704039202,-0.402473921727842
23.5183333333333,0,0,0,1,-1.59944665827272,-0.288949617880693
36.025,1,0,0,1,-1.01356768442902,0.585878973843692
36.9958333333333,1,0,0,1,-0.942039738101488,0.071527946327537
36.6641666666667,1,0,0,1,-0.961870716297044,-0.019830978195556
34.0033333333333,1,0,0,1,-1.01310099063047,-0.0512302743334225
38.5754166666667,1,0,0,1,-1.09105626172812,-0.0779552710976528
38.6616666666667,0,0,0,1,-1.32720982776686,-0.236153566038742
26.6595833333333,0,0,0,1,-1.61874716078673,-0.291537333019868
41.13625,1,0,0,1,-1.14137710628048,0.477370054506254
40.8079166666667,1,0,0,1,-0.981424106179873,0.159953000100602
36.595,1,0,0,1,-0.892792589488672,0.0886315166912013
38.0975,1,0,0,1,-0.772947457708051,0.119845131780621
41.4675,1,0,0,1,-0.756651845248283,0.0162956124597681
34.1208333333333,0,0,0,1,-1.06762780342453,-0.310975958176248
31.3720833333333,0,0,0,1,-1.24045087289699,-0.172823069472459
36.6254166666667,1,0,0,1,-0.762263963997312,0.478186908899678
40.03625,1,0,0,1,-0.72081836467519,0.0414455993221221
41.1620833333333,1,0,0,1,-0.687597128895241,0.0332212357799492
47.0283333333333,1,0,0,1,-0.455910831228078,0.231686297667163
48.5295833333333,1,0,0,1,-0.59849404658387,-0.142583215355792
41.9975,0,0,0,1,-1.02032965098277,-0.421835604398902
26.6245833333333,0,0,0,1,-1.29920627566675,-0.278876624683977
42.4216666666667,1,0,0,1,-0.620608043015143,0.678598232651605
46.4445833333333,1,0,0,1,-0.394248117341798,0.226359925673346
46.2054166666667,1,1,0,0,-0.34613526946929,0.0481128478725079
45.5929166666667,1,1,0,0,-0.27454266107734,0.0715926083919503
48.44625,1,1,0,0,-0.388535825051041,-0.113993163973701
44.0383333333333,0,1,0,0,-0.822667438997117,-0.434131613946076
35.71375,0,1,0,0,-1.13289298802629,-0.310225549029175
40.5375,1,1,0,0,-0.343355436985221,0.789537551041072
44.33625,1,1,0,0,-0.266146838767271,0.0772085982179499
39.415,1,1,0,0,-0.303691202597346,-0.0375443638300758
43.7216666666667,1,1,0,0,-0.328134992416492,-0.0244437898191452
43.1295833333333,1,1,0,0,-0.412577653790056,-0.0844426613735648
38.3875,0,1,0,0,-0.881300881139636,-0.468723227349579
31.20125,0,1,0,0,-1.1673361086065,-0.286035227466861
43.8354166666667,1,1,0,0,-0.43222309354571,0.735113015060787
45.1729166666667,1,1,0,0,-0.356217975465473,0.0760051180802369
45.5245833333333,1,1,0,0,-0.342317745087725,0.0139002303777488
48.1333333333333,1,1,0,0,-0.232981012013195,0.10933673307453
48.97125,1,1,0,0,-0.250578260941471,-0.0175972489282762
44.3591666666667,0,1,0,0,-0.712987491768273,-0.462409230826803
41.68625,0,1,0,0,-0.982665932915158,-0.269678441146885
48.7804166666667,1,1,0,0,-0.268992560041117,0.713673372874041
48.485,1,1,0,0,-0.134331950727572,0.134660609313544
50.8216666666667,1,1,0,0,-0.230782807112787,-0.0964508563852144
50.2775,1,1,0,0,-0.28398908344477,-0.053206276331983
49.1316666666667,1,1,0,0,-0.360189132251266,-0.0762000488064963
44.6666666666667,0,1,0,0,-0.890098500407406,-0.52990936815614
43.1491666666667,0,1,0,0,-1.0246221612703,-0.134523660862892
53.5070833333333,1,1,0,0,-0.157999655473854,0.866622505796444
54.2304166666667,1,1,0,0,0.00735000901362953,0.165349664487484
54.9295833333333,1,1,0,0,-0.0656133858991598,-0.0729633949127894
54.34125,1,1,0,0,-0.053261618124582,0.0123517677745779
55.0183333333333,1,1,0,0,-0.1515662133284,-0.0983045952038177
45.7129166666667,0,1,0,0,-0.888288843298328,-0.736722629969928
40.8920833333333,0,1,0,0,-1.12264596071318,-0.234357117414852
50.6504166666667,1,1,0,0,-0.359202448370898,0.763443512342281
50.6658333333333,1,1,0,0,-0.228038578546787,0.131163869824111
52.9125,1,1,0,0,-0.212027554151659,0.0160110243951282
53.22375,1,1,0,0,-0.234746322984648,-0.0227187688329892
50.3258333333333,1,1,0,0,-0.338091416787778,-0.10334509380313
44.895,0,1,0,0,-0.864041709465399,-0.525950292677621
39.3275,0,1,0,0,-1.1896268039011,-0.325585094435698
48.0533333333333,1,1,0,0,-0.337152332971564,0.852474470929534
57.8058333333333,1,1,0,0,-0.167772245739867,0.169380087231697
54.885,1,1,0,0,-0.102161776278104,0.065610469461763
57.205,1,1,0,0,0.10724524480272,0.209407021080824
60.3541666666667,1,1,0,0,0.14837370362961,0.0411284588268901
51.5954166666667,0,1,0,0,-0.384862331598915,-0.533236035228525
50.5679166666667,0,1,0,0,-0.486640875185415,-0.101778543586499
60.1283333333333,1,1,0,0,0.358058934410694,0.844699809596108
73.9941666666667,1,1,0,0,0.435535572342876,0.0774766379321827
71.69875,1,1,0,0,0.502086284655696,0.0665507123128193
75.00125,1,1,0,0,0.848898201457624,0.346811916801928
64.1541666666667,1,1,0,0,0.770455874962878,-0.0784423264947459
67.1858333333333,0,1,0,0,0.0779751130100432,-0.692480761952835
50.5904166666667,0,1,0,0,-0.104252999971403,-0.182228112981447
74.5283333333333,1,1,0,0,0.581973132929978,0.686226132901381
85.8075,1,1,0,0,0.922790801282344,0.340817668352366
73.8225,1,1,0,0,0.908957113025306,-0.0138336882570376
80.18625,1,1,0,0,0.766006839040806,-0.1429502739845
52.3616666666667,1,1,0,0,0.584544523946052,-0.181462315094754
45.83375,0,1,0,0,0.0226057837821285,-0.561938740163924
44.20875,0,1,0,0,-0.301835219051224,-0.324441002833353
44.9516666666667,1,1,0,0,-0.289367959547708,0.0124672595035163
50.7195833333333,1,1,0,0,0.362335873442335,0.651703832990043
47.5404166666667,1,1,0,0,0.292250147494077,-0.0700857259482572
47.8358333333333,1,1,0,0,0.206045566920024,-0.0862045805740538
46.4954166666667,1,1,0,0,0.204527280525007,-0.00151828639501689
44.69625,0,1,0,0,-0.216027558116116,-0.420554838641122
41.0516666666667,0,1,0,0,-0.352020938461472,-0.135993380345357
54.0125,1,1,0,0,0.55832355231057,0.910344490772042
52.945,1,1,0,0,0.589210560834971,0.030887008524401
51.2133333333333,1,1,0,0,0.766371619936855,0.177161059101884
41.0566666666667,1,1,0,0,0.0666307856189169,-0.699740834317938
37.79375,1,1,0,0,0.118901903622194,0.052271118003277
34.18125,0,1,0,0,-0.0640921153974338,-0.182994019019628
25.4695833333333,0,1,0,0,-0.301306413054311,-0.237214297656877
47.5695833333333,1,1,0,0,0.764360940877344,1.06566735393166
52.1220833333333,1,1,0,0,0.940076644861642,0.175715703984298
53.1608333333333,1,1,0,0,1.1399911615039,0.199914516642262
53.3679166666667,1,1,0,0,1.10853277015494,-0.0314583913489628
53.5779166666667,1,1,0,0,1.13765993699355,0.0291271668386091
47.1929166666667,0,1,0,0,0.619973517423227,-0.517686419570324
42.7125,0,1,0,0,0.476681033514988,-0.143292483908239
51.66625,1,1,0,0,1.29345455171969,0.816773518204699
55.6370833333333,1,1,0,0,1.5066429365919,0.21318838487221
60.03,1,1,0,0,1.64699877338557,0.140355836793675
62.4279166666667,1,1,0,0,1.77809449147769,0.131095718092122
62.6095833333333,1,1,0,0,1.9803442201461,0.202249728668408
57.17125,0,1,0,0,1.70734288215278,-0.273001337993324
52.6358333333333,0,1,0,0,1.33605311822655,-0.371289763926228
65.3041666666667,1,1,0,0,2.20211651993348,0.866063401706931
73.0275,1,1,0,0,2.39500718040187,0.192890660468392
72.94625,1,0,0,0,2.48143706253351,0.0864298821316427
75.8595833333333,1,0,0,0,2.64604429796525,0.164607235431734
79.3166666666667,1,0,0,0,2.75169545244747,0.105651154482225
63.5066666666667,0,0,0,0,1.98409634277593,-0.767599109671542
63.2275,0,0,0,0,1.30790274946638,-0.676193593309552
76.9516666666667,1,0,0,0,1.86987642996544,0.561973680499064
69.92,1,0,0,0,1.99159496050938,0.121718530543932
61.3333333333333,1,0,0,0,1.79176635736545,-0.199828603143923
60.63125,1,0,0,0,2.16417881299573,0.372412455630277
64.4058333333333,1,0,0,0,2.20567221777897,0.0414934047832363
65.0041666666667,0,0,0,0,1.45106097580369,-0.75461124197528
52.9158333333333,0,0,0,0,1.18361745985865,-0.267443515945032
64.9745833333333,1,0,0,0,2.29940882872454,1.11579136886588
72.4516666666667,1,0,0,0,2.65825210721908,0.35884327849454
75.3316666666667,1,0,0,0,2.63498453379748,-0.0232675734216001
67.4729166666667,1,0,0,0,2.42389325253645,-0.211091281261032
67.6845833333333,1,0,0,0,2.43280846926824,0.00891521673179385
61.1845833333333,0,0,0,0,2.1153286978874,-0.317479771380843
54.2233333333333,0,0,0,0,1.50930959492922,-0.606019102958176
69.085,1,0,0,0,2.1881899116905,0.67888031676128
68.0483333333333,1,0,0,0,2.11932464998699,-0.068865261703511
56.6354166666667,1,0,0,0,2.0032120183667,-0.116112631620292
56.1316666666667,1,0,0,0,1.14228657395797,-0.86092544440873
45.7529166666667,1,0,0,0,1.2840506054222,0.141764031464229
48.12375,0,0,0,0,1.25077867594318,-0.0332719294790189
55.2745833333333,0,0,0,0,2.07067833917322,0.819899663230037
58.8625,1,0,0,0,2.03682998338986,-0.0338483557833604
57.1041666666667,1,0,0,0,1.82011881721417,-0.216711166175687
55.6733333333333,1,0,0,0,1.68659885790524,-0.133519959308925
52.8533333333333,1,0,0,0,1.67482922142316,-0.0117696364820798
53.0433333333333,1,0,0,0,1.36621139407775,-0.308617827345412
35.4275,0,0,0,0,0.969581755497009,-0.396629638580742
46.475,0,0,0,0,1.58030971571725,0.610727960220245
61.4695833333333,1,0,0,0,2.39029754107578,0.809987825358527
61.22875,1,0,0,0,2.55280234552683,0.162504804451044
58.4195833333333,1,0,0,0,2.12004202448935,-0.432760321037475
57.67375,1,0,0,0,1.53161905535422,-0.588422969135134
51.8920833333333,1,0,0,0,1.24911844244053,-0.282500612913689
31.0504166666667,0,0,0,0,0.527752798866929,-0.721365643573598
35.9779166666667,0,0,0,0,0.615249177048043,0.0874963781811143
48.9008333333333,1,0,0,0,1.5079124000089,0.892663222960855
56.7720833333333,1,0,0,0,1.34962291748772,-0.158289482521178
49.475,1,0,0,0,1.24612078803194,-0.103502129455781
44.7516666666667,1,0,0,0,0.99453228557411,-0.251588502457829
45.5454166666667,1,0,0,0,1.03751461317888,0.0429823276047657
40.1541666666667,0,0,0,0,0.501375568538691,-0.536139044640185
32.0329166666667,0,0,0,0,0.256930763140821,-0.24444480539787
48.1916666666667,1,0,0,0,1.02450690805641,0.767576144915586
52.9358333333333,1,0,0,0,1.14118273916111,0.116675831104699
57.1395833333333,1,0,0,0,1.40680178003318,0.265619040872078
56.60875,1,0,0,0,1.58881308704784,0.182011307014651
57.4520833333333,1,0,0,0,1.77006389576593,0.181250808718095
53.8408333333333,0,0,0,0,1.35451763205045,-0.41554626371548
49.2066666666667,0,0,0,0,1.14712250385853,-0.207395128191923
59.6520833333333,1,0,0,0,1.93025204556788,0.783129541709352
57.8929166666667,1,0,0,0,2.11296161081922,0.182709565251338
59.19875,1,0,0,0,2.11308691896902,0.000125308149803161
58.265,1,0,0,0,2.00919834601895,-0.103888572950067
57.6575,1,0,0,0,1.98774007151353,-0.0214582745054197
52.13,0,0,0,0,1.56962079455973,-0.418119276953805
50.2079166666667,0,0,0,0,1.39087372115224,-0.178747073407485
62.2554166666667,1,0,0,0,2.2566502058954,0.865776484743155
60.52625,1,0,0,0,2.42618680717393,0.169536601278531
58.4804166666667,1,0,0,0,2.22667620964527,-0.199510597528658
57.0154166666667,1,0,0,0,2.00172462070534,-0.224951588939928
55.7908333333333,1,0,0,0,1.58676074414411,-0.414963876561235
48.6629166666667,0,0,0,0,0.849164653025281,-0.737596091118827
36.0670833333333,0,0,0,0,0.690218220945642,-0.158946432079638
52.3825,1,0,0,0,1.32574792040103,0.635529699455385
55.8404166666667,1,0,0,0,1.48893503175696,0.163187111355932
55.3170833333333,1,0,0,0,1.39584278597807,-0.0930922457788881
54.0475,1,0,0,0,1.23098061058535,-0.164862175392718
53.3195833333333,1,0,0,0,1.00902496899333,-0.221955641592022
49.5358333333333,0,0,0,0,0.656099131163101,-0.352925837830231
42.3283333333333,0,0,0,0,0.314158041041982,-0.34194109012112
50.8075,1,0,0,0,1.02328725728944,0.709129216247456
55.7266666666667,1,0,0,0,1.11397954723002,0.0906922899405787
54.4879166666667,1,0,0,0,1.2344787685373,0.120499221307279
56.5808333333333,1,0,0,0,1.28544330433732,0.0509645358000199
57.4183333333333,1,0,0,0,1.35103718962283,0.06559388528551
50.05,0,0,0,0,0.772238939985581,-0.578798249637244
46.4166666666667,0,0,0,0,0.481909876357237,-0.290329063628344
58.7054166666667,1,0,0,0,1.20188964669237,0.719979770335129
58.77375,1,0,0,0,1.32355719175902,0.121667545066652
59.1804166666667,1,0,0,0,1.46178774236155,0.138230550602531
58.3191666666667,1,0,0,0,1.19845674853631,-0.263330993825243
56.25625,1,0,0,0,1.06835323828125,-0.130103510255054
49.9366666666667,0,0,0,0,0.466807903714866,-0.601545334566386
49.11,0,0,0,0,0.255252702739813,-0.211555200975054
60.1458333333333,1,0,0,0,1.13485572210638,0.87960301936657
58.2533333333333,1,0,1,0,1.09370333535564,-0.0411523867507475
55.93125,1,0,1,0,1.10665559036938,0.0129522550137458
59.1325,1,0,1,0,1.2056854345912,0.0990298442218192
60.18375,1,0,1,0,1.32533331810751,0.119647883516305
56.4454166666667,0,0,1,0,0.835663231545999,-0.489670086561506
49.3370833333333,0,0,1,0,0.535591944053043,-0.300071287492956
59.3666666666667,1,0,1,0,1.22311846654923,0.687526522496191
59.0358333333333,1,0,1,0,1.20655504841468,-0.016563418134558
59.1958333333333,1,0,1,0,1.08647680874298,-0.120078239671696
54.4829166666667,1,0,1,0,1.00610651844784,-0.0803702902951384
57.895,1,0,1,0,0.978503032355927,-0.0276034860919151
53.07375,0,0,1,0,0.305522737311728,-0.672980295044199
50.6291666666667,0,0,1,0,0.0125856998929452,-0.292937037418783
59.21375,1,0,1,0,0.563856829781855,0.551271129888909
53.9508333333333,1,0,1,0,0.507971988177534,-0.0558848416043202
53.045,1,0,1,0,0.534376334552617,0.026404346375083
56.1025,1,0,1,0,0.493054814410246,-0.0413215201423714
60.2820833333333,1,0,1,0,0.468724043006879,-0.0243307714033667
49.6279166666667,0,0,1,0,-0.0203424173724168,-0.489066460379296
44.6708333333333,0,0,1,0,-0.0281182543787635,-0.00777583700634667
56.02,1,0,1,0,0.669705056642969,0.697823311021732
55.43625,1,0,1,0,0.709923395263203,0.0402183386202345
54.16,1,0,1,0,0.564363201945781,-0.145560193317422
54.6704166666667,1,0,1,0,0.466136806976553,-0.0982263949692284
54.2145833333333,1,0,1,0,0.358849735709702,-0.107287071266851
52.47625,0,0,1,0,-0.172383815432578,-0.53123355114228
30.7883333333333,0,0,1,0,-0.451078691404368,-0.278694875971789
48.03125,1,0,1,0,0.144329686286336,0.595408377690704
55.5320833333333,1,0,1,0,0.265910798067932,0.121581111781596
55.0683333333333,1,0,1,0,0.156544746027251,-0.109366052040681
51.8375,1,0,1,0,-0.00731299433364086,-0.163857740360892
54.6766666666667,1,0,1,0,-0.11727413448383,-0.109961140150189
51.4866666666667,0,0,1,0,-0.728351884261954,-0.611077749778125
44.86625,0,0,1,0,-0.824164638780706,-0.0958127545187518
57.5841666666667,1,0,1,0,-0.117477910452433,0.706686728328273
54.925,1,0,1,0,0.0128100917818925,0.130288002234325
55.1216666666667,1,0,1,0,-0.112998112967874,-0.125808204749766
59.91625,1,0,1,0,-0.226905430119144,-0.11390731715127
50.1541666666667,1,0,1,0,-0.314187513989728,-0.0872820838705839
42.4083333333333,0,0,1,0,-0.917543078397744,-0.603355564408016
30.3025,0,0,1,0,-1.17846818475392,-0.260925106356178
53.82875,1,0,1,0,-0.570888502428225,0.607579682325697
52.3058333333333,1,0,1,0,-0.43420064245566,0.136687859972565
60.095,1,0,1,0,-0.126122651130787,0.308077991324874
60.6575,1,0,1,0,-0.0998110037327462,0.0263116473980405
57.915,1,0,1,0,-0.115393174548853,-0.0155821708161069
51.9679166666667,0,0,1,0,-0.62106210773316,-0.505668933184307
48.5891666666667,0,0,1,0,-0.94537565622426,-0.324313548491101
59.5058333333333,1,0,1,0,-0.329540744743746,0.615834911480515
55.6375,1,0,1,0,-0.226534843093509,0.103005901650237
56.1529166666667,1,0,1,0,-0.28522896635838,-0.058694123264871
53.9766666666667,1,0,1,0,-0.34641717104036,-0.0611882046819801
52.75375,1,0,1,0,-0.45633801960464,-0.10992084856428
47.3825,0,0,1,0,-0.892008362826145,-0.435670343221505
28.9183333333333,0,0,1,0,-1.20377314079597,-0.311764777969829
23.1891666666667,1,0,1,0,-1.26692277639606,-0.0631496356000891
49.5058333333333,1,0,1,0,-0.674305353445266,0.592617422950797
53.0541666666667,1,0,1,0,-0.523570567441283,0.150734786003983
54.4683333333333,1,0,1,0,-0.40971612664926,0.113854440792023
51.4395833333333,1,0,1,0,-0.350958376851169,0.0587577497980907
30.87875,0,0,1,0,-0.947511951281666,-0.596553574430496
14.9320833333333,0,0,1,0,-1.20776729949003,-0.260255348208361
50.1029166666667,1,0,1,0,-0.546917346568932,0.660849952921095
58.47,1,0,1,0,-0.388942409164148,0.157974937404783
54.5704166666667,1,0,1,0,-0.329554018523438,0.0593883906407099
57.79375,1,0,1,0,-0.329047210806637,0.00050680771680145
51.7679166666667,1,0,1,0,-0.454364879128202,-0.125317668321565
49.7641666666667,0,0,1,0,-1.09905779285535,-0.644692913727152
43.0054166666667,0,0,1,0,-1.34575917949363,-0.24670138663828
60.5504166666667,1,0,1,0,-0.610322852326199,0.735436327167436
60.06375,1,0,1,0,-0.423242104303349,0.18708074802285
61.82,1,0,1,0,-0.459406589886828,-0.036164485583479
66.2620833333333,1,0,1,0,-0.544603947651917,-0.0851973577650895
57.22125,1,0,1,0,-0.525562582688377,0.0190413649635406
52.7533333333333,0,0,1,0,-1.04310287804518,-0.517540295356799
46.1016666666667,0,0,1,0,-1.31947226302682,-0.276369384981642
54.8691666666667,1,0,1,0,-0.50022256234779,0.819249700679027
62.1170833333333,1,0,1,0,-0.367424760636734,0.132797801711056
59.7841666666667,1,0,1,0,-0.322591664300244,0.0448330963364899
60.78625,1,0,1,0,-0.358377318656597,-0.0357856543563534
66.2991666666667,1,0,1,0,-0.447965109073708,-0.0895877904171111
52.5408333333333,0,0,1,0,-0.987459636843356,-0.539494527769648
46.1625,0,0,1,0,-1.3760537119222,-0.388594075078846
60.3195833333333,1,0,1,0,-0.579237454883327,0.796816257038874
54.4666666666667,1,0,1,0,-0.478865054345151,0.100372400538176
61.3920833333333,1,0,1,0,-0.431885973788398,0.0469790805567533
52.5858333333333,1,0,1,0,-0.54741168489661,-0.115525711108212
54.7204166666667,1,0,1,0,-0.545308326608637,0.00210335828797359
47.8729166666667,0,0,1,0,-1.03304276577445,-0.487734439165812
32.165,0,0,1,0,-1.31668890707909,-0.283646141304644
53.7983333333333,1,0,1,0,-0.485153808405253,0.831535098673839
54.11,1,0,1,0,-0.451239123546298,0.0339146848589558
54.0466666666667,1,0,0,1,-0.410962931804017,0.0402761917422805
22.6583333333333,1,0,0,1,-1.16132280677318,-0.75035987496916
40.7583333333333,1,0,0,1,-0.902236526747336,0.25908628002584
37.9591666666667,0,0,0,1,-1.01040973878912,-0.108173212041786
31.2779166666667,0,0,0,1,-1.30062229599979,-0.29021255721067
50.9008333333333,1,0,0,1,-0.599841942127317,0.700780353872477
51.8433333333333,1,0,0,1,-0.461203085412105,0.138638856715212
51.3558333333333,1,0,0,1,-0.479806383246953,-0.0186032978348479
49.8554166666667,1,0,0,1,-0.409182873023971,0.0706235102229821
46.4979166666667,1,0,0,1,-0.396813716932259,0.0123691560917115
39.63625,0,0,0,1,-0.975011774675908,-0.578198057743649
20.9204166666667,0,0,0,1,-1.22423557277291,-0.249223798097005
30.7466666666667,1,0,0,1,-1.24457778977681,-0.0203422170038972
49.8770833333333,1,0,0,1,-0.54348204459211,0.7010957451847
57.12875,1,0,0,1,-0.47842991063586,0.0650521339562493
52.0945833333333,1,0,0,1,-0.54911584881971,-0.0706859381838498
50.5166666666667,1,0,0,1,-0.574081206315402,-0.024965357495692
34.4254166666667,0,0,0,1,-1.28996256340352,-0.71588135708812
14.8791666666667,0,0,0,1,-1.48809901594709,-0.19813645254357
45.14375,1,0,0,1,-0.586265389570084,0.901833626377008
50.6604166666667,1,0,0,1,-0.436756674196269,0.149508715373815
46.69375,1,0,0,1,-0.504268557682813,-0.0675118834865439
42.8720833333333,1,0,0,1,-0.566998070601844,-0.0627295129190313
49.7054166666667,1,0,0,1,-0.53615479621516,0.0308432743866839
43.8154166666667,0,0,0,1,-1.05575994348339,-0.519605147268227
39.83625,0,0,0,1,-1.21954135507167,-0.163781411588287
51.9329166666667,1,0,0,1,-0.375606591109362,0.843934763962312
49.6416666666667,1,0,0,1,-0.335763963332787,0.0398426277765746
46.9316666666667,1,0,0,1,-0.614855819059389,-0.279091855726602
47.4791666666667,1,0,0,1,-0.603360287097204,0.0114955319621857
49.1370833333333,1,0,0,1,-0.64002287315919,-0.0366625860619865
45.3154166666667,0,0,0,1,-1.08453964155589,-0.4445167683967
29.2279166666667,0,0,0,1,-1.2857358782665,-0.201196236710609
46.4341666666667,1,0,0,1,-0.520565043287107,0.765170834979392
49.6779166666667,1,0,0,1,-0.370567926873129,0.149997116413978
48.885,1,0,0,1,-0.51286994669898,-0.142302019825852
51.0008333333333,1,0,0,1,-0.511045720351968,0.00182422634701196
48.5633333333333,1,0,0,1,-0.600721860961163,-0.0896761406091943
39.3008333333333,0,0,0,1,-0.991958304259735,-0.391236443298573
31.8908333333333,0,0,0,1,-1.20121265151037,-0.209254347250631
49.0245833333333,1,0,0,1,-0.471972603466839,0.729240048043527
48.105,1,0,0,1,-0.385392607503508,0.0865799959633308
48.0720833333333,1,0,0,1,-0.535659201486107,-0.150266593982599
17.3929166666667,1,0,0,1,-1.18967623839059,-0.654017036904483
42.3225,1,0,0,1,-0.862221794331289,0.327454444059301
24.47875,0,0,0,1,-1.09834573529569,-0.236123940964404
12.035,0,0,0,1,-1.46455054351859,-0.366204808222899
38.4133333333333,1,0,0,1,-0.760843447566466,0.703707095952127
43.11,1,0,0,1,-0.504854930719596,0.25598851684687
42.0266666666667,1,0,0,1,-0.513640563131773,-0.00878563241217711
44.7895833333333,1,0,0,1,-0.524974378764432,-0.0113338156326586
47.3420833333333,1,0,0,1,-0.585007422723583,-0.0600330439591511
16.4904166666667,0,0,0,1,-1.0956080960414,-0.510600673317813
11.2554166666667,0,0,0,1,-1.37330780066938,-0.277699704627987
42.2104166666667,1,0,0,1,-0.642924901984813,0.73038289868457
40.2270833333333,1,0,0,1,-0.516423181599033,0.12650172038578
41.4029166666667,1,0,0,1,-0.573034365417273,-0.05661118381824
40.7516666666667,1,0,0,1,-0.644887390945499,-0.0718530255282261
41.29875,1,0,0,1,-0.744152430800117,-0.0992650398546179
14.0141666666667,0,0,0,1,-1.2297786202699,-0.485626189469784
14.3320833333333,0,0,0,1,-1.51346032983961,-0.283681709569705
35.0725,1,0,0,1,-0.864613752038976,0.64884657780063
39.3408333333333,1,0,0,1,-0.708919469945362,0.155694282093614
38.99125,1,0,0,1,-0.756661664940701,-0.047742194995339
37.1025,1,0,0,1,-0.941134736994687,-0.184473072053986
37.37,1,0,0,1,-0.969682737235452,-0.0285480002407653
19.6279166666667,0,0,0,1,-1.40543279503578,-0.435750057800326
14.9425,0,0,0,1,-1.83762713232214,-0.432194337286364
29.1041666666667,1,0,0,1,-1.37219614110214,0.465430991220005
32.04125,1,0,0,1,-1.16970376134168,0.202492379760456
36.4025,1,0,0,1,-1.11730243026846,0.0524013310732225
39.3554166666667,1,0,0,1,-1.1513601868195,-0.0340577565510414
46.0566666666667,1,0,0,1,-1.21277244446042,-0.0614122576409197
47.6166666666667,0,0,0,1,-1.458608820627,-0.24583637616658
43.4829166666667,0,0,0,1,-1.72334629068878,-0.264737470061783
41.0441666666667,1,0,0,1,-1.72008465984847,0.00326163084031106
50.0820833333333,1,0,0,1,-1.24691814366677,0.473166516181707
49.6483333333333,1,0,0,1,-1.04202334975715,0.204894793909621
49.8904166666667,1,0,0,1,-1.0271637807405,0.0148595690166455
48.345,1,0,0,1,-0.934276320846373,0.0928874598941265
42.8245833333333,0,0,0,1,-1.10646515973911,-0.172188838892736
38.1604166666667,0,0,0,1,-1.25445625992565,-0.147991100186536
55.1033333333333,1,0,0,1,-0.749266119475005,0.50519014045064
51.9729166666667,1,0,0,1,-0.684504992437206,0.0647611270377986
53.32375,1,0,0,1,-0.693506389897371,-0.00900139746016482
49.50875,1,0,0,1,-0.655210270524838,0.0382961193725325
47.3991666666667,1,0,0,1,-0.682595145240556,-0.027384874715718
36.9479166666667,0,0,0,1,-1.2151093062785,-0.532514161037942
13.645,0,0,0,1,-1.33046328990181,-0.115353983623312
43.5308333333333,1,0,0,1,-0.592899776040809,0.737563513861002
54.2133333333333,1,0,0,1,-0.433310479120763,0.159589296920045
49.8108333333333,1,0,0,1,-0.353065147923423,0.0802453311973405
52.4208333333333,1,1,0,0,-0.329083120596609,0.0239820273268137
54.17625,1,1,0,0,-0.418821880526975,-0.089738759930366
48.3204166666667,0,1,0,0,-0.971376683578273,-0.552554803051298
43.19125,0,1,0,0,-1.34685504088424,-0.375478357305968
50.6441666666667,1,1,0,0,-0.766713327476061,0.580141713408179
45.87125,1,1,0,0,-0.651549272573008,0.115164054903054
44.82,1,1,0,0,-0.551831392249372,0.0997178803236355
50.4145833333333,1,1,0,0,-0.542257800424219,0.00957359182515327
57.9733333333333,1,1,0,0,-0.49173070688735,0.0505270935368686
46.9329166666667,0,1,0,0,-1.04850528351034,-0.556774576622992
35.8145833333333,0,1,0,0,-1.34200189609453,-0.293496612584184
45.94625,1,1,0,0,-0.751606760112258,0.590395135982269
46.9858333333333,1,1,0,0,-0.529374241047516,0.222232519064741
49.51125,1,1,0,0,-0.501869214374703,0.027505026672813
53.0170833333333,1,1,0,0,-0.363885938810204,0.137983275564499
49.4845833333333,1,1,0,0,-0.40505042087249,-0.0411644820622858
52.7570833333333,0,1,0,0,-1.01524955923563,-0.610199138363144
34.3258333333333,0,1,0,0,-1.32693795558899,-0.311688396353357
54.3270833333333,1,1,0,0,-0.546310541270232,0.780627414318759
54.8208333333333,1,1,0,0,-0.386129078913892,0.16018146235634
51.3675,1,1,0,0,-0.298119436220617,0.0880096426932744
51.0404166666667,1,1,0,0,-0.354431439895764,-0.0563120036751467
55.75125,1,1,0,0,-0.401161732899152,-0.0467302930033877
48.0945833333333,0,1,0,0,-0.887786920543395,-0.486625187644244
42.0808333333333,0,1,0,0,-1.26038567981793,-0.372598759274535
53.4,1,1,0,0,-0.493963195633979,0.766422484183951
59.0283333333333,1,1,0,0,-0.384212528755177,0.109750666878802
55.8775,1,1,0,0,-0.496441306643038,-0.112228777887861
54.9420833333333,1,1,0,0,-0.500984374833669,-0.00454306819063166
56.3616666666667,1,1,0,0,-0.574562452719939,-0.07357807788627
47.6541666666667,0,1,0,0,-1.11174278194777,-0.53718032922783
37.7445833333333,0,1,0,0,-1.34586909524566,-0.23412631329789
48.595,1,1,0,0,-0.609362089153324,0.736507006092335
51.9120833333333,1,1,0,0,-0.504770451999735,0.104591637153589
52.98375,1,1,0,0,-0.55333407838986,-0.0485636263901246
46.2229166666667,1,1,0,0,-0.528029386705504,0.025304691684356
50.8,1,1,0,0,-0.491999995061516,0.0360293916439879
49.3179166666667,0,1,0,0,-0.892471612139508,-0.400471617077992
43.9725,0,1,0,0,-1.11840931389113,-0.225937701751625
51.4770833333333,1,1,0,0,-0.514800637734406,0.603608676156727
53.1545833333333,1,1,0,0,-0.34194131707281,0.172859320661596
54.3879166666667,1,1,0,0,-0.25341239608461,0.0885289209881991
57.6341666666667,1,1,0,0,-0.238762902416182,0.0146494936684288
54.4608333333333,1,1,0,0,-0.306482607402781,-0.0677197049865996
47.6466666666667,0,1,0,0,-0.709435669862408,-0.402953062459627
43.6495833333333,0,1,0,0,-0.911432395549712,-0.201996725687304
57.6845833333333,1,1,0,0,-0.175638949017284,0.735793446532428
49.6008333333333,1,1,0,0,-0.171781676994856,0.00385727202242775
56.94,1,1,0,0,0.0419334119958676,0.213715088990724
62.9391666666667,1,1,0,0,0.223945358109117,0.18201194611325
61.71125,1,1,0,0,0.318762609690553,0.0948172515814355
53.09875,0,1,0,0,-0.268338617221451,-0.587101226912004
45.4033333333333,0,1,0,0,-0.706170848902309,-0.437832231680858
52.67875,1,1,0,0,-0.0638065378110575,0.642364311091251
57.9633333333333,1,1,0,0,0.261824595430564,0.325631133241621
59.8941666666667,1,1,0,0,0.237443279843863,-0.0243813155867002
60.07375,1,1,0,0,0.122201961179618,-0.115241318664246
57.2579166666667,1,1,0,0,0.138301979651334,0.0161000184717167
50.865,0,1,0,0,-0.441768651187171,-0.580070630838506
46.6783333333333,0,1,0,0,-0.753596231600072,-0.311827580412901
55.33625,1,1,0,0,-0.342777073583181,0.410819158016891
45.59125,1,1,0,0,-0.662965887623684,-0.320188814040502
56.4991666666667,1,1,0,0,-0.244418892484405,0.418546995139278
51.5004166666667,1,1,0,0,-0.248571576615346,-0.00415268413094105
55.8658333333333,1,1,0,0,-0.183102213189621,0.0654693634257253
47.6325,0,1,0,0,-0.604565649471408,-0.421463436281787
41.9770833333333,0,1,0,0,-0.95879519556377,-0.354229546092362
55.8145833333333,1,1,0,0,-0.015650643517302,0.943144552046468
57.0829166666667,1,1,0,0,0.201990358629829,0.217641002147132
59.2458333333333,1,1,0,0,0.193746988376853,-0.00824337025297672
58.78,1,1,0,0,0.292260156255596,0.0985131678787429
49.9183333333333,1,1,0,0,-0.529692321002699,-0.821952477258294
48.0058333333333,0,1,0,0,-0.472939125737843,0.0567531952648559
42.9741666666667,0,1,0,0,-0.607293779956929,-0.134354654219086
58.2995833333333,1,1,0,0,0.246843043498682,0.85413682345561
61.3679166666667,1,1,0,0,0.513994694014272,0.26715165051559
61.7779166666667,1,1,0,0,0.62819176829274,0.114197074278468
63.61375,1,1,0,0,0.585491963785655,-0.0426998045070851
61.79125,1,1,0,0,0.575337513639001,-0.0101544501466537
52.2383333333333,0,1,0,0,0.0994619052833286,-0.475875608355672
49.4470833333333,0,1,0,0,-0.170310597358109,-0.269772502641437
63.6758333333333,1,1,0,0,0.567898825533089,0.738209422891198
63.8904166666667,1,1,0,0,0.735121319370267,0.167222493837177
65.0354166666667,1,1,0,0,0.780458981737432,0.0453376623671651
60.9829166666667,1,1,0,0,0.834875105854901,0.0544161241174688
57.07,1,1,0,0,0.860472196825976,0.0255970909710758
51.2245833333333,0,1,0,0,0.346172302576625,-0.514299894249351
47.0029166666667,0,1,0,0,0.00493976658364866,-0.341232535992977
61.5825,1,1,0,0,0.870080800313693,0.865141033730044
56.1470833333333,1,1,0,0,0.714413166765964,-0.155667633547729
57.8308333333333,1,1,0,0,0.882022070418807,0.167608903652844
52.8633333333333,1,0,0,0,0.648761132989777,-0.23326093742903
52.7204166666667,1,0,0,0,0.73549916092739,0.0867380279376126
47.4066666666667,0,0,0,0,0.171586809199251,-0.563912351728139
39.93625,0,0,0,0,-0.270318230759855,-0.441905039959105
46.8725,1,0,0,0,0.575673727040659,0.845991957800514
50.1595833333333,1,0,0,0,0.853752706802638,0.278078979761979
48.0658333333333,1,0,0,0,0.63355138497362,-0.220201321829018
47.085,1,0,0,0,0.775309240426768,0.141757855453148
47.1466666666667,1,0,0,0,0.840252172006815,0.0649429315800472
48.7641666666667,0,0,0,0,0.522277337383401,-0.317974834623414
47.61125,0,0,0,0,0.371558920714444,-0.150718416668957
49.6670833333333,1,0,0,0,0.837303375975525,0.465744455261081
46.3945833333333,1,0,0,0,0.872840384215171,0.0355370082396463
47.9795833333333,1,0,0,0,0.868173719025941,-0.00466666518923031
47.16,1,0,0,0,0.938995764864117,0.0708220458381759
50.62375,1,0,0,0,0.796784782844642,-0.142210982019475
46.09375,0,0,0,0,0.680679034803163,-0.116105748041479
47.3066666666667,0,0,0,0,0.628932440943203,-0.0517465938599596
53.2904166666667,1,0,0,0,1.57944000976858,0.950507568825372
48.3533333333333,1,0,0,0,1.4777067083407,-0.101733301427871
49.8591666666667,1,0,0,0,1.43426718677064,-0.0434395215700667
48.8808333333333,1,0,0,0,1.27120687766258,-0.163060309108055
46.4870833333333,1,0,0,0,0.941381563536409,-0.329825314126173
28.1016666666667,0,0,0,0,0.367390484827246,-0.573991078709164
23.4370833333333,0,0,0,0,-0.0635007890528699,-0.430891273880115
37.3779166666667,1,0,0,0,0.651363546803647,0.714864335856517
45.6083333333333,1,0,0,0,0.982584429885062,0.331220883081416
44.5104166666667,1,0,0,0,0.839042732731,-0.143541697154063
38.75875,1,0,0,0,0.712945178793635,-0.126097553937365
40.9,1,0,0,0,0.615839396776836,-0.0971057820167985
28.6620833333333,0,0,0,0,0.250986212464384,-0.364853184312453
15.9575,0,0,0,0,-0.350289982687657,-0.60127619515204
25.3795833333333,1,0,0,0,0.418216551436278,0.768506534123935
32.6458333333333,1,0,0,0,0.90894650971668,0.490729958280402
34.9654166666667,1,0,0,0,0.864732284251002,-0.0442142254656782
32.6908333333333,1,0,0,0,0.735788117606095,-0.128944166644907
37.7883333333333,1,0,0,0,0.923660528460087,0.187872410853992
34.4379166666667,0,0,0,0,0.515126587923485,-0.408533940536602
31.0233333333333,0,0,0,0,0.277918015771149,-0.237208572152336
47.0708333333333,1,0,0,0,1.12846696186827,0.850548946097119
45.8154166666667,1,0,0,0,1.29735037030868,0.168883408440411
47.8583333333333,1,0,0,0,1.36984906018989,0.0724986898812083
47.455,1,0,0,0,1.39895801821524,0.0291089580253518
49.83625,1,0,0,0,1.47227976766245,0.0733217494472103
45.5808333333333,0,0,0,0,1.10908183694764,-0.363197930714805
42.57125,0,0,0,0,0.995129202393828,-0.113952634553816
49.5091666666667,1,0,0,0,1.75562959488169,0.760500392487862
50.0595833333333,1,0,0,0,2.00179372229059,0.246164127408897
49.1091666666667,1,0,0,0,1.79751354889661,-0.204280173393978
46.3725,1,0,0,0,1.4835324599308,-0.313981088965809
43.9754166666667,1,0,0,0,1.32526865467718,-0.158263805253618
38.0729166666667,0,0,0,0,0.618599113751975,-0.706669540925207
25.5983333333333,0,0,0,0,0.294094483282515,-0.32450463046946
43.8879166666667,1,0,0,0,1.13101422885322,0.836919745570708
48.7008333333333,1,0,0,0,1.28811743085511,0.157103202001892
46.65875,1,0,0,0,1.16863159421697,-0.119485836638144
46.1120833333333,1,0,0,0,1.13433327325145,-0.0342983209655212
48.4591666666667,1,0,0,0,1.22150961241308,0.0871763391616298
45.385,0,0,0,0,0.805907040426658,-0.415602571986421
42.9870833333333,0,0,0,0,0.735257028636272,-0.0706500117903861
49.2925,1,0,0,0,1.72132814018275,0.986071111546479
53.31625,1,0,0,0,1.9268451750083,0.205517034825548
52.8079166666667,1,0,0,0,2.09952324609617,0.172678071087872
63.5025,1,0,0,0,2.4306172554733,0.331094009377127
86.0595833333333,1,0,0,0,2.64461101728612,0.213993761812821
68.5670833333333,0,0,0,0,2.26255481830032,-0.3820561989858
71.645,0,0,0,0,2.0541959367296,-0.20835888157072
72.6147916666667,1,0,0,0,2.92299833960015,0.868802402870549
73.5845833333333,1,0,0,0,3.10501071826531,0.182012378665159
74.554375,1,0,0,0,3.02389981034449,-0.0811109079208188
75.5241666666667,1,0,0,0,2.91018771801011,-0.113712092334374
76.4939583333333,1,0,0,0,2.90329617569431,-0.00689154231580202
77.46375,0,0,0,0,2.66802270619347,-0.23527346950084
68.2508333333333,0,0,0,0,2.37083287201163,-0.297189834181836
90.8770833333333,1,0,0,0,2.77409694765544,0.4032640756438
69.4925,1,0,0,0,2.61465494402649,-0.159442003628946
73.6525,1,0,0,0,2.40427330296776,-0.210381641058724
63.1958333333333,1,0,0,0,2.31147308663698,-0.0928002163307853
62.2904166666667,1,0,0,0,2.20412260033272,-0.107350486304258
52.9508333333333,0,0,0,0,1.34023697036864,-0.863885629964082
55.0391666666667,0,0,0,0,1.00541850608388,-0.334818464284759
69.8604166666667,1,0,0,0,1.85354240434047,0.848123898256587
66.2033333333333,1,0,0,0,1.95888498493257,0.105342580592104
57.0466666666667,1,0,0,0,1.83035972952706,-0.12852525540551
69.5595833333333,1,0,0,0,1.44783217054757,-0.382527558979497
56.3279166666667,1,0,0,0,1.11525631197396,-0.332575858573601
51.6791666666667,0,0,0,0,0.583618744793279,-0.531637567180686
47.6029166666667,0,0,0,0,0.298164660359862,-0.285454084433417
51.5904166666667,1,0,0,0,1.045791114894,0.747626454534135
52.49875,1,0,0,0,1.07977222859974,0.0339811137057464
51.7054166666667,1,0,0,0,0.945200910313871,-0.134571318285872
50.6920833333333,1,0,1,0,0.840448456571278,-0.104752453742593
51.4516666666667,1,0,1,0,0.633390651497158,-0.20705780507412
45.7558333333333,0,0,1,0,0.0971667896037982,-0.53622386189336
39.58375,0,0,1,0,-0.15163863939662,-0.248805429000418
49.365,1,0,1,0,0.55295906577065,0.704597705167269
55.21875,1,0,1,0,0.990565257163562,0.437606191392912
51.2925,1,0,1,0,1.04604616110983,0.0554809039462709
53.04875,1,0,1,0,1.02906658039598,-0.0169795807138526
51.4354166666667,1,0,1,0,1.10574240895798,0.0766758285619975
47.0025,0,0,1,0,0.556740482200892,-0.549001926757086
36.24,0,0,1,0,0.0787724256114361,-0.477968056589456
49.25375,1,0,1,0,0.634929752739515,0.556157327128078
48.895,1,0,1,0,0.648257579409274,0.0133278266697596
48.03375,1,0,1,0,0.62041121355745,-0.0278463658518245
47.9345833333333,1,0,1,0,0.51287029720887,-0.107540916348579
47.0875,1,0,1,0,0.320712100998905,-0.192158196209966
40.0758333333333,0,0,1,0,-0.245370695988048,-0.566082796986952
36.29375,0,0,1,0,-0.385815744469911,-0.140445048481863
50.1016666666667,1,0,1,0,0.388628151753554,0.774443896223465
50.3508333333333,1,0,1,0,0.649772677396303,0.261144525642749
49.9404166666667,1,0,1,0,0.537889333580443,-0.11188334381586
48.5879166666667,1,0,1,0,0.435580630063022,-0.102308703517421
42.5633333333333,1,0,1,0,0.403301824261345,-0.0322788058016772
38.3658333333333,0,0,1,0,-0.309817378721925,-0.71311920298327
27.2354166666667,0,0,1,0,-0.666716964406658,-0.356899585684733
43.6804166666667,1,0,1,0,-0.139125390781278,0.527591573625381
39.9520833333333,1,0,1,0,-0.0710472521102933,0.0680781386709844
41.6729166666667,1,0,1,0,-0.0919402616067798,-0.0208930094964865
38.9466666666667,1,0,1,0,-0.217329978900721,-0.125389717293942
42.2491666666667,1,0,1,0,-0.298143620466328,-0.0808136415656065
21.0504166666667,0,0,1,0,-0.786367655902483,-0.488224035436155
23.04875,0,0,1,0,-1.02615772342049,-0.239790067518005
48.08125,1,0,1,0,-0.191810435305297,0.834347288115191
50.8770833333333,1,0,1,0,0.0109417863590988,0.202752221664396
49.2120833333333,1,0,1,0,0.100363452305376,0.0894216659462773
48.8908333333333,1,0,1,0,0.0822648934193527,-0.0180985588860234
44.96625,1,0,1,0,0.0136746392459746,-0.0685902541733782
40.2491666666667,0,0,1,0,-0.328448962763181,-0.342123602009156
34.48625,0,0,1,0,-0.475768129279329,-0.147319166516148
23.0491666666667,1,0,1,0,-0.578138362031745,-0.102370232752416
45.1908333333333,1,0,1,0,0.049460770786075,0.62759913281782
53.85625,1,0,1,0,0.267910670093662,0.218449899307587
54.2254166666667,1,0,1,0,0.428996322759322,0.16108565266566
56.6770833333333,1,0,1,0,0.423510118162683,-0.00548620459663923
45.21,0,0,1,0,-0.0588810119859783,-0.482391130148661
33.3645833333333,0,0,1,0,-0.486611165545755,-0.427730153559777
50.8766666666667,1,0,1,0,0.320824082573788,0.807435248119543
55.4475,1,0,1,0,0.518160934766155,0.197336852192367
52.5629166666667,1,0,1,0,0.406335716437416,-0.111825218328739
54.8220833333333,1,0,1,0,0.447867321376594,0.0415316049391783
54.09875,1,0,1,0,0.416083981410187,-0.031783339966407
43.8479166666667,0,0,1,0,-0.239786679706651,-0.655870661116838
38.7658333333333,0,0,1,0,-0.462418269449225,-0.222631589742574
52.23375,1,0,1,0,0.243564380551026,0.705982650000251
51.5079166666667,1,0,1,0,0.2441132900894,0.000548909538374054
45.3245833333333,1,0,1,0,0.226908892613832,-0.0172043974755678
45.7616666666667,1,0,1,0,0.031168201273571,-0.195740691340261
51.605,1,0,1,0,0.106223141300013,0.0750549400264416
32.1570833333333,0,0,1,0,-0.486863853703298,-0.593086995003311
24.65,0,0,1,0,-0.958462575834087,-0.471598722130789
42.4733333333333,1,0,1,0,-0.41436138537763,0.544101190456457
21.9558333333333,1,0,1,0,-0.693448011911215,-0.279086626533585
47.9291666666667,1,0,1,0,-0.176831347098908,0.516616664812307
50.27625,1,0,1,0,-0.183912697046073,-0.00708134994716533
42.90125,1,0,1,0,-0.217024478763627,-0.0331117817175541
37.71125,0,0,1,0,-0.746240264283212,-0.529215785519585
32.27375,0,0,1,0,-1.02363136642922,-0.277391102146007
47.62,1,0,1,0,-0.601513036333791,0.422118330095429
36.0829166666667,1,0,1,0,-0.864807530731446,-0.263294494397655
47.84875,1,0,1,0,-0.434860023415732,0.429947507315714
42.40375,1,0,1,0,-0.407353892353461,0.0275061310622707
43.0266666666667,1,0,1,0,-0.472137337903807,-0.0647834455503455
29.5033333333333,0,0,1,0,-1.09785505621841,-0.625717718314607
28.9016666666667,0,0,1,0,-1.33830509983341,-0.240450043615001
46.0641666666667,1,0,1,0,-0.501041886321993,0.837263213511422
49.2154166666667,1,0,1,0,-0.433531404236159,0.0675104820858332
44.105,1,0,1,0,-0.292030284096253,0.141501120139907
30.3666666666667,1,0,1,0,-0.94877137472012,-0.656741090623867
35.3675,1,0,1,0,-0.759211882010735,0.189559492709385
36.2108333333333,0,0,1,0,-0.852221025904642,-0.0930091438939068
25.14375,0,0,1,0,-1.17473771987121,-0.322516693966567
42.0575,1,0,1,0,-0.462821269613499,0.71191645025771
46.11625,1,0,1,0,-0.348275947071703,0.114545322541797
45.9283333333333,1,0,1,0,-0.312042871656015,0.0362330754156875
44.73375,1,0,1,0,-0.345465583576674,-0.0334227119206592
39.0945833333333,1,0,1,0,-0.573985282216197,-0.228519698639523
29.5616666666667,0,0,1,0,-1.19350074623278,-0.619515464016581
19.1725,0,0,1,0,-1.41630139123595,-0.222800645003171
25.5225,1,0,1,0,-1.39112855993855,0.0251728312974013
45.5858333333333,1,0,1,0,-0.713141623185218,0.677986936753331
46.1591666666667,1,0,1,0,-0.561747751630221,0.151393871554997
48.9445833333333,1,0,1,0,-0.536001389412615,0.0257463622176062
45.9541666666667,1,0,0,1,-0.607875945490481,-0.0718745560778664
33.1183333333333,0,0,0,1,-1.10783185960385,-0.499955914113368
27.8829166666667,0,0,0,1,-1.5030133626487,-0.39518150304485
46.6679166666667,1,0,0,1,-0.775091435282192,0.727921927366508
45.9758333333333,1,0,0,1,-0.507650643830286,0.267440791451906
48.95375,1,0,0,1,-0.554502335097529,-0.0468516912672429
42.3925,1,0,0,1,-0.583115750174801,-0.0286134150772717
38.6358333333333,1,0,0,1,-0.747260447979172,-0.164144697804372
23.4345833333333,0,0,0,1,-1.21602092515079,-0.46876047717162
24.3679166666667,0,0,0,1,-1.34369312829537,-0.12767220314458
45.5258333333333,1,0,0,1,-0.627948857892548,0.715744270402824
48.9066666666667,1,0,0,1,-0.514442185315696,0.113506672576852
48.2358333333333,1,0,0,1,-0.464035367842718,0.0504068174729785
47.6845833333333,1,0,0,1,-0.429262885358273,0.0347724824844452
40.645,1,0,0,1,-0.649765174088692,-0.220502288730419
26.0929166666667,0,0,0,1,-1.23788018617638,-0.588115012087684
21.7170833333333,0,0,0,1,-1.49647657292602,-0.258596386749648
44.98125,1,0,0,1,-0.680018648335504,0.81645792459052
48.2033333333333,1,0,0,1,-0.472116018377766,0.207902629957738
51.01625,1,0,0,1,-0.531081799288996,-0.0589657809112299
49.0666666666667,1,0,0,1,-0.657604373248585,-0.126522573959589
44.1520833333333,1,0,0,1,-0.837652333182127,-0.180047959933542
32.2825,0,0,0,1,-1.19638635677403,-0.358734023591899
19.3733333333333,0,0,0,1,-1.48672210368251,-0.290335746908488
38.64125,1,0,0,1,-0.698712122501522,0.788009981180991
44.2545833333333,1,0,0,1,-0.51822208729938,0.180490035202143
48.5120833333333,1,0,0,1,-0.467644024189374,0.0505780631100055
48.2466666666667,1,0,0,1,-0.43692742308004,0.0307166011093337
48.22625,1,0,0,1,-0.616260492951626,-0.179333069871585
37.095,0,0,0,1,-1.16634522282129,-0.550084729869663
25.0883333333333,0,0,0,1,-1.4716143642953,-0.305269141474009
43.9816666666667,1,0,0,1,-0.718202066109017,0.75341229818628
49.47,1,0,0,1,-0.542776303425218,0.1754257626838
47.9658333333333,1,0,0,1,-0.538733433353247,0.00404287007197113
46.89875,1,0,0,1,-0.522429788738885,0.016303644614362
48.1275,1,0,0,1,-0.652067650227768,-0.129637861488884
39.6454166666667,0,0,0,1,-1.1444451409889,-0.492377490761132
24.6825,0,0,0,1,-1.4872170807402,-0.342771939751298
42.7329166666667,1,0,0,1,-0.738742669488725,0.748474411251474
47.2333333333333,1,0,0,1,-0.603132174242965,0.13561049524576
45.21375,1,0,0,1,-0.648506127599078,-0.0453739533561132
42.8854166666667,1,0,0,1,-0.599795509283733,0.048710618315345
46.7741666666667,1,0,0,1,-0.63053059207474,-0.0307350827910075
32.74125,0,0,0,1,-1.21225837203032,-0.581727779955583
26.9679166666667,0,0,0,1,-1.57969367992805,-0.367435307897725
40.4558333333333,1,0,0,1,-0.772484809249804,0.807208870678245
45.4533333333333,1,0,0,1,-0.646181653491191,0.126303155758613
43.81375,1,0,0,1,-0.593581762327018,0.0525998911641731
45.1166666666667,1,0,0,1,-0.657953138090852,-0.0643713757638342
45.4641666666667,1,0,0,1,-0.632088262305279,0.0258648757855727
38.3858333333333,0,0,0,1,-1.1454568530409,-0.513368590735619
28.0883333333333,0,0,0,1,-1.4018968587262,-0.256440005685297
44.6070833333333,1,0,0,1,-0.74675159308268,0.655145265643515
47.4208333333333,1,0,0,1,-0.540011093166711,0.206740499915969
49.2345833333333,1,0,0,1,-0.477153743103102,0.062857350063609
50.6370833333333,1,0,0,1,-0.387191014146461,0.0899627289566411
49.8725,1,0,0,1,-0.435369737870257,-0.0481787237237961
40.28875,0,0,0,1,-1.13209130342416,-0.696721565553908
30.6475,0,0,0,1,-1.52865738114163,-0.396566077717464
39.8933333333333,1,0,0,1,-0.792040562707168,0.73661681843446
44.4625,1,0,0,1,-0.653168221475413,0.138872341231755
41.4945833333333,1,0,0,1,-0.666757629306525,-0.0135894078311118
42.46375,1,0,0,1,-0.785941324985188,-0.119183695678663
46.4479166666667,1,0,0,1,-0.94681358369296,-0.160872258707771
40.1595833333333,0,0,0,1,-1.36602243295594,-0.419208849262983
35.98875,0,0,0,1,-1.63175743021765,-0.265734997261706
42.9154166666667,1,0,0,1,-1.14850322796397,0.483254202253677
40.3954166666667,1,0,0,1,-0.95951781807454,0.188985409889432
44.2220833333333,1,0,0,1,-1.00481220640396,-0.0452943883294186
47.1220833333333,1,0,0,1,-1.02195538641849,-0.017143180014529
44.7641666666667,1,0,0,1,-1.17330451568012,-0.151349129261634
42.15,0,0,0,1,-1.48349064474581,-0.310186129065692
28.1066666666667,0,0,0,1,-1.71884702688851,-0.235356382142694
45.73875,1,0,0,1,-1.18891737679381,0.529929650094701
47.4258333333333,1,0,0,1,-1.00212776611905,0.186789610674752
37.9008333333333,1,0,0,1,-1.47487042133312,-0.47274265521407
51.36375,1,0,0,1,-1.22258606845081,0.252284352882316
50.3916666666667,1,0,0,1,-1.00419439374867,0.218391674702139
44.8208333333333,0,0,0,1,-1.06455351489935,-0.0603591211506842
38.6670833333333,0,0,0,1,-1.21121030451708,-0.146656789617731
49.7683333333333,1,0,0,1,-0.765376687984989,0.445833616532095
54.5379166666667,1,0,0,1,-0.665572928107791,0.0998037598771981
51.16375,1,0,0,1,-0.821180719946288,-0.155607791838497
52.5904166666667,1,0,0,1,-0.710393376630856,0.110787343315433
50.9845833333333,1,0,0,1,-0.759190450146339,-0.048797073515483
42.9945833333333,0,0,0,1,-1.27368113416708,-0.51449068402074
33.2225,0,0,0,1,-1.57228477464766,-0.298603640480583
50.8429166666667,1,0,0,1,-0.814043805774091,0.758240968873571
49.4458333333333,1,0,0,1,-0.609408545705218,0.204635260068873
52.2570833333333,1,0,0,1,-0.60291016586629,0.00649837983892831
52.4875,1,0,0,1,-0.598260057740858,0.00465010812543154
50.3025,1,0,0,1,-0.700609321277634,-0.102349263536776
43.9745833333333,0,1,0,0,-1.04974767310911,-0.34913835183148
34.4295833333333,0,1,0,0,-1.31782694711079,-0.26807927400168
49.7166666666667,1,1,0,0,-0.636605308976665,0.681221638134129
50.9754166666667,1,1,0,0,-0.545732395685165,0.0908729132915003
49.62,1,1,0,0,-0.573181164416347,-0.027448768731183
52.9083333333333,1,1,0,0,-0.624612002426607,-0.0514308380102592
51.7758333333333,1,1,0,0,-0.617165792781481,0.00744620964512599
48.1683333333333,0,1,0,0,-1.06975677315988,-0.452590980378397
40.1520833333333,0,1,0,0,-1.32212011616443,-0.252363343004551
52.3416666666667,1,1,0,0,-0.603584490752593,0.718535625411836
53.7075,1,1,0,0,-0.531639833856672,0.0719446568959208
55.9579166666667,1,1,0,0,-0.504405303354828,0.0272345305018447
52.8525,1,1,0,0,-0.569444152055367,-0.0650388487005394
45.7529166666667,1,1,0,0,-0.643640715526553,-0.0741965634711856
41.3220833333333,0,1,0,0,-1.06959800065444,-0.42595728512789
33.895,0,1,0,0,-1.32260526281742,-0.253007262162973
50.1079166666667,1,1,0,0,-0.586027981650097,0.736577281167318
53.0645833333333,1,1,0,0,-0.475727896847998,0.1103000848021
51.34375,1,1,0,0,-0.499405545660477,-0.0236776488124794
51.7808333333333,1,1,0,0,-0.350863780233233,0.148541765427244
50.24,1,1,0,0,-0.400760757952647,-0.0498969777194148
43.2775,0,1,0,0,-0.929499643582384,-0.528738885629736
31.5908333333333,0,1,0,0,-1.29650154668591,-0.367001903103522
41.7958333333333,1,1,0,0,-0.749575313413773,0.546926233272133
46.0879166666667,1,1,0,0,-0.561016148720102,0.188559164693672
48.9391666666667,1,1,0,0,-0.458518729013279,0.102497419706823
48.2354166666667,1,1,0,0,-0.482070062382803,-0.0235513333695249
46.8570833333333,1,1,0,0,-0.399807064214143,0.0822629981686606
38.8445833333333,0,1,0,0,-0.893116118837609,-0.493309054623466
29.80625,0,1,0,0,-1.14122990150722,-0.248113782669615
51.3566666666667,1,1,0,0,-0.426138996699614,0.71509090480761
49.99125,1,1,0,0,-0.373771104332039,0.0523678923675753
49.055,1,1,0,0,-0.48357400577282,-0.109802901440781
54.75875,1,1,0,0,-0.420096899263592,0.0634771065092278
53.8308333333333,1,1,0,0,-0.555226486166852,-0.13512958690326
45.8341666666667,0,1,0,0,-1.02300427118764,-0.467777785020791
43.5491666666667,0,1,0,0,-1.19769258663535,-0.174688315447705
50.2483333333333,1,1,0,0,-0.478686946971611,0.719005639663737
52.0420833333333,1,1,0,0,-0.359552092182173,0.119134854789438
53.0145833333333,1,1,0,0,-0.345485018833897,0.0140670733482757
54.06125,1,1,0,0,-0.353462553464011,-0.00797753463011397
47.5370833333333,1,1,0,0,-0.565977054899515,-0.212514501435504
42.69375,0,1,0,0,-0.887345636003028,-0.321368581103513
29.98625,0,1,0,0,-1.02794769768028,-0.140602061677248
49.9704166666667,1,1,0,0,-0.233207357738804,0.794740339941473
53.2420833333333,1,1,0,0,-0.0462232712041082,0.186984086534696
47.6995833333333,1,1,0,0,-0.227095689264814,-0.180872418060706
52.8079166666667,1,1,0,0,-0.278528602381865,-0.0514329131170502
49.9870833333333,1,1,0,0,-0.277284677632792,0.00124392474907237
41.0329166666667,0,1,0,0,-0.758885309355472,-0.48160063172268
39.67375,0,1,0,0,-1.08422168018369,-0.325336370828223
53.13875,1,1,0,0,-0.359448833001017,0.724772847182678
50.7054166666667,1,1,0,0,-0.226268535757743,0.133180297243274
53.055,1,1,0,0,-0.238616486307347,-0.012347950549604
49.2245833333333,1,1,0,0,-0.203180886254615,0.0354356000527315
50.76375,1,1,0,0,-0.26071683332123,-0.0575359470666149
42.71375,0,1,0,0,-0.587892003030093,-0.327175169708863
42.5172916666667,0,1,0,0,-0.483745041658982,0.104146961371111
56.5754166666667,1,1,0,0,0.437581575712281,0.921326617371263
59.2070833333333,1,1,0,0,0.682074220323386,0.244492644611106
56.3525,1,1,0,0,0.689187712936069,0.00711349261268279
35.1154166666667,1,1,0,0,-0.310066670644994,-0.999254383581064
41.0566666666667,1,1,0,0,-0.0856805999855259,0.224386070659468
39.1475,0,1,0,0,-0.130202839794789,-0.044522239809263
25.8391666666667,0,1,0,0,-0.466812735116847,-0.336609895322058
45.18625,1,1,0,0,0.256773698961814,0.723586434078661
54.28875,1,1,0,0,0.619874580422242,0.363100881460428
52.8108333333333,1,1,0,0,0.640184739750379,0.020310159328138
52.0279166666667,1,1,0,0,0.723614710087096,0.0834299703367167
54.01125,1,1,0,0,0.620808149074596,-0.1028065610125
40.995,0,1,0,0,-0.150380573803986,-0.771188722878582
35.09375,0,1,0,0,-0.188898169447348,-0.0385175956433628
52.67625,1,1,0,0,0.665556434986738,0.854454604434087
56.23625,1,1,0,0,0.850104124391176,0.184547689404438
55.0083333333333,1,1,0,0,0.790811317013299,-0.059292807377877
57.78625,1,1,0,0,0.915026008726882,0.124214691713582
52.92125,1,1,0,0,0.794366821984884,-0.120659186741997
43.5591666666667,0,1,0,0,0.201765371961379,-0.592601450023506
43.4316666666667,0,1,0,0,-0.0158390068048581,-0.217604378766237
55.1970833333333,1,1,0,0,0.670038359486608,0.685877366291466
52.08875,1,1,0,0,0.755855022630507,0.0858166631438987
52.1204166666667,1,1,0,0,0.710308484753223,-0.0455465378772845
51.1066666666667,1,1,0,0,0.712802806229902,0.00249432147667894
50.6454166666667,1,1,0,0,0.710587167415559,-0.00221563881434272
38.3545833333333,0,1,0,0,0.00480303575180166,-0.705784131663757
22.0383333333333,0,1,0,0,-0.443121258151373,-0.447924293903174
45.455,1,1,0,0,0.35918113186163,0.802302390013003
55.1770833333333,1,1,0,0,0.801765926916091,0.442584795054461
53.40875,1,1,0,0,0.787764681643621,-0.0140012452724699
53.6908333333333,1,1,0,0,0.934470388007046,0.146705706363425
58.895,1,1,0,0,1.3903667685233,0.455896380516252
52.4904166666667,0,0,0,0,0.967441552052158,-0.42292521647114
50.4725,0,0,0,0,0.674069841257746,-0.293371710794411
54.215,1,0,0,0,1.24188531797345,0.567815476715707
51.6745833333333,1,0,0,0,1.20314488751553,-0.0387404304579206
57.1595833333333,1,0,0,0,1.49069659240029,0.287551704884753
60.46625,1,0,0,0,1.77177349908041,0.281076906680121
62.36,1,0,0,0,1.56458516799288,-0.20718833108753
54.80375,0,0,0,0,1.23167505941565,-0.332910108577231
47.9441666666667,0,0,0,0,1.05183392230638,-0.179841137109267
56.9520833333333,1,0,0,0,1.58363603175813,0.531802109451748
68.7533333333333,1,0,0,0,2.10042822714958,0.516792195391449
75.8120833333333,1,0,0,0,2.40518002616854,0.304751799018962
68.5391666666667,1,0,0,0,1.96432877201827,-0.440851254150271
56.9879166666667,1,0,0,0,1.25124097082095,-0.713087801197319
35.5141666666667,0,0,0,0,0.622751963942694,-0.628489006878254
31.95625,0,0,0,0,0.328906473936989,-0.293845490005705
49.4775,1,0,0,0,0.98945617035532,0.66054969641833
53.89,1,0,0,0,1.29720805800782,0.307751887652498
54.015,1,0,0,0,1.31401611729417,0.0168080592863498
49.5833333333333,1,0,0,0,1.14975291552636,-0.164263201767809
38.67625,1,0,0,0,1.10558734061437,-0.0441655749119836
35.08375,0,0,0,0,0.314018608802715,-0.791568731811659
12.8770833333333,0,0,0,0,-0.206370706931146,-0.520389315733861
13.7907291666667,1,0,0,0,-0.285230066278276,-0.0788593593471303
14.704375,1,0,0,0,-0.916664928432431,-0.631434862154155
15.6180208333333,1,0,0,0,-0.215050533310766,0.701614395121665
16.5316666666667,1,0,0,0,-0.042493187608646,0.17255734570212
28.9483333333333,1,0,0,0,0.126797903584971,0.169291091193617
14.9579166666667,0,0,0,0,-0.170818480727667,-0.297616384312638
13.6325,0,0,0,0,-0.398275143008789,-0.227456662281122
17.72875,1,0,0,0,-0.0809657802457051,0.317309362763083
20.2954166666667,1,0,0,0,-0.373936270952687,-0.292970490706982
40.7645833333333,1,0,0,0,0.593770620085767,0.967706891038454
44.6991666666667,1,0,0,0,1.14388785424789,0.550117234162127
41.3245833333333,1,0,0,0,1.09727658171734,-0.0466112725305505
33.1395833333333,0,0,0,0,0.558817692331334,-0.538458889386009
29.2954166666667,0,0,0,0,0.34061620332922,-0.218201489002114
53.3770833333333,1,0,0,0,1.18198916128439,0.841372957955171
55.4495833333333,1,0,0,0,1.46515604625145,0.283166884967057
56.7808333333333,1,0,0,0,1.47224306172456,0.00708701547311463
57.87875,1,0,0,0,1.28562577373011,-0.186617287994451
55.1920833333333,1,0,0,0,1.23146946898178,-0.0541563047483311
49.295,0,0,0,0,0.914516019437044,-0.316953449544737
44.6645833333333,0,0,0,0,0.792383652298281,-0.122132367138763
53.1070833333333,1,0,0,0,1.62679817205469,0.834414519756409
59.47125,1,0,0,0,1.69669357348026,0.0698954014255722
61.1295833333333,1,0,0,0,2.11514311281525,0.418449539334991
74.2008333333333,1,0,0,0,2.36995609242205,0.254812979606793
63.0179166666667,1,0,0,0,2.23427261472571,-0.135683477696332
55.9083333333333,0,0,0,0,1.4743283146762,-0.759944300049517
48.59625,0,0,0,0,1.29082596664961,-0.183502348026588
64.03,1,0,0,0,1.98650975405772,0.695683787408116
58.05125,1,0,0,0,2.15350725126839,0.166997497210666
62.05125,1,0,0,0,2.23860044783364,0.0850931965652499
61.2954166666667,1,0,0,0,2.13185066170413,-0.106749786129506
57.4616666666667,1,0,0,0,2.3324627292672,0.200612067563067
49.4120833333333,0,0,0,0,1.35352688100206,-0.978935848265139
39.60875,0,0,0,0,0.892250461872547,-0.461276419129516
50.7633333333333,1,0,0,0,1.45206668816798,0.559816226295433
46.6983333333333,1,0,0,0,1.29930346840657,-0.152763219761414
39.76875,1,0,0,0,1.02771799615964,-0.271585472246924
43.0220833333333,1,0,0,0,0.969393339689858,-0.058324656469784
44.6704166666667,1,0,0,0,0.852980666627453,-0.116412673062404
35.0554166666667,0,0,0,0,0.351677286643726,-0.501303379983727
36.0670833333333,0,0,0,0,0.422729311992402,0.0710520253486761
52.5658333333333,1,0,0,0,0.840744763154411,0.418015451162009
48.6941666666667,1,0,0,0,0.921432771110143,0.0806880079557318
48.3258333333333,1,0,0,0,1.1446935601745,0.223260789064361
55.8241666666667,1,0,0,0,1.43112178890021,0.286428228725711
55.3895833333333,1,0,0,0,1.75620040259786,0.325078613697647
53.20125,0,0,0,0,1.47749128745144,-0.278709115146417
46.3816666666667,0,0,0,0,1.04324130869102,-0.434249978760419
52.07125,1,0,0,0,1.69484294159746,0.651601632906431
59.39,1,0,0,0,1.92650040526368,0.231657463666229
58.4241666666667,1,0,0,0,2.09257915686543,0.166078751601743
53.5945833333333,1,0,0,0,1.81578528587881,-0.276793870986613
55.2666666666667,1,0,0,0,1.53758875213132,-0.278196533747494
53.8208333333333,0,0,0,0,1.19477499531651,-0.342813756814808
48.1283333333333,0,0,0,0,0.771587319683181,-0.42318767563333
55.4733333333333,1,0,0,0,1.47181412895126,0.70022680926808
59.9504166666667,1,0,0,0,1.59787824151998,0.126064112568715
54.1145833333333,1,0,0,0,1.24408358440183,-0.353794657118148
55.9345833333333,1,0,0,0,1.68746502606569,0.443381441663865
53.9341666666667,1,0,0,0,1.8602837730892,0.172818747023502
61.7241666666667,0,0,0,0,1.57570765323176,-0.28457611985743
56.2466666666667,0,0,0,0,1.2622590152867,-0.313448637945066
85.2566666666667,1,0,0,0,1.95622383967764,0.693964824390938
61.9195833333333,1,0,0,0,2.0916465371544,0.135422697476765
62.45375,1,0,0,0,1.91480065824545,-0.176845878908956
61.0891666666667,1,0,0,0,1.71121090767478,-0.203589750570669
59.92,1,0,1,0,1.60700906264056,-0.104201845034214
58.1725,0,0,1,0,1.16284958220085,-0.444159480439718
53.5604166666667,0,0,1,0,0.991177562980157,-0.171672019220688
55.6595833333333,1,0,1,0,1.26097633806283,0.269798775082673
60.55625,1,0,1,0,0.960433379497968,-0.300542958564863
55.4208333333333,1,0,1,0,0.891550376248323,-0.0688830032496446
47.9320833333333,1,0,1,0,0.717307083509313,-0.17424329273901
44.43125,1,0,1,0,0.424607341313803,-0.29269974219551
36.47625,0,0,1,0,-0.00880868434092011,-0.433416025654723
30.28125,0,0,1,0,-0.245216039315343,-0.236407354974423
49.0495833333333,1,0,1,0,0.414911787394615,0.660127826709958
60.4254166666667,1,0,1,0,0.856048985316046,0.441137197921431
74.5941666666667,1,0,1,0,1.41571819490172,0.559669209585677
76.3358333333333,1,0,1,0,1.65279966959104,0.237081474689315
60.6033333333333,1,0,1,0,1.58501238467758,-0.0677872849134578
54.9916666666667,0,0,1,0,0.687749275391544,-0.897263109286037
48.9116666666667,0,0,1,0,0.256267992874908,-0.431481282516635
59.78125,1,0,1,0,1.16327235726503,0.907004364390122
62.4120833333333,1,0,1,0,1.24390227827635,0.0806299210113244
66.0016666666667,1,0,1,0,1.18926948288387,-0.0546327953924812
68.18,1,0,1,0,1.25313795728913,0.063868474405252
63.7070833333333,1,0,1,0,0.725352990699083,-0.527784966590043
44.9416666666667,0,0,1,0,0.294825461677596,-0.430527529021487
46.5995833333333,0,0,1,0,-0.0349128055289908,-0.329738267206587
70.9883333333333,1,0,1,0,0.743585339893599,0.77849814542259
72.8416666666667,1,0,1,0,0.998609272925505,0.255023933031906
78.4754166666667,1,0,1,0,1.25693357558208,0.258324302656572
73.5166666666667,1,0,1,0,1.22886434987138,-0.0280692257106969
65.845,1,0,1,0,1.1430001136803,-0.0858642361910775
55.8054166666667,0,0,1,0,0.409867107663816,-0.733133006016487
33.9258333333333,0,0,1,0,0.267123148286929,-0.142743959376886
45.2479166666667,1,0,1,0,0.295522577578413,0.0283994292914841
65.3091666666667,1,0,1,0,0.951804339626116,0.656281762047703
69.12,1,0,1,0,0.99876825029285,0.0469639106667333
62.5895833333333,1,0,1,0,0.925865814631617,-0.0729024356612322
66.0604166666667,1,0,1,0,0.85641219125946,-0.069453623372157
67.3295833333333,0,0,1,0,0.419718453585122,-0.436693737674339
61.9141666666667,0,0,1,0,0.269383675478196,-0.150334778106926
82.9504166666667,1,0,1,0,0.894235970408238,0.624852294930043
67.475,1,0,1,0,0.71801383318538,-0.176222137222858
63.0416666666667,1,0,1,0,0.548541878843213,-0.169471954342167
63.1041666666667,1,0,1,0,0.246022441852966,-0.302519436990247
49.5304166666667,1,0,1,0,0.0352315782154407,-0.210790863637525
31.4941666666667,0,0,1,0,-0.380080377224106,-0.415311955439547
15.9954166666667,0,0,1,0,-0.904556193207574,-0.524475815983468
46.0633333333333,1,0,1,0,-0.21376980182935,0.690786391378224
51.7616666666667,1,0,1,0,-0.21475615074881,-0.000986348919460645
40.3508333333333,1,0,1,0,-0.418568073823267,-0.203811923074456
32.7754166666667,1,0,1,0,-0.579953073100382,-0.161384999277116
33.2516666666667,1,0,1,0,-0.412976977522513,0.16697609557787
27.895,0,0,1,0,-0.829827223906675,-0.416850246384162
16.32375,0,0,1,0,-0.918355337240317,-0.0885281133336419
46.2891666666667,1,0,1,0,-0.20894501636129,0.709410320879027
39.8270833333333,1,0,1,0,-0.121312693484138,0.0876323228771523
37.9033333333333,1,0,1,0,-0.22150457332033,-0.100191879836193
32.6633333333333,1,0,1,0,-0.365750581212026,-0.144246007891695
33.70375,1,0,1,0,-0.456131457422614,-0.0903808762105882
25.9325,0,0,1,0,-0.660460813405873,-0.204329355983259
22.9170833333333,0,0,1,0,-0.769329129071355,-0.108868315665483
39.0166666666667,1,0,1,0,-0.0899782178886033,0.679350911182752
40.2470833333333,1,0,1,0,-0.0612495900943401,0.0287286277942632
14.8108333333333,1,0,1,0,-0.778270773269878,-0.717021183175538
32.8541666666667,1,0,1,0,-0.195739119411603,0.582531653858275
37.3954166666667,1,0,1,0,-0.228398941441112,-0.0326598220295088
30.4483333333333,0,0,1,0,-0.692420959498228,-0.464022018057116
15.52125,0,0,1,0,-0.98728231872985,-0.294861359231622
35.7770833333333,1,0,1,0,-0.39429655027957,0.59298576845028
35.6720833333333,1,0,1,0,-0.334816510909595,0.0594800393699743
18.75625,1,0,1,0,-1.20822242730171,-0.873405916392115
18.56625,1,0,1,0,-1.38834014353067,-0.180117716228963
23.38875,1,0,1,0,-0.993563830491477,0.394776313039196
14.04125,0,0,1,0,-1.15290506718816,-0.159341236696684
11.1204166666667,0,0,1,0,-1.33751751285216,-0.184612445663997
31.5479166666667,1,0,1,0,-0.68622191654365,0.651295596308508
34.3408333333333,1,0,1,0,-0.506190200541247,0.180031716002403
33.11625,1,0,1,0,-0.439834175611676,0.066356024929571
36.6,1,0,1,0,-0.197522303269505,0.242311872342171
36.9166666666667,1,0,1,0,-0.281642296023512,-0.0841199927540065
17.0570833333333,0,0,1,0,-0.83990329449656,-0.558260998473049
13.0995833333333,0,0,1,0,-1.13735646306604,-0.297453168569483
27.2891666666667,1,0,1,0,-1.01769238626678,0.119664076799264
43.3445833333333,1,0,1,0,-0.313697529372353,0.703994856894426
39.4454166666667,1,0,1,0,-0.230644039263529,0.0830534901088243
45.2104166666667,1,0,1,0,-0.157393754051201,0.0732502852123275
47.28625,1,0,1,0,0.0201306525366843,0.177524406587886
36.6066666666667,0,0,1,0,-0.485563836393202,-0.505694488929887
17.88875,0,0,1,0,-0.705027593502063,-0.219463757108861
43.135,1,0,1,0,-0.0587747938987987,0.646252799603265
48.1875,1,0,1,0,-0.0979260603602485,-0.0391512664614498
49.7791666666667,1,0,1,0,-0.123611198020572,-0.0256851376603238
43.42875,1,0,1,0,-0.191645630620376,-0.0680344325998042
33.8475,1,0,1,0,-0.400399233256713,-0.208753602636337
15.1729166666667,0,0,0,1,-1.04013291577401,-0.639733682517296
9.03416666666667,0,0,0,1,-1.22982909833039,-0.189696182556383
29.5370833333333,1,0,0,1,-0.548458870230541,0.681370228099852
36.9458333333333,1,0,0,1,-0.458155098871944,0.0903037713585969
34.6245833333333,1,0,0,1,-0.551578313080716,-0.0934232142087721
25.9795833333333,1,0,0,1,-0.69150355465531,-0.139925241574595
25.335,1,0,0,1,-0.802071049295005,-0.110567494639695
11.8829166666667,0,0,0,1,-1.37309648613796,-0.571025436842955
10.4954166666667,0,0,0,1,-1.57032484002512,-0.197228353887158
28.83125,1,0,0,1,-0.808511411697418,0.7618134283277
30.2329166666667,1,0,0,1,-0.673729466550114,0.134781945147305
29.7683333333333,1,0,0,1,-0.743828319158343,-0.0700988526082292
28.7245833333333,1,0,0,1,-0.758972103817097,-0.0151437846587543
28.6279166666667,1,0,0,1,-0.685650893845012,0.0733212099720847
8.62041666666667,0,0,0,1,-1.33255272228365,-0.646901828438639
19.765,0,0,0,1,-1.46649550361868,-0.133942781335026
30.9095833333333,1,0,0,1,-0.755771317948096,0.710724185670582
33.5983333333333,1,0,0,1,-0.530253535358829,0.225517782589267
34.5795833333333,1,0,0,1,-0.49583116283332,0.0344223725255096
38.2529166666667,1,0,0,1,-0.627785159856186,-0.131953997022867
30.78625,1,0,0,1,-0.775921262636732,-0.148136102780546
11.69875,0,0,0,1,-1.3354436473777,-0.559522384740972
7.97791666666667,0,0,0,1,-1.67149537319998,-0.336051725822278
30.80125,1,0,0,1,-0.792212811708961,0.879282561491021
33.14875,1,0,0,1,-0.558474945439001,0.23373786626996
33.1854166666667,1,0,0,1,-0.604636157579795,-0.0461612121407948
38.0254166666667,1,0,0,1,-0.608286712393262,-0.00365055481346699
33.4008333333333,1,0,0,1,-0.662747227303541,-0.0544605149102784
17.39,0,0,0,1,-1.2619697455264,-0.599222518222858
15.0341666666667,0,0,0,1,-1.46946069769611,-0.207490952169715
34.8516666666667,1,0,0,1,-0.731939764737068,0.737520932959047
37.1220833333333,1,0,0,1,-0.591894714679531,0.140045050057537
39.8404166666667,1,0,0,1,-0.753446281604731,-0.161551566925201
39.8866666666667,1,0,0,1,-0.682364670829841,0.0710816107748909
33.86,1,0,0,1,-0.700097453284077,-0.0177327824542368
15.86375,0,0,0,1,-1.20010480602085,-0.500007352736769
11.1425,0,0,0,1,-1.43950238825615,-0.239397582235307
28.8708333333333,1,0,0,1,-0.744661855864522,0.694840532391631
33.8354166666667,1,0,0,1,-0.560623258315735,0.184038597548786
30.2316666666667,1,0,0,1,-0.567476217371335,-0.00685295905559991
35.3470833333333,1,0,0,1,-0.622677788782525,-0.0552015714111898
34.92875,1,0,0,1,-0.635485797872834,-0.0128080090903093
30.8533333333333,0,0,0,1,-1.09702141238076,-0.46153561450793
15.0654166666667,0,0,0,1,-1.33569277916258,-0.238671366781815
34.33875,1,0,0,1,-0.555060776911941,0.780632002250638
40.91125,1,0,0,1,-0.442833360559764,0.112227416352177
46.0845833333333,1,0,0,1,-0.442051031767645,0.00078232879211898
38.61,1,0,0,1,-0.439465392713484,0.00258563905416098
34.2616666666667,1,0,0,1,-0.516234521298782,-0.076769128585298
26.9645833333333,0,0,0,1,-1.00316374678961,-0.486929225490828
17.91875,0,0,0,1,-1.10631009148018,-0.103146344690567
41.2154166666667,1,0,0,1,-0.375938461489976,0.730371629990202
46.8758333333333,1,0,0,1,-0.27747171520961,0.0984667462803661
51.07,1,0,0,1,-0.446304625979667,-0.168832910770057
50.2420833333333,1,0,0,1,-0.43224075531279,0.0140638706668765
42.015,1,0,0,1,-0.417199645314241,0.0150411099985491
36.1770833333333,0,0,0,1,-0.861288431500692,-0.444088786186451
22.1029166666667,0,0,0,1,-1.25707273464261,-0.395784303141915
44.19,1,0,0,1,-0.899600972998073,0.357471761644534
37.605,1,0,0,1,-0.910503702898847,-0.0109027299007739
32.7779166666667,1,0,0,1,-0.819564048826264,0.0909396540725826
39.5591666666667,1,0,0,1,-0.774015841878666,0.0455482069475979
34.5695833333333,1,0,0,1,-0.797620020999322,-0.0236041791206554
31.0683333333333,0,0,0,1,-1.32271905912754,-0.525099038128214
29.7183333333333,0,0,0,1,-1.55982237701598,-0.237103317888449
41.7629166666667,1,0,0,1,-0.966715135409588,0.593107241606396
34.2166666666667,1,0,0,1,-0.856110143266069,0.11060499214352
35.1775,1,0,0,1,-0.977027383323359,-0.120917240057291
34.56625,1,0,0,1,-1.17855002237896,-0.201522639055597
31.5066666666667,1,0,0,1,-1.36801774893014,-0.189467726551185
18.6895833333333,0,0,0,1,-1.70385117651681,-0.335833427586666
11.4220833333333,0,0,0,1,-1.92311867212965,-0.219267495612845
28.3458333333333,1,0,0,1,-1.41854720845341,0.504571463676239
26.2516666666667,1,0,0,1,-1.24761683834952,0.170930370103893
26.505,1,0,0,1,-1.26665398538986,-0.0190371470403412
21.0891666666667,1,0,0,1,-1.54217910324173,-0.275525117851871
35.6816666666667,1,0,0,1,-1.60580942438327,-0.0636303211415428
32.1404166666667,0,0,0,1,-1.48789177098187,0.117917653401408
20.6925,0,0,0,1,-1.63224934960048,-0.144357578618612
46.64375,1,0,0,1,-1.16307579678032,0.46917355282016
41.0129166666667,1,0,0,1,-1.02722301838521,0.135852778395105
41.5579166666667,1,0,0,1,-0.971454972812435,0.0557680455727786
45.4145833333333,1,0,0,1,-0.874859766638536,0.0965952061738995
45.255,1,0,0,1,-0.873585324065962,0.0012744425725737
30.1541666666667,0,0,0,1,-1.32722052092898,-0.453635196863016
26.02,0,0,0,1,-1.53530556974461,-0.208085048815633
44.83125,1,0,0,1,-0.934340309605725,0.600965260138888
49.78625,1,0,0,1,-0.798426256907068,0.135914052698657
53.47,1,0,0,1,-0.77060584434027,0.0278204125667972
51.5216666666667,1,0,0,1,-0.684651860951377,0.0859539833888937
49.1841666666667,1,0,0,1,-0.72852078453489,-0.043868923583513
32.90625,0,0,0,1,-1.14485102465963,-0.416330240124739
26.0433333333333,0,1,0,0,-1.37506658018821,-0.230215555528579
43.9020833333333,1,1,0,0,-0.715681828432598,0.659384751755609
49.1979166666667,1,1,0,0,-0.614832867800751,0.100848960631848
50.5525,1,1,0,0,-0.582858892982518,0.0319739748182324
50.9133333333333,1,1,0,0,-0.554886252420016,0.0279726405625028
49.8620833333333,1,1,0,0,-0.616348606702666,-0.0614623542826501
38.0395833333333,0,1,0,0,-1.09228565551282,-0.475937048810159
29.0775,0,1,0,0,-1.31033308792396,-0.218047432411135
45.7133333333333,1,1,0,0,-0.746188129951818,0.564144957972141
47.5983333333333,1,1,0,0,-0.652989368607543,0.0931987613442746
46.4233333333333,1,1,0,0,-0.627017603052895,0.0259717655546486
48.4920833333333,1,1,0,0,-0.5897775185637,0.0372400844891942
48.55,1,1,0,0,-0.631801283842072,-0.042023765278372
36.0766666666667,0,1,0,0,-1.14612633138843,-0.514325047546353
24.1545833333333,0,1,0,0,-1.37379055044368,-0.227664219055252
42.9966666666667,1,1,0,0,-0.70280105406879,0.670989496374888
43.7191666666667,1,1,0,0,-0.565543714570399,0.137257339498391
46.9033333333333,1,1,0,0,-0.708735034043679,-0.14319131947328
48.3754166666667,1,1,0,0,-0.494055052409513,0.214679981634166
50.54875,1,1,0,0,-0.547621584437045,-0.0535665320275322
37.8208333333333,0,1,0,0,-1.00115292498951,-0.45353134055246
26.41,0,1,0,0,-1.31525069500582,-0.314097770016315
44.3558333333333,1,1,0,0,-0.692226479168614,0.623024215837206
52.3541666666667,1,1,0,0,-0.535341637623093,0.156884841545521
55.76625,1,1,0,0,-0.475152807519994,0.0601888301030992
56,1,1,0,0,-0.470579737964458,0.00457306955553627
53.4408333333333,1,1,0,0,-0.573095515026734,-0.102515777062277
39.6425,0,1,0,0,-1.13408245632448,-0.560986941297745
22.6925,0,1,0,0,-1.34664035954971,-0.212557903225232
43.5083333333333,1,1,0,0,-0.62661959179724,0.720020767752471
52.4566666666667,1,1,0,0,-0.472607785930127,0.154011805867113
47.7104166666667,1,1,0,0,-0.482320461423187,-0.00971267549305938
49.17,1,1,0,0,-0.581901874540534,-0.0995814131173479
50.6304166666667,1,1,0,0,-0.653865260282877,-0.071963385742343
37.6495833333333,0,1,0,0,-1.11787793566919,-0.464012675386309
33.9020833333333,0,1,0,0,-1.26513402374966,-0.147256088080469
54.9933333333333,1,1,0,0,-0.513867116597395,0.75126690715226
53.2529166666667,1,1,0,0,-0.36232840919159,0.151538707405805
54.66875,1,1,0,0,-0.400019770210916,-0.0376913610193263
54.84375,1,1,0,0,-0.443914614793047,-0.0438948445821311
54.0025,1,1,0,0,-0.161235474331763,0.282679140461284
50.5691666666667,0,1,0,0,-0.452468292099352,-0.291232817767588
34.48625,0,1,0,0,-0.694655451757961,-0.242187159658609
49.6666666666667,1,1,0,0,-0.184152210397048,0.510503241360913
55.1216666666667,1,1,0,0,-0.117319422424744,0.0668327879723038
54.2704166666667,1,1,0,0,-0.118702893097748,-0.00138347067300376
49.2308333333333,1,1,0,0,-0.185149316924256,-0.0664464238265081
50.8479166666667,1,1,0,0,-0.142446404109628,0.042702912814628
30.5641666666667,0,1,0,0,-0.852724334336655,-0.710277930227027
25.7658333333333,0,1,0,0,-1.20918924650038,-0.356464912163723
46.0191666666667,1,1,0,0,-0.50156249413498,0.707626752365398
37.8420833333333,1,1,0,0,-0.593598603103639,-0.0920361089686594
42.87875,1,1,0,0,-0.617613042761653,-0.0240144396580133
44.53625,1,1,0,0,-0.421685296579565,0.195927746182088
41.4670833333333,1,1,0,0,-0.620089393089708,-0.198404096510143
28.1970833333333,0,1,0,0,-1.18894239550441,-0.568853002414707
15.2941666666667,0,1,0,0,-1.50982891201501,-0.320886516510595
39.1545833333333,1,1,0,0,-0.81372672741855,0.69610218459646
44.82875,1,1,0,0,-0.327155214167294,0.486571513251256
48.1004166666667,1,1,0,0,-0.0519961536774114,0.275159060489883
49.9270833333333,1,1,0,0,0.0229745939682425,0.074970747645654
32.9520833333333,1,1,0,0,-0.640002464356255,-0.662977058324497
28.55875,0,1,0,0,-0.94448338277119,-0.304480918414936
11.2404166666667,0,1,0,0,-0.977184026546455,-0.0327006437752646
