51.1079166666667,1,0,0,0,0.99481260786698,-0.779285253691839
86.6591666666667,1,0,0,0,1.82542607277579,0.83061346490881
81.2429166666667,1,0,0,0,2.08103184390978,0.255605771133994
44.1908333333333,0,0,0,0,0.510038450357756,-1.57099339355203
41.3108333333333,0,0,0,0,-0.381822599992102,-0.891861050349858
76.1916666666667,1,0,0,0,1.87131027953824,2.25313287953034
66.8245833333333,1,0,0,0,2.16264285172382,0.291332572185587
60.3741666666667,1,0,0,0,2.07618376569174,-0.0864590860320855
62.9091666666667,1,0,0,0,1.40281089841435,-0.67337286727739
64.0920833333333,1,0,0,0,1.6860891313106,0.283278232896256
19.5016666666667,0,0,0,0,-0.77797633984375,-2.46406547115435
35.975,0,0,0,0,-0.592837648423724,0.185138691420026
70.0354166666667,1,0,0,0,1.80453633818104,2.39737398660476
69.6675,1,0,0,0,1.88235893714887,0.0778225989678314
66.58625,1,0,0,0,1.92413386048766,0.041774923338793
67.1729166666667,1,0,0,0,1.59514041018224,-0.328993450305427
74.9191666666667,1,0,0,0,2.02541993342742,0.430279523245182
64.61625,0,0,0,0,0.989202045811295,-1.03621788761612
57.65,0,0,0,0,0.399529528890832,-0.589672516920463
67.5320833333333,1,0,0,0,1.65315462672632,1.25362509783549
70.0258333333333,1,0,0,0,1.95888441966562,0.305729792939295
65.435,1,0,0,0,1.53978550736024,-0.419098912305375
50.45875,1,0,0,0,1.19326451959543,-0.346520987764812
43.3654166666667,1,0,0,0,-1.26540042744945,-2.45866494704488
44.2675,0,0,0,0,-0.852268851952349,0.413131575497096
52.4083333333333,0,0,0,0,-0.659337931934284,0.192930920018065
65.0820833333333,1,0,0,0,0.71644830766988,1.37578623960416
54.5175,1,0,0,0,0.796730288370493,0.0802819807006127
55.9833333333333,1,0,0,0,0.88931846370713,0.0925881753366373
55.7345833333333,1,0,0,0,0.933568867573323,0.0442504038661928
50.19125,1,0,0,0,-0.57944030138689,-1.51300916896021
42.840625,0,0,0,0,-0.656926251713344,-0.0774859503264542
35.49,0,0,0,0,-0.113222456450123,0.543703795263221
57.0779166666667,1,0,0,0,1.88972192673954,2.00294438318966
62.6658333333333,1,0,0,0,1.86805480638136,-0.0216671203581851
51.11125,1,0,0,0,1.69234423261159,-0.175710573769766
51.3958333333333,1,0,0,0,0.78173375326399,-0.910610479347599
46.2441666666667,1,0,0,0,1.32935746569535,0.547623712431358
32.5320833333333,0,0,0,0,-0.267663450808207,-1.59702091650355
30.4591666666667,0,0,0,0,-0.458348041361934,-0.190684590553727
53.7454166666667,1,0,0,0,1.58736691543851,2.04571495680044
51.7608333333333,1,0,0,0,1.68141288160178,0.0940459661632751
41.34875,1,0,0,0,1.37436374709779,-0.307049134503989
47.13625,1,0,0,0,1.58040202698557,0.206038279887772
49.7225,1,0,0,0,1.00929749484706,-0.571104532138502
43.58125,0,0,0,0,-0.242534169597671,-1.25183166444473
20.395,0,0,0,0,-0.814745519565012,-0.572211349967341
46.075,1,0,0,0,1.36642462525648,2.1811701448215
52.5233333333333,1,0,0,0,1.76137383879089,0.394949213534412
56.62125,1,0,0,0,1.88613481782927,0.124760979038372
56.8691666666667,1,0,0,0,1.92491083737673,0.0387760195474673
62.66375,1,0,0,0,1.96200468888325,0.0370938515065173
55.2054166666667,0,0,0,0,0.846802007086344,-1.11520268179691
51.70375,0,0,0,0,0.0389430716945923,-0.807858935391752
54.5854166666667,1,0,0,0,1.76691102622679,1.72796795453219
45.2279166666667,1,0,0,0,1.33027564550825,-0.436635380718537
60.4875,1,0,0,0,1.879087881955,0.548812236446753
59.4325,1,0,0,0,1.87847759581753,-0.000610286137471272
55.9779166666667,1,0,0,0,1.72526302544769,-0.153214570369844
51.1825,0,0,0,0,0.6025836057922,-1.12267941965549
52.8491666666667,0,0,0,0,0.0960844129791468,-0.506499192813053
79.4483333333333,1,0,0,0,1.72043030452675,1.6243458915476
68.5404166666667,1,0,0,0,1.78656345078512,0.066133146258373
54.8441666666667,1,0,0,0,1.57043984016352,-0.216123610621607
60.7179166666667,1,0,0,0,1.05343910326306,-0.517000736900452
44.27375,1,0,0,0,-0.109890965072506,-1.16333006833557
35.4316666666667,0,0,0,0,-1.51949435773109,-1.40960339265859
43.4283333333333,0,0,0,0,-1.23939733789948,0.280097019831611
51.425,1,0,0,0,0.174276188599013,1.41367352649849
48.94625,1,0,0,0,0.902777090487296,0.728500901888283
56.2908333333333,1,0,0,0,1.55954223733079,0.656765146843493
47.1520833333333,1,0,0,0,1.43872929426898,-0.120812943061813
45.81125,1,0,0,0,1.27132271343707,-0.167406580831911
43.8629166666667,0,0,0,0,0.0885812697540803,-1.18274144368299
49.2566666666667,0,0,0,0,-0.524010096704074,-0.612591366458154
57.99,1,0,0,0,0.509186872409875,1.03319696911395
52.33375,1,0,0,0,0.957601671132356,0.44841479872248
58.6491666666667,1,0,0,0,1.42735668275846,0.4697550116261
54.0325,1,0,0,0,1.51426705426695,0.0869103715084929
60.7320833333333,1,0,0,0,1.64775256218754,0.133485507920587
50.9222916666667,0,0,0,0,0.242465371604334,-1.4052871905832
40.22125,0,0,0,0,-0.458181620406239,-0.700646992010573
54.6633333333333,1,0,0,0,1.3065007661824,1.76468238658864
56.8829166666667,1,0,0,0,1.59875383813763,0.292253071955229
55.4875,1,0,0,0,1.55366798573581,-0.0450858524018185
63.0841666666667,1,0,0,0,1.4993955628478,-0.0542724228880169
55.0420833333333,1,0,0,0,1.27933676207926,-0.220058800768531
45.79625,0,0,0,0,0.0531753342495046,-1.22616142782976
47.2208333333333,0,0,0,0,-0.32911580437302,-0.382291138622524
58.90125,1,0,0,0,1.40720977482274,1.73632557919576
52.8308333333333,1,0,1,0,1.28355799647099,-0.12365177835175
51.90375,1,0,1,0,1.13863636980247,-0.144921626668519
59.97625,1,0,1,0,1.2697378316857,0.131101461883231
59.5770833333333,1,0,1,0,1.25598085556817,-0.0137569761175327
54.3304166666667,0,0,1,0,-0.25571577683849,-1.51169663240666
38.9408333333333,0,0,1,0,-0.609284424666858,-0.353568647828368
45.0204166666667,1,0,1,0,0.578265706495299,1.18755013116216
52.8375,1,0,1,0,0.763881051150627,0.185615344655328
52.5458333333333,1,0,1,0,0.577371859816811,-0.186509191333816
57.55875,1,0,1,0,0.168302490215889,-0.409069369600922
52.50375,1,0,1,0,0.377746294366306,0.209443804150417
51.0758333333333,0,0,1,0,0.0152886390767306,-0.362457655289575
51.585,0,0,1,0,-0.573321670765754,-0.588610309842485
58.1458333333333,1,0,1,0,1.25583288851364,1.82915455927939
51.0504166666667,1,0,1,0,0.664196074284544,-0.591636814229092
55.4533333333333,1,0,1,0,0.183296926165096,-0.480899148119448
69.5295833333333,1,0,1,0,1.07993710589719,0.896640179732097
54.9533333333333,1,0,1,0,1.15805864741078,0.0781215415135874
53.6420833333333,0,0,1,0,-0.140498083689537,-1.29855673110032
44.3408333333333,0,0,1,0,-0.581534341636715,-0.441036257947177
50.9191666666667,1,0,1,0,0.913606037984078,1.49514037962079
56.13,1,0,1,0,0.908938285657335,-0.00466775232674266
55.26375,1,0,1,0,0.872324996742882,-0.0366132889144525
50.99125,1,0,1,0,0.60585288622047,-0.266472110522413
54.2970833333333,1,0,1,0,0.819351210722425,0.213498324501955
48.6679166666667,0,0,1,0,-0.0624296830179613,-0.881780893740386
42.3029166666667,0,0,1,0,-0.939436233207497,-0.877006550189536
48.2520833333333,1,0,1,0,0.778567322163123,1.71800355537062
59.5820833333333,1,0,1,0,0.763608516401786,-0.0149588057613372
56.62,1,0,1,0,0.931864169993991,0.168255653592206
55.04375,1,0,1,0,0.543532370271353,-0.388331799722638
58.4829166666667,1,0,1,0,0.243045828419636,-0.300486541851717
51.24625,0,0,1,0,-0.613485588314687,-0.856531416734323
44.1245833333333,0,0,1,0,-1.09346427637349,-0.479978688058803
59.7329166666667,1,0,1,0,0.616530912860013,1.7099951892335
53.3316666666667,1,0,1,0,0.372403497067475,-0.244127415792538
58.02375,1,0,1,0,0.207850926336729,-0.164552570730746
58.22875,1,0,1,0,-0.391795467427266,-0.599646393763995
47.41875,1,0,1,0,-0.589178076438271,-0.197382609011005
41.1025,0,0,1,0,-1.18846030763283,-0.59928223119456
34.9358333333333,0,0,1,0,-1.32005411279391,-0.131593805161077
57.8879166666667,1,0,1,0,0.509290026116137,1.82934413891005
58.0275,1,0,1,0,-0.348822144934269,-0.858112171050406
58.4291666666667,1,0,1,0,-0.34474482192506,0.00407732300920871
63.3908333333333,1,0,1,0,0.844807467541621,1.18955228946668
58.8516666666667,1,0,1,0,0.776697574975776,-0.0681098925658445
53.6091666666667,0,0,1,0,-0.339559964918046,-1.11625753989382
52.4816666666667,0,0,1,0,-1.14378870611608,-0.804228741198038
56.01875,1,0,1,0,0.50615226271497,1.64994096883105
55.4220833333333,1,0,1,0,0.499626000206385,-0.00652626250858473
60.5445833333333,1,0,1,0,0.524042294990374,0.0244162947839885
58.2791666666667,1,0,1,0,0.475734116138028,-0.0483081788523456
52.60875,1,0,1,0,-1.69780209926522,-2.17353621540325
49.2141666666667,0,0,1,0,-1.51486602969291,0.18293606957231
25.6816666666667,0,0,1,0,-1.92386369523806,-0.408997665545155
26.1325,1,0,1,0,-1.67396847857973,0.249895216658335
56.48,1,0,1,0,0.0996335416197825,1.77360202019951
58.8995833333333,1,0,1,0,0.578903026082822,0.47926948446304
58.6191666666667,1,0,1,0,0.350364278909989,-0.228538747172833
56.615,1,0,1,0,-0.281282652727904,-0.631646931637893
41.7670833333333,0,0,1,0,-1.65483778350994,-1.37355513078203
25.8979166666667,0,0,1,0,-2.26376322659851,-0.608925443088574
42.8258333333333,1,0,1,0,-0.10280664167571,2.1609565849228
67.91375,1,0,1,0,0.445118113011384,0.547924754687094
65.0033333333333,1,0,1,0,0.514171657905857,0.0690535448944726
62.3695833333333,1,0,1,0,0.460972643061568,-0.053199014844289
58.595,1,0,1,0,0.321272890914041,-0.139699752147527
51.2308333333333,0,0,1,0,-1.0962853039865,-1.41755819490054
40.03875,0,0,1,0,-2.09400958255385,-0.997724278567348
53.3516666666667,1,0,1,0,-0.198416023869467,1.89559355868438
72.5745833333333,1,0,1,0,0.537586085873539,0.736002109743006
64.0879166666667,1,0,1,0,0.566550537477726,0.0289644516041868
63.47625,1,0,1,0,0.591797887375289,0.0252473498975627
55.9325,1,0,1,0,0.102252046608612,-0.489545840766676
47.0779166666667,0,0,1,0,-0.671909919889603,-0.774161966498215
44.6754166666667,0,0,1,0,-1.6895019497841,-1.01759202989449
59.5745833333333,1,0,1,0,-0.00772877385136568,1.68177317593273
58.5458333333333,1,0,1,0,0.221751802211579,0.229480576062945
62.6491666666667,1,0,1,0,0.435528729700844,0.213776927489265
75.1841666666667,1,0,1,0,0.510985156895692,0.0754564271948485
62.4304166666667,1,0,1,0,0.464914914464494,-0.0460702424311987
53.7979166666667,0,0,1,0,-0.748357098191777,-1.21327201265627
44.73,0,0,1,0,-1.61867117709498,-0.870314078903207
59.92375,1,0,1,0,-0.0416753860242021,1.57699579107078
55.2733333333333,1,0,1,0,-0.0998217513383244,-0.0581463653141223
63.4591666666667,1,0,1,0,-0.0556091976113453,0.0442125537269791
49.4083333333333,1,0,1,0,0.0223154662102108,0.0779246638215561
59.4970833333333,1,0,1,0,-0.309496147749812,-0.331811613960023
54.7479166666667,0,0,1,0,-0.964093512437779,-0.654597364687967
43.27625,0,0,1,0,-1.93047109750243,-0.966377585064648
58.60375,1,0,1,0,0.0916826466727582,2.02215374417519
65.0725,1,0,1,0,0.372138880520918,0.28045623384816
60.0191666666667,1,0,0,1,0.258284783571535,-0.113854096949383
50.47625,1,0,0,1,-1.70198339794448,-1.96026818151602
47.0025,1,0,0,1,-0.716987860783111,0.984995537161371
51.7933333333333,0,0,0,1,-0.900552813768678,-0.183564952985566
45.1854166666667,0,0,0,1,-1.55613795946144,-0.655585145692763
67.1220833333333,1,0,0,1,0.345233296464181,1.90137125592562
63.775,1,0,0,1,0.53160179297039,0.186368496506209
60.9508333333333,1,0,0,1,0.480712720069136,-0.0508890729012537
60.61,1,0,0,1,0.0659144471056887,-0.414798272963448
62.7266666666667,1,0,0,1,0.381954630166581,0.316040183060893
57.4754166666667,0,0,0,1,-0.826990998448188,-1.20894562861477
43.325,0,0,0,1,-1.43539942224928,-0.608408423801097
45.4895833333333,1,0,0,1,-1.41772459282693,0.0176748294223512
64.6066666666667,1,0,0,1,0.0297389971014721,1.44746358992841
61.9358333333333,1,0,0,1,0.569951011078206,0.540212013976734
61.3516666666667,1,0,0,1,0.511329939090933,-0.0586210719872725
57.2104166666667,1,0,0,1,0.112437653462049,-0.398892285628884
43.2983333333333,0,0,0,1,-1.11979830951007,-1.23223596297212
17.09125,0,0,0,1,-2.61138073614785,-1.49158242663778
57.9583333333333,1,0,0,1,-0.243003455999597,2.36837728014826
57.1104166666667,1,0,0,1,0.399254100284683,0.642257556284279
53.1833333333333,1,0,0,1,0.441389879819028,0.0421357795343454
46.1279166666667,1,0,0,1,-1.1446999901896,-1.58608987000863
50.3191666666667,1,0,0,1,-0.538744945255056,0.605955044934549
46.71125,0,0,0,1,-0.838640663827414,-0.299895718572359
43.4170833333333,0,0,0,1,-1.39619173582484,-0.557551071997421
55.13375,1,0,0,1,0.0469281042264739,1.44311984005131
54.6908333333333,1,0,0,1,0.153216681916458,0.106288577689985
59.57875,1,0,0,1,0.246516862555032,0.0933001806385735
54.88625,1,0,0,1,0.03474785268186,-0.211769009873172
54.8520833333333,1,0,0,1,0.0111389153407034,-0.0236089373411567
43.82625,0,0,0,1,-1.5931036613346,-1.60424257667531
28.1375,0,0,0,1,-2.14979263669826,-0.556688975363659
50.6508333333333,1,0,0,1,0.235851696163772,2.38564433286203
58.30875,1,0,0,1,0.516846826409187,0.280995130245415
51.4916666666667,1,0,0,1,0.352970108093119,-0.163876718316068
56.9225,1,0,0,1,0.4913658965306,0.138395788437481
50.5625,1,0,0,1,0.403539690750145,-0.0878262057804549
51.0558333333333,0,0,0,1,-0.79209135658139,-1.19563104733153
47.0125,0,0,0,1,-1.28186226410851,-0.489770907527122
55.5254166666667,1,0,0,1,0.362497865492364,1.64436012960088
51.9883333333333,1,0,0,1,0.400979686163726,0.0384818206713622
53.59,1,0,0,1,0.394058400778637,-0.00692128538508835
42.2791666666667,1,0,0,1,0.0219770524586464,-0.372081348319991
45.9879166666667,1,0,0,1,-0.248101882503583,-0.27007893496223
36.58125,0,0,0,1,-0.897447081300553,-0.649345198796969
31.4270833333333,0,0,0,1,-1.46269418938625,-0.565247108085693
40.6708333333333,1,0,0,1,-0.258828043671212,1.20386614571503
50.9166666666667,1,0,0,1,0.41007468349213,0.668902727163343
49.0258333333333,1,0,0,1,0.664941393429126,0.254866709936995
45.4095833333333,1,0,0,1,0.310693815192845,-0.354247578236281
38.26625,1,0,0,1,-0.273364970818816,-0.584058786011661
17.1270833333333,0,0,0,1,-1.46652683883948,-1.19316186802067
31.6233333333333,0,0,0,1,-1.82528614323431,-0.358759304394825
46.1195833333333,1,0,0,1,0.100722298168722,1.92600844140303
50.1579166666667,1,0,0,1,0.367256116741227,0.266533818572505
48.8445833333333,1,0,0,1,0.26806463875382,-0.0991914779874065
54.13625,1,0,0,1,0.314651430410545,0.0465867916567246
47.27875,1,0,0,1,-0.0594793705300681,-0.374130800940613
46.4229166666667,0,0,0,1,-1.31509008155507,-1.255610711025
46.2570833333333,0,0,0,1,-1.60055832599441,-0.285468244439347
53.03625,1,0,0,1,0.130126532403482,1.7306848583979
46.55375,1,0,0,1,0.0143020932349526,-0.115824439168529
50.63125,1,0,0,1,0.190022395240371,0.175720302005419
51.9791666666667,1,0,0,1,0.290572330055345,0.100549934814974
47.00125,1,0,0,1,0.249110076785805,-0.0414622532695398
42.70875,0,0,0,1,-0.813494185266783,-1.06260426205259
31.1245833333333,0,0,0,1,-1.72841866281776,-0.91492447755098
38.1079166666667,1,0,0,1,-0.421399562008037,1.30701910080973
36.4783333333333,1,0,0,1,-0.84649580966542,-0.425096247657383
39.9004166666667,1,0,0,1,-0.32577347448729,0.52072233517813
36.8929166666667,1,0,0,1,-0.249264658052116,0.0765088164351738
55.4545833333333,1,0,0,1,0.157567446816534,0.40683210486865
50.89,0,0,0,1,-0.72273962226365,-0.880307069080184
39.86125,0,0,0,1,-1.36297015322363,-0.640230530959984
44.1808333333333,1,0,0,1,0.336393251270148,1.69936340449378
54.2554166666667,1,0,0,1,0.429843582374771,0.0934503311046236
52.615,1,0,0,1,0.310328694106481,-0.11951488826829
52.2625,1,0,0,1,0.350432373439769,0.040103679333288
54.9654166666667,1,0,0,1,-0.0460390499439005,-0.39647142338367
49.5225,0,0,0,1,-0.986572628091179,-0.940533578147279
45.29125,0,0,0,1,-1.37612686119856,-0.389554233107381
58.0008333333333,1,0,0,1,0.324610524179417,1.70073738537798
59.2391666666667,1,0,0,1,0.239875083975957,-0.08473544020346
66.715,1,0,0,1,0.534726065085736,0.294850981109779
57.29,1,0,0,1,0.693841846509754,0.159115781424019
50.1129166666667,1,0,0,1,0.333346942833957,-0.360494903675797
47.6170833333333,0,0,0,1,-0.722731071087492,-1.05607801392145
26.47,0,0,0,1,-1.75837895438069,-1.03564788329319
50.5966666666667,1,0,0,1,-0.23849365608608,1.51988529829461
56.0270833333333,1,0,0,1,0.366448795480804,0.604942451566884
53.6475,1,0,0,1,0.517945457011804,0.151496661531
56.2279166666667,1,1,0,0,0.68507552701877,0.167130070006966
57.5670833333333,1,1,0,0,0.477560317414846,-0.207515209603924
54.8829166666667,0,1,0,0,-0.656770045115873,-1.13433036253072
52.0458333333333,0,1,0,0,-1.14130367220256,-0.484533627086685
48.7354166666667,1,1,0,0,0.739561708719611,1.88086538092217
38.6770833333333,1,1,0,0,-0.108921992594672,-0.848483701314283
49.605,1,1,0,0,-0.215461354272703,-0.106539361678031
55.6441666666667,1,1,0,0,0.147941047264768,0.36340240153747
57.9241666666667,1,1,0,0,0.838185503498688,0.69024445623392
50.6783333333333,0,1,0,0,-0.354462256578798,-1.19264776007749
31.4841666666667,0,1,0,0,-0.996932621102553,-0.642470364523755
34.9404166666667,1,1,0,0,0.0937697786033853,1.09070239970594
49.5658333333333,1,1,0,0,0.0424354382370105,-0.0513343403663748
56.725,1,1,0,0,-0.0267552578775956,-0.069190696114606
49.1379166666667,1,1,0,0,0.445700456196702,0.472455714074298
56.3820833333333,1,1,0,0,0.694138593518063,0.248438137321361
43.8620833333333,0,1,0,0,-0.332601818132733,-1.0267404116508
43.9170833333333,0,1,0,0,-0.801938931969766,-0.469337113837033
50.7304166666667,1,1,0,0,0.861059662874391,1.66299859484416
52.21,1,1,0,0,0.847479761871293,-0.0135799010030987
53.1491666666667,1,1,0,0,0.770146913297103,-0.0773328485741899
49.3,1,1,0,0,0.692664238156222,-0.0774826751408805
48.5966666666667,1,1,0,0,0.901130163937021,0.208465925780798
46.21875,0,1,0,0,-0.287461155955796,-1.18859131989282
42.9570833333333,0,1,0,0,-1.02825384054019,-0.740792684584391
58.62,1,1,0,0,0.764924022352492,1.79317786289268
61.90125,1,1,0,0,1.11403610300541,0.349112080652914
56.41625,1,1,0,0,1.00738993517369,-0.106646167831711
53.1654166666667,1,1,0,0,1.00819143293695,0.000801497763255554
55.9358333333333,1,1,0,0,0.78696797851457,-0.22122345442238
51.1720833333333,0,1,0,0,-0.306945042924883,-1.09391302143945
40.6145833333333,0,1,0,0,-0.941129665125967,-0.634184622201084
47.63875,1,1,0,0,-1.19882685549671,-0.257697190370747
51.2566666666667,1,1,0,0,0.349423935068567,1.54825079056528
55.5354166666667,1,1,0,0,0.752095174739343,0.402671239670776
48.37875,1,1,0,0,0.011891240388562,-0.740203934350781
59.8820833333333,1,1,0,0,0.287038937506198,0.275147697117637
49.125,0,1,0,0,-0.874615136430161,-1.16165407393636
45.735,0,1,0,0,-1.02356757478445,-0.148952438354292
53.355,1,1,0,0,0.0966004821291048,1.12016805691356
47.7745833333333,1,1,0,0,-0.023488805621276,-0.120089287750381
60.5020833333333,1,1,0,0,0.815537872422176,0.839026678043452
57.67125,1,1,0,0,0.927117016381485,0.111579143959309
52.2491666666667,1,1,0,0,0.922351288001211,-0.00476572838027467
41.09875,0,1,0,0,-0.267141162521045,-1.18949245052226
40.5295833333333,0,1,0,0,-1.01436952800107,-0.747228365480026
51.7320833333333,1,1,0,0,0.780243729205666,1.79461325720674
47.04125,1,1,0,0,0.407290157365005,-0.372953571840661
69.1858333333333,1,1,0,0,0.689152492982957,0.281862335617952
60.7166666666667,1,1,0,0,0.914670957192945,0.225518464209988
56.03625,1,1,0,0,0.953276631221264,0.0386056740283189
50.46125,0,1,0,0,-0.261562324794694,-1.21483895601596
44.2683333333333,0,1,0,0,-1.03151594644152,-0.769953621646829
47.4633333333333,1,1,0,0,0.152700201449484,1.18421614789101
57.51375,1,1,0,0,0.352583692109396,0.199883490659912
54.7575,1,1,0,0,1.20759064075279,0.85500694864339
51.80625,1,1,0,0,1.16604077996058,-0.0415498607922078
59.545,1,1,0,0,1.13984146218826,-0.0261993177723181
46.64375,0,1,0,0,0.109465315802381,-1.03037614638588
39.0835416666667,0,1,0,0,-0.604847607231818,-0.714312923034198
55.0958333333333,1,1,0,0,0.957255541952067,1.56210314918388
47.6358333333333,1,1,0,0,0.155243382143878,-0.802012159808189
62.7108333333333,1,1,0,0,1.3377126038162,1.18246922167232
58.2566666666667,1,1,0,0,1.13237447453197,-0.205338129284229
54.5154166666667,1,1,0,0,1.14310620231631,0.0107317277843419
52.3729166666667,0,1,0,0,0.0859427756397748,-1.05716342667653
40.7141666666667,0,1,0,0,-0.50812703659517,-0.594069812234945
56.5075,1,1,0,0,1.15893865031083,1.667065686906
59.095,1,1,0,0,1.25374498407795,0.0948063337671146
68.9958333333333,1,1,0,0,1.45453948664571,0.200794502567762
59.3795833333333,1,1,0,0,1.36842419067387,-0.0861152959718414
48.1991666666667,1,1,0,0,0.872051922906517,-0.49637226776735
51.5179166666667,0,1,0,0,0.19300874960312,-0.679043173303397
50.5466666666667,0,1,0,0,-0.184770637620321,-0.377779387223441
69.1241666666667,1,1,0,0,1.65924288431682,1.84401352193714
66.8216666666667,1,1,0,0,1.73507655132575,0.0758336670089339
67.7408333333333,1,1,0,0,1.57080011552835,-0.164276435797403
66.7516666666667,1,1,0,0,1.69068306641427,0.119882950885917
63.2725,1,1,0,0,1.78562158879018,0.0949385223759098
49.8025,0,1,0,0,0.570180780358729,-1.21544080843145
46.01,0,1,0,0,0.0276067280077202,-0.542574052351008
57.42375,1,1,0,0,1.55703465626614,1.52942792825842
64.1816666666667,1,1,0,0,1.84680003964991,0.289765383383774
65.1316666666667,1,1,0,0,1.87644126488987,0.0296412252399609
55.8775,1,1,0,0,1.71031493143383,-0.166126333456037
54.93125,1,1,0,0,1.15383589798415,-0.556479033449682
42.4375,0,1,0,0,-0.289510034537613,-1.44334593252177
23.7766666666667,0,1,0,0,-1.80640863419829,-1.51689859966068
67.62375,1,1,0,0,1.20355380716807,3.00996244136636
54.6366666666667,1,1,0,0,1.38001500744679,0.176461200278715
54.6733333333333,1,1,0,0,1.36950518328953,-0.0105098241572563
62.3470833333333,1,0,0,0,1.20103656464799,-0.168468618641537
53.0820833333333,1,0,0,0,1.32813244028217,0.127095875634181
47.3333333333333,0,0,0,0,-0.581501763581826,-1.909634203864
40.7233333333333,0,0,0,0,-1.02956014137588,-0.448058377794051
50.6475,1,0,0,0,0.761481840064715,1.79104198144059
58.08375,1,0,0,0,0.9445428055269,0.183060965462185
46.7308333333333,1,0,0,0,1.01792011600918,0.0733773104822781
43.7633333333333,1,0,0,0,0.629312121137046,-0.388607994872131
50.3745833333333,1,0,0,0,0.059473149919312,-0.569838971217734
43.0104166666667,0,0,0,0,-0.0149675703220434,-0.0744407202413555
35.7308333333333,0,0,0,0,-0.154953545918301,-0.139985975596258
49.3404166666667,1,0,0,0,1.38908714152108,1.54404068743938
50.2004166666667,1,0,0,0,0.489179778978373,-0.899907362542705
45.3441666666667,1,0,0,0,0.709968557926511,0.220788778948138
48.1970833333333,1,0,0,0,1.0184578709246,0.308489312998091
33.2183333333333,1,0,0,0,1.69491357645567,0.67645570553107
47.1266666666667,0,0,0,0,-0.363289629190975,-2.05820320564665
49.40375,0,0,0,0,-0.823639654469811,-0.460350025278836
53.9558333333333,1,0,0,0,1.05743302639687,1.88107268086668
52.0804166666667,1,0,0,0,1.22952750057813,0.172094474181262
46.0366666666667,1,0,0,0,1.46048468233095,0.230957181752823
44.23375,1,0,0,0,1.43286278907866,-0.0276218932522942
41.6775,1,0,0,0,0.811719617824196,-0.621143171254462
26.5483333333333,0,0,0,0,-1.06071984214083,-1.87243945996503
14.555,0,0,0,0,-1.50932579297252,-0.448605950831686
26.874375,1,0,0,0,-1.46470166888046,0.0446241240920586
39.19375,1,0,0,0,-0.256463112662727,1.20823855621773
39.3816666666667,1,0,0,0,0.0250481746523349,0.281511287315062
31.9366666666667,1,0,0,0,-1.06666549931891,-1.09171367397124
37.5979166666667,1,0,0,0,-0.434958162802897,0.631707336516009
38.975,0,0,0,0,-0.237009718455941,0.197948444346956
14.8975,0,0,0,0,-1.11560496594777,-0.878595247491827
28.3904166666667,1,0,0,0,1.00643209604662,2.12203706199439
24.9391666666667,1,0,0,0,0.182023600772898,-0.824408495273721
37.6420833333333,1,0,0,0,-0.106720201481958,-0.288743802254857
41.8004166666667,1,0,0,0,-0.173340769374553,-0.0666205678925941
44.7929166666667,1,0,0,0,0.265093284936649,0.438434054311202
23.87125,0,0,0,0,-0.255961692736282,-0.521054977672932
33.2,0,0,0,0,-0.66361772581596,-0.407656033079677
46.3904166666667,1,0,0,0,1.58110397121541,2.24472169703137
36.6479166666667,1,0,0,0,1.45170949647281,-0.129394474742606
44.43875,1,0,0,0,1.34380825169297,-0.107901244779841
41.1575,1,0,0,0,0.191675932672847,-1.15213231902012
37.51375,1,0,0,0,0.27496659157881,0.0832906589059627
41.55875,0,0,0,0,0.118125671948394,-0.156840919630416
38.1041666666667,0,0,0,0,0.036456097917609,-0.0816695740307853
49.7341666666667,1,0,0,0,1.77290380171876,1.73644770380115
55.595,1,0,0,0,1.91093420422556,0.138030402506796
39.9620833333333,1,0,0,0,1.54311918383291,-0.367815020392646
41.1516666666667,1,0,0,0,1.32979518877005,-0.213323995062854
44.8566666666667,1,0,0,0,0.897906447747128,-0.431888741022926
38.8720833333333,0,0,0,0,-0.347070774769333,-1.24497722251646
22.6625,0,0,0,0,-1.48763019098254,-1.14055941621321
44.545,1,0,0,0,1.46744908910932,2.95507928009186
53.8825,1,0,0,0,1.89213431545155,0.424685226342228
47.4979166666667,1,0,0,0,1.83492443153057,-0.05720988392098
50.255,1,0,0,0,1.09486583427829,-0.74005859725228
50.9920833333333,1,0,0,0,1.67690367872624,0.582037844447953
47.4045833333333,0,0,0,0,0.76961995284256,-0.907283725883679
40.7191666666667,0,0,0,0,-0.0649099613872146,-0.834529914229775
47.57125,1,0,0,0,1.06597833354724,1.13088829493445
47.4216666666667,1,0,0,0,1.23870053529566,0.172722201748424
53.7008333333333,1,0,0,0,1.38505220698525,0.146351671689589
72.2733333333333,1,0,0,0,1.81340852302161,0.428356316036361
67.4954166666667,1,0,0,0,1.93794078769531,0.124532264673697
62.7175,0,0,0,0,0.845283884117004,-1.09265690357831
48.455,0,0,0,0,0.0375311833377053,-0.807752700779299
51.0971875,1,0,0,0,1.76882631366602,1.73129513032832
53.739375,1,0,0,0,2.04317127353861,0.274344959872582
56.3815625,1,0,0,0,1.90403867501879,-0.13913259851982
59.02375,1,0,0,0,1.80068063653026,-0.103358038488524
74.2004166666667,1,0,0,0,1.74307555135727,-0.0576050851729908
53.9095833333333,0,0,0,0,0.70293198957983,-1.04014356177744
51.3795833333333,0,0,0,0,0.0498361185455413,-0.653095871034289
57.4497916666667,1,0,0,0,1.87464439177679,1.82480827323125
63.52,1,0,0,0,1.59850576385889,-0.276138627917898
43.8320833333333,1,0,0,0,0.256207665986832,-1.34229809787206
56.9045833333333,1,0,0,0,1.44364657927864,1.18743891329181
40.6141666666667,1,0,0,0,1.21769236696237,-0.225954212316268
36.99625,0,0,0,0,-0.141909548188519,-1.35960191515089
41.4375,0,0,0,0,-1.17328016800354,-1.03137061981502
50.0691666666667,1,0,0,0,0.645426541189192,1.81870670919273
41.3545833333333,1,0,0,0,0.382718691344358,-0.262707849844834
38.905,1,0,0,0,0.511877281065344,0.129158589720986
46.36375,1,0,0,0,0.496907688443193,-0.0149695926221508
35.1325,1,0,0,0,0.153416267374607,-0.343491421068586
34.1604166666667,0,0,0,0,-0.74038930134318,-0.893805568717787
32.0420833333333,0,0,0,0,-0.523622582207653,0.216766719135527
45.5975,1,0,0,0,1.40460480184823,1.92822738405589
41.8870833333333,1,0,0,0,1.19059879032464,-0.214006011523589
44.8920833333333,1,0,0,0,1.41796113999855,0.227362349673912
52.0854166666667,1,0,1,0,1.28228649011053,-0.135674649888025
44.76875,1,0,1,0,1.30956625190447,0.0272797617939411
43.0041666666667,0,0,1,0,-0.195020481054655,-1.50458673295913
30.2704166666667,0,0,1,0,-0.435344382581514,-0.240323901526859
40.4816666666667,1,0,1,0,0.947498029659809,1.38284241224132
48.69375,1,0,1,0,1.19172169193036,0.244223662270548
41.7891666666667,1,0,1,0,1.00256141681802,-0.189160275112335
52.9258333333333,1,0,1,0,0.834925521695434,-0.167635895122588
42.0933333333333,1,0,1,0,1.06800717198235,0.233081650286919
34.40875,0,0,1,0,-0.314917857689676,-1.38292502967203
32.6225,0,0,1,0,-0.944150398733955,-0.629232541044279
42.0295833333333,1,0,1,0,0.693310539087833,1.63746093782179
49.00125,1,0,1,0,1.01782669785079,0.324516158762955
49.51875,1,0,1,0,1.1446038990813,0.126777201230511
46.9954166666667,1,0,1,0,1.02882492013819,-0.115778978943111
42.8383333333333,1,0,1,0,0.695748629928503,-0.333076290209685
48.9904166666667,0,0,1,0,-0.430917877831777,-1.12666650776028
23.30625,0,0,1,0,-0.851045602745148,-0.420127724913371
38.8241666666667,1,0,1,0,0.809828738453928,1.66087434119908
36.5825,1,0,1,0,0.729076482897521,-0.0807522555564064
48.3775,1,0,1,0,0.926384478271437,0.197307995373915
40.3208333333333,1,0,1,0,0.841217645435687,-0.0851668328357499
41.9933333333333,1,0,1,0,0.79925421501247,-0.0419634304232169
30.3445833333333,0,0,1,0,-0.257419920903926,-1.0566741359164
18.6647916666667,0,0,1,0,-1.12212519069538,-0.864705269791455
37.93,1,0,1,0,0.533346410108296,1.65547160080368
40.8616666666667,1,0,1,0,0.448668850120426,-0.0846775599878697
37.5095833333333,1,0,1,0,0.139491561023158,-0.309177289097267
35.0079166666667,1,0,1,0,-0.468184872459284,-0.607676433482442
37.7695833333333,1,0,1,0,-0.278549738628645,0.189635133830639
12.6204166666667,0,0,1,0,-1.4582764687844,-1.17972673015576
18.06125,0,0,1,0,-1.59781001544143,-0.139533546657024
37.2116666666667,1,0,1,0,0.249351405236388,1.84716142067782
45.9683333333333,1,0,1,0,0.943674889616383,0.694323484379996
49.23875,1,0,1,0,0.755637111643066,-0.188037777973317
61.0479166666667,1,0,1,0,0.985898230002023,0.230261118358957
46.0033333333333,1,0,1,0,-0.969234308261343,-1.95513253826337
32.7566666666667,0,0,1,0,-0.998821104468664,-0.0295867962073215
26.0504166666667,0,0,1,0,-1.2948815811398,-0.296060476671137
23.2458333333333,1,0,1,0,-1.52939705507143,-0.234515473931628
43.3041666666667,1,0,1,0,-0.0488203768776423,1.48057667819379
55.72875,1,0,1,0,1.05072701542865,1.09954739230629
62.1020833333333,1,0,1,0,0.800629915024386,-0.250097100404263
55.9991666666667,1,0,1,0,0.757673185610209,-0.0429567294141767
41.2608333333333,0,0,1,0,-0.447018353114322,-1.20469153872453
36.1045833333333,0,0,1,0,-1.19658858828102,-0.749570235166694
52.58625,1,0,1,0,0.187688984082143,1.38427757236316
49.9479166666667,1,0,1,0,0.482958881835995,0.295269897753853
53.9204166666667,1,0,1,0,0.42298368090014,-0.0599752009358558
53.2025,1,0,1,0,0.297929681543931,-0.125053999356209
58.1079166666667,1,0,1,0,0.597168974416127,0.299239292872196
43.1429166666667,0,0,1,0,-0.74726708326806,-1.34443605768419
42.7204166666667,0,0,1,0,-1.35985993821368,-0.612592854945616
51.1025,1,0,1,0,0.277577075968537,1.63743701418221
60.4495833333333,1,0,1,0,0.675235580260906,0.397658504292369
46.43875,1,0,1,0,0.191414737385498,-0.483820842875408
42.0745833333333,1,0,1,0,0.0307674595922247,-0.160647277793273
59.28375,1,0,1,0,-0.0561658905706921,-0.0869333501629168
38.1220833333333,0,0,1,0,-0.93950183633292,-0.883335945762228
21.44375,0,0,1,0,-1.63987054225478,-0.700368705921863
34.435,1,0,1,0,-0.383142754691909,1.25672778756287
37.0185416666667,1,0,1,0,-1.73813247123599,-1.35498971654408
39.6020833333333,1,0,1,0,-0.0516701763140451,1.68646229492195
52.6741666666667,1,0,1,0,0.50795236624854,0.559622542562585
51.1633333333333,1,0,1,0,0.128776049227493,-0.379176317021046
43.97,0,0,1,0,-0.726820272845232,-0.855596322072725
40.1070833333333,0,0,1,0,-1.28792482155962,-0.561104548714386
51.7604166666667,1,0,1,0,0.4655889476132,1.75351376917282
45.4825,1,0,1,0,0.126175998620158,-0.339412948993042
47.7229166666667,1,0,1,0,0.462691686466286,0.336515687846128
43.2958333333333,1,0,1,0,-0.0343112686340579,-0.497002955100343
46.0933333333333,1,0,1,0,-0.546427165660355,-0.512115897026297
33.6004166666667,0,0,1,0,-1.61112677814182,-1.06469961248147
27.2216666666667,0,0,1,0,-1.63832948266842,-0.0272027045265926
41.8625,1,0,1,0,-0.227874446259075,1.41045503640934
48.7241666666667,1,0,1,0,0.164885178570946,0.392759624830021
51.4475,1,0,1,0,-0.275371588399558,-0.440256766970505
33.5875,1,0,1,0,-2.06396647888767,-1.78859489048811
31.85875,1,0,1,0,-0.81584145615511,1.24812502273256
35.92625,0,0,1,0,-1.11701266048517,-0.301171204330063
27.60125,0,0,1,0,-1.92524141486232,-0.808228754377148
48.8358333333333,1,0,1,0,-0.095903097348349,1.82933831751397
47.2854166666667,1,0,1,0,0.213858235538857,0.309761332887206
54.0358333333333,1,0,1,0,0.00789069772184235,-0.205967537817015
44.12,1,0,1,0,-0.343183600206384,-0.351074297928226
36.11625,1,0,1,0,-0.341272926333393,0.00191067387299071
25.9675,0,0,1,0,-1.26863755736467,-0.927364631031282
20.0504166666667,0,0,1,0,-1.63066049262125,-0.362022935256578
30.3904166666667,1,0,1,0,-1.88423438321308,-0.253573890591827
45.93,1,0,1,0,-0.532949878502029,1.35128450471105
56.8679166666667,1,0,1,0,0.17873585384045,0.711685732342479
53.41,1,0,1,0,0.281288089944056,0.102552236103606
43.8554166666667,1,0,0,1,-0.585604375709681,-0.866892465653737
44.6758333333333,0,0,0,1,-1.37523012749368,-0.789625751783997
34.23,0,0,0,1,-1.33302648855119,0.0422036389424845
41.73,1,0,0,1,0.289497708552594,1.62252419710379
46.4170833333333,1,0,0,1,0.0553999079528377,-0.234097800599756
41.0525,1,0,0,1,0.335848423005711,0.280448515052873
38.3275,1,0,0,1,-0.908589928406244,-1.24443835141195
38.5541666666667,1,0,0,1,-0.735788279221966,0.172801649184277
19.51375,0,0,0,1,-1.63576824739075,-0.89997996816878
20.1875,0,0,0,1,-1.63605959313139,-0.000291345740640825
52.6070833333333,1,0,0,1,0.283559960345851,1.91961955347724
53.7208333333333,1,0,0,1,0.339490774727441,0.0559308143815899
48.0045833333333,1,0,0,1,0.351780024780965,0.012289250053524
42.7783333333333,1,0,0,1,0.321397447629158,-0.0303825771518064
43.0783333333333,1,0,0,1,0.0992975794445674,-0.222099868184591
42.7945833333333,0,0,0,1,-1.27716193074918,-1.37645951019375
19.02875,0,0,0,1,-2.08147902899192,-0.804317098242735
34.275,1,0,0,1,-0.157198913530516,1.9242801154614
58.2983333333333,1,0,0,1,0.222806284633079,0.380005198163595
59.2283333333333,1,0,0,1,0.376476807618781,0.153670522985701
52.9670833333333,1,0,0,1,0.211438410514344,-0.165038397104437
46.5779166666667,1,0,0,1,-0.445502767099309,-0.656941177613653
30.6170833333333,0,0,0,1,-1.32099577037291,-0.875493003273601
15.67625,0,0,0,1,-1.86723272674841,-0.546236956375497
33.2629166666667,1,0,0,1,-0.87383472471444,0.993398002033967
42.9204166666667,1,0,0,1,-0.472696521666812,0.401138203047628
46.645,1,0,0,1,0.354122648830189,0.826819170497
55.4670833333333,1,0,0,1,0.298162731833412,-0.0559599169967768
45.8783333333333,1,0,0,1,0.100738765446793,-0.197423966386619
37.4470833333333,0,0,0,1,-0.994461008639477,-1.09519977408627
30.87125,0,0,0,1,-1.70306808197816,-0.708607073338683
45.1929166666667,1,0,0,1,0.274236531779079,1.97730461375724
53.8670833333333,1,0,0,1,0.476709543531378,0.202473011752299
49.87125,1,0,0,1,0.270394899105074,-0.206314644426305
49.7029166666667,1,0,0,1,0.212896238093669,-0.057498661011405
49.7425,1,0,0,1,0.301592989317752,0.088696751224083
40.2554166666667,0,0,0,1,-0.999903058723197,-1.30149604804095
20.7029166666667,0,0,0,1,-1.65235345517993,-0.652450396456736
36.2045833333333,1,0,0,1,-0.473470820989442,1.17888263419049
50.8158333333333,1,0,0,1,0.050483913160511,0.523954734149953
41.1816666666667,1,0,0,1,0.0345075120804185,-0.0159764010800925
37.1395833333333,1,0,0,1,-0.303715174948583,-0.338222687029002
41.3075,1,0,0,1,0.300829786904633,0.604544961853216
31.2666666666667,0,0,0,1,-1.4289295543245,-1.72975934122913
25.2366666666667,0,0,0,1,-1.78593774598986,-0.357008191665361
40.7504166666667,1,0,0,1,-0.31296071216576,1.4729770338241
43.0933333333333,1,0,0,1,-0.0609809890980033,0.251979723067757
44.35875,1,0,0,1,0.1581557622416,0.219136751339604
45.1770833333333,1,0,0,1,-0.400994576217335,-0.559150338458936
50.1075,1,0,0,1,-0.016390602115646,0.384603974101689
35.9670833333333,0,0,0,1,-0.994644549101357,-0.978253946985711
20.4779166666667,0,0,0,1,-1.63106264291792,-0.636418093816559
35.41125,1,0,0,1,-0.565236976759193,1.06582566615872
50.275,1,0,0,1,-0.311271497279867,0.253965479479327
52.5391666666667,1,0,0,1,-0.145678441878219,0.165593055401648
48.8125,1,0,0,1,-0.0568826950874507,0.0887957467907682
48.19,1,0,0,1,-0.177859954625034,-0.120977259537583
44.1316666666667,0,0,0,1,-1.121489637778,-0.943629683152967
24.8466666666667,0,0,0,1,-1.77614903013526,-0.654659392357263
33.9125,1,0,0,1,-0.427218446263779,1.34893058387148
38.5804166666667,1,0,0,1,-0.0705449288735838,0.356673517390196
38.3891666666667,1,0,0,1,-0.300591763227566,-0.230046834353982
44.1229166666667,1,0,0,1,-0.110453934426561,0.190137828801005
42.0958333333333,1,0,0,1,-0.0930299703238342,0.0174239641027264
38.94,0,0,0,1,-1.20412434102212,-1.11109437069828
35.87875,0,0,0,1,-1.68852609551472,-0.484401754492605
40.3241666666667,1,0,0,1,-0.132589125709901,1.55593696980482
34.9929166666667,1,0,0,1,-0.562030036905705,-0.429440911195805
46.8275,1,0,0,1,-0.0857196417588366,0.476310395146869
43.35,1,0,0,1,0.0027039979769586,0.0884236397357952
44.8320833333333,1,0,0,1,-0.109159181196323,-0.111863179173281
40.1004166666667,0,0,0,1,-1.20180597447213,-1.09264679327581
22.8208333333333,0,0,0,1,-2.18689168082811,-0.985085706355979
46.14875,1,0,0,1,-0.284777662736975,1.90211401809114
54.1520833333333,1,0,0,1,-0.144774874615646,0.140002788121328
44.785,1,0,0,1,-0.287767539913472,-0.142992665297826
53.4095833333333,1,0,0,1,0.223001100990638,0.51076864090411
48.4991666666667,1,0,0,1,0.0748975590055355,-0.148103541985103
44.81125,0,0,0,1,-1.19319122066282,-1.26808877966836
41.0608333333333,0,0,0,1,-1.81217360455327,-0.618982383890448
60.5745833333333,1,0,0,1,0.0936563550535839,1.90582995960686
59.2625,1,0,0,1,0.450957943905452,0.357301588851869
46.9975,1,0,0,1,0.00115099855843711,-0.449806945347015
47.7645833333333,1,0,0,1,0.137680596247096,0.136529597688659
53.34875,1,0,0,1,0.471759368161198,0.334078771914102
38.6720833333333,0,0,0,1,-1.13634153681146,-1.60810090497265
19.90375,0,0,0,1,-2.20477925489038,-1.06843771807892
42.7779166666667,1,0,0,1,-0.210285353477032,1.99449390141335
53.3154166666667,1,0,0,1,0.249330883678451,0.459616237155483
54.2929166666667,1,0,0,1,0.350055739214192,0.100724855535741
58.3241666666667,1,0,0,1,0.598466225214455,0.248410486000263
48.95125,1,0,0,1,0.396713206672616,-0.20175301854184
37.61,0,1,0,0,-0.649735372103726,-1.04644857877634
28.8270833333333,0,1,0,0,-1.42988178871153,-0.780146416607801
47.5645833333333,1,1,0,0,0.457653166820765,1.88753495553229
49.7154166666667,1,1,0,0,0.449874447785757,-0.00777871903500771
55.2770833333333,1,1,0,0,0.431236323781638,-0.0186381240041189
49.2283333333333,1,1,0,0,0.327105097214226,-0.104131226567412
49.29125,1,1,0,0,-0.0269984051164549,-0.354103502330681
41.0191666666667,0,1,0,0,-0.852594633655026,-0.825596228538572
35.4308333333333,0,1,0,0,-1.52404723727174,-0.671452603616716
55.1333333333333,1,1,0,0,0.352901716398074,1.87694895366982
56.3525,1,1,0,0,0.622201144675763,0.269299428277689
57.52375,1,1,0,0,0.865901240420613,0.24370009574485
44.9325,1,1,0,0,0.858006218176226,-0.00789502224438743
38.7741666666667,1,1,0,0,-0.176629364311427,-1.03463558248765
39.68125,0,1,0,0,-0.661642145583503,-0.485012781272076
28.8445833333333,0,1,0,0,-1.40471646165168,-0.743074316068175
52.9316666666667,1,1,0,0,0.458221459482522,1.8629379211342
54.8804166666667,1,1,0,0,0.533849826426174,0.0756283669436515
49.41625,1,1,0,0,0.566271772049899,0.0324219456237257
44.3341666666667,1,1,0,0,0.620591393184911,0.0543196211350117
47.7958333333333,1,1,0,0,0.668477342575328,0.0478859493904169
39.37125,0,1,0,0,-0.621374619978093,-1.28985196255342
26.1675,0,1,0,0,-0.978061618831438,-0.356686998853345
41.405,1,1,0,0,0.165091819794961,1.1431534386264
44.6066666666667,1,1,0,0,0.547131368989899,0.382039549194939
51.74875,1,1,0,0,0.880808277649024,0.333676908659124
47.4366666666667,1,1,0,0,0.536718756480043,-0.344089521168981
40.4145833333333,1,1,0,0,0.479804253537319,-0.0569145029427237
34.9491666666667,0,1,0,0,-0.56328505251194,-1.04308930604926
27.3620833333333,0,1,0,0,-1.27769495181165,-0.71440989929971
49.99,1,1,0,0,0.719566038080734,1.99726098989238
46.0225,1,1,0,0,0.839185678266078,0.119619640185344
34.5875,1,1,0,0,-1.50270420886385,-2.34188988712992
47.29375,1,1,0,0,0.372502810059216,1.87520701892306
34.3733333333333,1,1,0,0,0.536616958834763,0.164114148775547
35.9395833333333,0,1,0,0,-0.397295604760683,-0.933912563595446
31.7379166666667,0,1,0,0,-1.05557367491765,-0.658278070156963
43.8633333333333,1,1,0,0,0.460971931743585,1.51654560666123
53.1541666666667,1,1,0,0,0.613827606933822,0.152855675190237
63.42,1,1,0,0,0.935099097284661,0.321271490350839
46.8375,1,1,0,0,0.837529914824855,-0.0975691824598064
47.9091666666667,1,1,0,0,0.680779701968838,-0.156750212856017
29.7295833333333,0,1,0,0,-0.5802283981697,-1.26100810013854
34.4375,0,1,0,0,-1.18233502672571,-0.60210662855601
49.62625,1,1,0,0,0.956715784413463,2.13905081113917
41.0779166666667,1,1,0,0,0.41677029979322,-0.539945484620243
39.24875,1,1,0,0,0.679955723363995,0.263185423570775
46.1833333333333,1,1,0,0,0.474658023802962,-0.205297699561033
49.3370833333333,1,1,0,0,0.523597692102368,0.0489396682994054
44.8141666666667,0,1,0,0,-0.436210393653358,-0.959808085755726
34.265,0,1,0,0,-1.05052359573929,-0.614313202085933
55.9154166666667,1,1,0,0,0.780920703232522,1.83144429897181
56.7720833333333,1,1,0,0,1.0863500526924,0.305429349459876
60.28,1,1,0,0,1.25215362034133,0.165803567648927
55.0941666666667,1,1,0,0,1.02772032378845,-0.224433296552876
47.415,1,1,0,0,1.16572533229478,0.138005008506332
33.3454166666667,0,1,0,0,0.178865252457823,-0.986860079836957
38.95875,0,1,0,0,-0.610016115964498,-0.788881368422321
51.2991666666667,1,1,0,0,-1.09721896919259,-0.487202853228091
55.9570833333333,1,1,0,0,1.40786248140107,2.50508145059365
43.7725,1,1,0,0,0.798583820117287,-0.609278661283778
33.92625,1,1,0,0,0.0556788661213513,-0.742904953995936
39.9554166666667,1,1,0,0,0.0162937470015311,-0.0393851191198202
37.5,0,1,0,0,-0.256279564611116,-0.272573311612647
31.60625,0,1,0,0,-0.576584805183592,-0.320305240572476
43.17,1,1,0,0,1.19190009561818,1.76848490080177
38.4641666666667,1,1,0,0,1.16550847736608,-0.0263916182521016
33.7533333333333,1,1,0,0,0.666288094715083,-0.499220382650994
48.0379166666667,1,1,0,0,0.68530113850377,0.0190130437886876
51.0129166666667,1,1,0,0,1.20807193455123,0.522770796047463
46.705,0,1,0,0,0.159353565011025,-1.04871836954021
30.98625,0,1,0,0,-0.279330742530096,-0.438684307541122
50.1983333333333,1,1,0,0,1.42631836901629,1.70564911154639
47.9279166666667,1,1,0,0,1.49356941995352,0.0672510509372248
55.67125,1,1,0,0,1.53800310943934,0.044433689485827
57.9116666666667,1,1,0,0,1.63824288367818,0.100239774238836
56.6716666666667,1,1,0,0,1.69645394206686,0.0582110583886835
53.11875,0,1,0,0,0.293595036190981,-1.40285890587588
44.6029166666667,0,1,0,0,-0.0737959825586452,-0.367391018749627
56.56,1,1,0,0,1.54095784455376,1.6147538271124
48.73625,1,1,0,0,1.5813275297846,0.0403696852308379
44.0016666666667,1,1,0,0,1.52274580153644,-0.0585817282481598
42.7866666666667,1,1,0,0,1.51079520817937,-0.0119505933570685
50.5258333333333,1,1,0,0,1.3339665679925,-0.176828640186871
43.9329166666667,0,1,0,0,0.522028420453254,-0.811938147539243
19.18375,0,1,0,0,-1.21865137826797,-1.74067979872122
51.4704166666667,1,1,0,0,1.15284838946484,2.37149976773281
61.1745833333333,1,1,0,0,1.77847481431826,0.625626424853416
60.4475,1,1,0,0,1.91260832699414,0.134133512675886
50.8866666666667,1,1,0,0,1.38239772634261,-0.530210600651536
56.24,1,1,0,0,1.66601249663838,0.283614770295778
44.7808333333333,0,0,0,0,0.702348933490136,-0.963663563148248
42.50625,0,0,0,0,0.0550250542853586,-0.647323879204778
47.3866666666667,1,0,0,0,1.6516556478943,1.59663059360894
45.94625,1,0,0,0,1.61160830523734,-0.0400473426569594
57.8858333333333,1,0,0,0,1.74175286328362,0.130144558046273
56.47,1,0,0,0,1.71742672737142,-0.0243261359121942
62.7054166666667,1,0,0,0,1.5308672290629,-0.186559498308519
51.4304166666667,0,0,0,0,0.896215285013367,-0.634651944049536
34.7429166666667,0,0,0,0,-0.50014419385054,-1.39635947886391
64.1054166666667,1,0,0,0,1.40980942139405,1.90995361524459
69.6470833333333,1,0,0,0,1.85539824342202,0.445588822027969
74.3858333333333,1,0,0,0,2.09059258517047,0.235194341748455
73.6720833333333,1,0,0,0,2.0428735887949,-0.0477189963755738
53.3041666666667,1,0,0,0,1.30527362905671,-0.737599959738192
36.5908333333333,0,0,0,0,0.265185336256647,-1.04008829280006
32.9733333333333,0,0,0,0,-0.0875576260139026,-0.35274296227055
52.8470833333333,1,0,0,0,1.41841216455296,1.50596979056686
51.7245833333333,1,0,0,0,1.67257626081404,0.254164096261086
50.7708333333333,1,0,0,0,1.65354796071536,-0.0190283000986833
39.435,1,0,0,0,1.12327429598053,-0.530273664734834
40.65125,1,0,0,0,0.918203726766604,-0.205070569213921
37.9116666666667,0,0,0,0,0.00772420396931338,-0.91047952279729
18.61875,0,0,0,0,-0.940852880717841,-0.948577084687154
19.278125,1,0,0,0,-0.892059976413106,0.0487929043047353
19.9375,1,0,0,0,-1.27033914561395,-0.37827916920084
20.596875,1,0,0,0,-1.52769680539483,-0.257357659780887
21.25625,1,0,0,0,-0.55311321866298,0.974583586731852
27.5529166666667,1,0,0,0,-0.165910010263835,0.387203208399145
14.3454166666667,0,0,0,0,-0.968309584636425,-0.80239957437259
17.2608333333333,0,0,0,0,-2.00297278455809,-1.03466319992167
17.1225,1,0,0,0,-1.90438226580867,0.0985905187494158
16.9841666666667,1,0,0,0,-1.27019367049592,0.634188595312757
33.9975,1,0,0,0,-0.337077668001334,0.933116002494583
23.6779166666667,1,0,0,0,-0.310942084602766,0.0261355833985683
32.7645833333333,1,0,0,0,-0.437944422420081,-0.127002337817316
28.0841666666667,0,0,0,0,0.0388284839747085,0.47677290639479
31.0545833333333,0,0,0,0,-0.481563016516038,-0.520391500490747
44.16375,1,0,0,0,1.44508506203772,1.92664807855375
45.9483333333333,1,0,0,0,1.5252528472824,0.0801677852446865
51.4066666666667,1,0,0,0,1.43157360643956,-0.0936792408428408
40.9508333333333,1,0,0,0,1.33813565273945,-0.0934379537001073
52.7241666666667,1,0,0,0,1.41662427601905,0.0784886232795956
43.6295833333333,0,0,0,0,0.643158058160858,-0.773466217858191
38.5120833333333,0,0,0,0,0.06786268421488,-0.575295373945978
53.0708333333333,1,0,0,0,1.725300115074,1.65743743085912
59.48,1,0,0,0,1.9167887656784,0.1914886506044
56.8604166666667,1,0,0,0,1.97906716765919,0.0622784019807852
55.9054166666667,1,0,0,0,2.00108395603824,0.0220167883790552
51.8795833333333,1,0,0,0,1.67289724140223,-0.328186714636016
40.1395833333333,0,0,0,0,0.284863259489655,-1.38803398191257
35.1783333333333,0,0,0,0,-0.387292776201576,-0.672156035691231
39.0045833333333,1,0,0,0,1.10189372513941,1.48918650134099
52.1291666666667,1,0,0,0,1.73065190324016,0.628758178100749
58.1908333333333,1,0,0,0,2.00192704073782,0.271275137497665
58.5041666666667,1,0,0,0,2.003008190081,0.00108114934317038
57.0295833333333,1,0,0,0,1.8171595029063,-0.185848687174698
36.3779166666667,0,0,0,0,0.440766664139514,-1.37639283876678
34.3716666666667,0,0,0,0,-0.500706641323515,-0.941473305463029
42.2795833333333,1,0,0,0,0.939415631498763,1.44012227282228
35.3254166666667,1,0,0,0,0.396610632097114,-0.542804999401649
33.30375,1,0,0,0,-0.180403759238037,-0.577014391335151
24.6420833333333,1,0,0,0,-0.599846885595518,-0.419443126357482
40.93375,1,0,0,0,0.626036775213268,1.22588366080879
35.4029166666667,0,0,0,0,-0.0297987177853673,-0.655835492998635
28.8645833333333,0,0,0,0,-0.766894952841439,-0.737096235056072
36.9345833333333,1,0,0,0,-0.117424438118394,0.649470514723045
33.6329166666667,1,0,0,0,0.306781953060904,0.424206391179298
49.3108333333333,1,0,0,0,1.47124547638779,1.16446352332689
49.66875,1,0,0,0,1.44520538698867,-0.0260400893991248
46.36125,1,0,0,0,1.41313779233663,-0.0320675946520381
37.0866666666667,0,0,0,0,0.479369146285763,-0.933768646050865
31.7295833333333,0,0,0,0,-0.224584606071033,-0.703953752356796
32.7433333333333,1,0,0,0,0.377279684991942,0.601864291062975
46.3208333333333,1,0,0,0,1.36303397062233,0.985754285630387
55.7983333333333,1,0,0,0,1.67711202416473,0.314078053542404
42.0941666666667,1,0,0,0,1.31096930204361,-0.366142722121124
53.3479166666667,1,0,0,0,1.47435324032157,0.163383938277959
40.4579166666667,0,0,0,0,0.484407965661934,-0.989945274659634
36.6254166666667,0,0,0,0,-0.066161140305134,-0.550569105967068
51.57875,1,0,0,0,1.14762018822982,1.21378132853496
42.6475,1,0,0,0,1.17091079302059,0.0232906047907662
49.4379166666667,1,0,0,0,1.26143535819155,0.0905245651709639
55.9454166666667,1,0,0,0,1.38889620984556,0.127460851654009
48.47125,1,0,0,0,1.188104582847,-0.200791626998563
34.4025,0,0,0,0,0.00758633904140986,-1.18051824380559
39.2416666666667,0,0,0,0,-0.675368276294353,-0.682954615335763
56.4908333333333,1,0,0,0,1.09909898267143,1.77446725896579
61.9658333333333,1,0,0,0,1.4114123954329,0.312313412761464
70.4541666666667,1,0,0,0,1.45952651778138,0.0481141223484829
66.7845833333333,1,0,0,0,1.20701164163827,-0.252514876143108
63.74875,1,0,1,0,0.917752386211608,-0.289259255426663
34.89875,0,0,1,0,-0.224375464229608,-1.14212785044122
30.81375,0,0,1,0,-0.769526548329893,-0.545151084100285
39.7970833333333,1,0,1,0,0.840914858100053,1.61044140642995
39.6770833333333,1,0,1,0,0.852184796437865,0.0112699383378121
39.7783333333333,1,0,1,0,0.974130524838732,0.121945728400867
28.7533333333333,1,0,1,0,0.791631593555071,-0.182498931283661
27.6579166666667,1,0,1,0,0.0842870521651803,-0.70734454138989
33.1995833333333,0,0,1,0,-0.910968337835115,-0.995255390000296
24.2245833333333,0,0,1,0,-1.49057002258431,-0.579601684749197
48.1983333333333,1,0,1,0,0.500185651460705,1.99075567404502
56.975,1,0,1,0,1.00411786556978,0.503932214109074
62.785,1,0,1,0,1.37072221550838,0.366604349938599
53.5304166666667,1,0,1,0,1.33640422740597,-0.0343179881024098
44.8579166666667,1,0,1,0,0.931617575585254,-0.404786651820714
32.40375,0,0,1,0,-0.895718685110674,-1.82733626069593
8.44875,0,0,1,0,-1.61108255479823,-0.71536386968756
34.0083333333333,1,0,1,0,0.129545771701259,1.74062832649949
48.56,1,0,1,0,0.788566484388433,0.659020712687174
50.3516666666667,1,0,1,0,0.981342988782618,0.192776504394185
63.0566666666667,1,0,1,0,1.05036510140535,0.0690221126227351
39.9495833333333,1,0,1,0,0.0481977803036181,-1.00216732110174
13.0225,0,0,1,0,-1.65234068564731,-1.70053846595093
5.60166666666667,0,0,1,0,-2.12657705265668,-0.474236367009368
35.0945833333333,1,0,1,0,-0.393742667356121,1.73283438530056
43.02,1,0,1,0,0.275437788614612,0.669180455970733
45.08125,1,0,1,0,0.471374406214459,0.195936617599847
50.04375,1,0,1,0,0.372373281967465,-0.0990011242469934
45.4279166666667,1,0,1,0,-0.623038189097542,-0.995411471065007
38.0266666666667,0,0,1,0,-0.25228987581817,0.370748313279371
31.843125,0,0,1,0,-0.936999361168855,-0.684709485350685
27.0120833333333,1,0,1,0,-1.19802522792741,-0.261025866758556
45.5125,1,0,1,0,0.261187428561249,1.45921265648866
53.3520833333333,1,0,1,0,0.228192008776648,-0.0329954197846011
57.6508333333333,1,0,1,0,0.24989754503105,0.0217055362544016
55.9339583333333,1,0,1,0,0.381176848940498,0.131279303909448
54.2170833333333,0,0,1,0,-0.287212620839164,-0.668389469779662
33.5670833333333,0,0,1,0,-0.967027080715881,-0.679814459876717
45.6508333333333,1,0,1,0,0.501025308455531,1.46805238917141
48.3466666666667,1,0,1,0,0.334775997777406,-0.166249310678124
56.2745833333333,1,0,1,0,0.499888134854402,0.165112137076996
49.9166666666667,1,0,1,0,0.568317208478763,0.068429073624361
42.0079166666667,1,0,1,0,0.0866391003663336,-0.481678108112429
31.6170833333333,0,0,1,0,-1.2961186782501,-1.38275777861643
22.965,0,0,1,0,-1.67239187043604,-0.376273192185947
34.94625,1,0,1,0,-0.496883935279589,1.17550793515645
36.6345833333333,1,0,1,0,0.0564499043439452,0.553333839623534
33.8258333333333,1,0,1,0,-0.0804070702585741,-0.136856974602519
24.13625,1,0,1,0,-0.917450897528986,-0.837043827270412
34.5366666666667,1,0,1,0,-0.411736448541925,0.505714448987062
26.2045833333333,0,0,1,0,-1.0162266584812,-0.604490209939272
18.81625,0,0,1,0,-1.69661758405531,-0.680390925574114
39.78375,1,0,1,0,-0.128964269006984,1.56765331504833
30.7404166666667,1,0,1,0,-0.468301683008733,-0.339337414001749
33.49875,1,0,1,0,-0.237057716688953,0.23124396631978
31.2383333333333,1,0,1,0,-0.108174099401243,0.12888361728771
36.5408333333333,1,0,1,0,-0.284004636321804,-0.175830536920561
33.90875,0,0,1,0,-0.9805558837623,-0.696551247440497
24.8433333333333,0,0,1,0,-1.37262191996693,-0.392066036204631
39.3583333333333,1,0,1,0,-0.61911911831212,0.753502801654811
36.8066666666667,1,0,1,0,-0.0747685684017565,0.544350549910364
18.6158333333333,1,0,1,0,-1.66906761698934,-1.59429904858758
36.80875,1,0,1,0,-0.273712013343686,1.39535560364565
36.0304166666667,1,0,1,0,-0.131283080983201,0.142428932360485
28.4558333333333,0,0,1,0,-1.12292866102592,-0.991645580042715
11.46125,0,0,1,0,-1.70998827813622,-0.587059617110306
31.46375,1,0,1,0,-0.22964240896373,1.48034586917249
40.5145833333333,1,0,1,0,-0.0233577140732754,0.206284694890455
35.4691666666667,1,0,1,0,-0.395962325148553,-0.372604611075278
25.0483333333333,1,0,1,0,-1.6929776318599,-1.29701530671134
25.9658333333333,1,0,1,0,-0.870530156793533,0.822447475066364
22.3483333333333,0,0,1,0,-1.21357913171334,-0.343048974919805
15.125,0,0,1,0,-1.94912681760172,-0.735547685888378
29.2220833333333,1,0,1,0,-0.275247124783104,1.67387969281861
39.9195833333333,1,0,1,0,-0.258794698897713,0.0164524258853914
33.92875,1,0,1,0,-0.546209488752151,-0.287414789854438
37.53,1,0,1,0,-0.0574355282425721,0.488773960509579
44.14375,1,0,1,0,-0.108636463833181,-0.0512009355906091
38.4866666666667,0,0,1,0,-1.40372898648824,-1.29509252265506
23.2904166666667,0,0,1,0,-1.97769396674119,-0.573964980252949
34.8470833333333,1,0,1,0,-1.83849830518296,0.139195661558221
53.07375,1,0,1,0,-0.256732067524006,1.58176623765896
39.8175,1,0,1,0,-0.476821580772544,-0.220089513248538
41.1,1,0,1,0,-0.0340327332851504,0.442788847487393
54.29,1,0,1,0,-0.00252296870287688,0.0315097645822736
30.98,0,0,1,0,-1.32003908331453,-1.31751611461166
20.4541666666667,0,0,1,0,-1.65388982845724,-0.333850745142709
41.0841666666667,1,0,1,0,-0.0198197410320703,1.63407008742517
47.7479166666667,1,0,1,0,-0.133101854435162,-0.113282113403091
52.9829166666667,1,0,1,0,0.148071167847764,0.281173022282925
38.6070833333333,1,0,1,0,-0.602603270554753,-0.750674438402516
40.3491666666667,1,0,1,0,-1.04123751980054,-0.438634249245788
35.0420833333333,0,0,0,1,-1.65864042728396,-0.617402907483419
13.81125,0,0,0,1,-2.73107831514751,-1.07243788786355
32.0995833333333,1,0,0,1,-0.496480875932989,2.23459743921452
38.1016666666667,1,0,0,1,-0.332029516669677,0.164451359263312
37.13875,1,0,0,1,-0.162885116054056,0.169144400615621
34.9191666666667,1,0,0,1,-0.259287620452602,-0.0964025043985465
36.1916666666667,1,0,0,1,-0.190181367881103,0.0691062525714995
21.6870833333333,0,0,0,1,-1.36258041850809,-1.17239905062698
15.33,0,0,0,1,-1.80167554771883,-0.43909512921074
38.5195833333333,1,0,0,1,-0.0559235177831685,1.74575202993566
32.9445833333333,1,0,0,1,0.0791535919229713,0.13507710970614
29.7004166666667,1,0,0,1,-0.010396046472816,-0.0895496383957873
32.4016666666667,1,0,0,1,-0.334011992349419,-0.323615945876603
30.6245833333333,1,0,0,1,-0.619145652575162,-0.285133660225742
9.73458333333333,0,0,0,1,-1.56906671646231,-0.94992106388715
0.278333333333333,0,0,0,1,-2.24213488468483,-0.673068168222523
39.6358333333333,1,0,0,1,-0.377684670020766,1.86445021466407
55.4891666666667,1,0,0,1,-0.199414787507598,0.178269882513169
46.8125,1,0,0,1,-0.182010478752524,0.0174043087550738
53.4583333333333,1,0,0,1,0.0599852254144944,0.241995704167018
29.6516666666667,1,0,0,1,-0.538715104964638,-0.598700330379132
20.16625,0,0,0,1,-1.46348217991444,-0.924767074949802
11.4020833333333,0,0,0,1,-2.15467062771392,-0.691188447799484
36.3545833333333,1,0,0,1,-0.261447681671765,1.89322294604216
36.5783333333333,1,0,0,1,-0.203620465736004,0.0578272159357608
35.0675,1,0,0,1,-0.879848121249943,-0.676227655513939
38.3566666666667,1,0,0,1,-0.354596321164026,0.525251800085917
30.7691666666667,1,0,0,1,-0.341754454430887,0.0128418667331388
16.2858333333333,0,0,0,1,-1.11304275225635,-0.771288297825462
14.1929166666667,0,0,0,1,-1.91555547128629,-0.802512719029937
34.1366666666667,1,0,0,1,-0.723402399703412,1.19215307158287
35.6966666666667,1,0,0,1,-0.343443567824292,0.379958831879121
48.055,1,0,0,1,-0.0715594357454851,0.271884132078807
42.61125,1,0,0,1,-0.0577389841101907,0.0138204516352944
31.7175,1,0,0,1,-0.309399568278097,-0.251660584167906
28.99,0,0,0,1,-1.43949713013424,-1.13009756185615
16.3895833333333,0,0,0,1,-2.03292604285137,-0.593428912717124
31.0495833333333,1,0,0,1,-0.7173245607919,1.31560148205947
48.03,1,0,0,1,-0.492170946565113,0.225153614226787
34.7083333333333,1,0,0,1,-0.65868433894337,-0.166513392378258
38.365,1,0,0,1,-0.560761262621342,0.0979230763220281
35.6125,1,0,0,1,-0.644559207611706,-0.0837979449903634
28.64,0,0,0,1,-1.50577137111782,-0.861212163506111
27.91,0,0,0,1,-2.37246940053968,-0.866698029421859
42.1045833333333,1,0,0,1,-0.83258653550564,1.53988286503404
50.995,1,0,0,1,-0.638814808120717,0.193771727384924
45.5554166666667,1,0,0,1,-0.494779619681931,0.144035188438786
43.4179166666667,1,0,0,1,-0.491125335314972,0.00365428436695897
36.6795833333333,1,0,0,1,-0.962336038498908,-0.471210703183937
33.2770833333333,0,0,0,1,-1.56051610318767,-0.598180064688758
25.5541666666667,0,0,0,1,-2.11198521097578,-0.551469107788111
49.8766666666667,1,0,0,1,-0.676585987827714,1.43539922314806
54.05125,1,0,0,1,-0.430339422256839,0.246246565570875
51.51125,1,0,0,1,-0.29997392131954,0.130365500937298
49.075,1,0,0,1,-0.270423232176387,0.0295506891431534
47.5208333333333,1,0,0,1,-0.453795491920592,-0.183372259744205
39.2054166666667,0,0,0,1,-1.38367366771159,-0.929878175790998
27.6983333333333,0,0,0,1,-1.90336915355697,-0.519695485845377
47.2175,1,0,0,1,-0.298717293308314,1.60465186024865
30.1508333333333,1,0,0,1,-0.917611303650931,-0.618894010342616
36.2754166666667,1,0,0,1,-0.864558961975627,0.0530523416753036
36.825,1,0,0,1,-0.622850272467508,0.241708689508119
39.7183333333333,1,0,0,1,-0.780685834447212,-0.157835561979704
35.7420833333333,0,0,0,1,-1.50734240300044,-0.726656568553231
27.38,0,0,0,1,-1.74652929883985,-0.239186895839402
36.5108333333333,1,0,0,1,-0.558059716371564,1.18846958246828
33.4995833333333,1,0,0,1,-0.281705037856113,0.276354678515452
46.3633333333333,1,0,0,1,-0.226898363995155,0.0548066738609575
42.3720833333333,1,0,0,1,-0.21406851502497,0.0128298489701848
42.5558333333333,1,0,0,1,-0.306729029351291,-0.0926605143263203
19.5125,0,0,0,1,-1.39680667824726,-1.09007764889597
11.9858333333333,0,0,0,1,-1.99285299129584,-0.596046313048576
34.1629166666667,1,0,0,1,-0.738808695205763,1.25404429609008
30.62,1,0,0,1,-0.657184306155947,0.0816243890498161
30.1283333333333,1,0,0,1,-0.695576409005658,-0.0383921028497108
34.14125,1,0,0,1,-0.852864680219857,-0.1572882712142
35.5095833333333,1,0,0,1,-1.07074240755809,-0.217877727338231
33.00125,0,0,0,1,-1.41690103354103,-0.346158625982943
19.5433333333333,0,0,0,1,-1.94467398960323,-0.527772956062193
49.33375,1,0,0,1,-0.229285378360426,1.7153886112428
38.8620833333333,1,0,0,1,-0.275370927606989,-0.0460855492465629
45.12625,1,0,0,1,-0.31065985506884,-0.035288927461851
44.7566666666667,1,0,0,1,-0.328068009706398,-0.0174081546375587
45.9229166666667,1,0,0,1,-0.378261206780405,-0.0501931970740068
29.9904166666667,0,0,0,1,-1.65610227105613,-1.27784106427572
25.4954166666667,0,0,0,1,-1.87318012937,-0.217077858313873
38.1945833333333,1,0,0,1,-0.555025581008592,1.31815454836141
56.7479166666667,1,0,0,1,-0.11951795244697,0.435507628561621
54.6958333333333,1,0,0,1,-0.05267614615189,0.0668418062950803
50.8416666666667,1,0,0,1,-0.161684644311754,-0.109008498159864
43.3591666666667,1,0,0,1,-0.309883544282492,-0.148198899970738
33.13,0,0,0,1,-1.31303234221331,-1.00314879793082
26.9808333333333,0,1,0,0,-2.07956616124741,-0.766533819034097
30.4679166666667,1,1,0,0,-1.19632124735542,0.883244913891983
52.3479166666667,1,1,0,0,-0.368959549048956,0.827361698306469
70.6454166666667,1,1,0,0,-0.133559570431797,0.23539997861716
47.1475,1,1,0,0,-0.305694554705429,-0.172134984273632
41.6179166666667,1,1,0,0,-0.592679834403515,-0.286985279698086
37.8141666666667,0,1,0,0,-1.19949691146157,-0.606817077058056
27.0654166666667,0,1,0,0,-1.56987056586143,-0.370373654399863
37.4404166666667,1,1,0,0,-0.10673616085779,1.46313440500364
48.035,1,1,0,0,0.0557869379686364,0.162523098826426
43.3391666666667,1,1,0,0,0.0891701543825339,0.0333832164138975
53.19125,1,1,0,0,0.211849353644401,0.122679199261867
46.5204166666667,1,1,0,0,0.0329908667576288,-0.178858486886772
32.32,0,1,0,0,-0.850678248509725,-0.883669115267354
29.2475,0,1,0,0,-1.51318798465038,-0.662509736140652
43.2154166666667,1,1,0,0,-0.420909357650225,1.09227862700015
39.3754166666667,1,1,0,0,-0.422846234908117,-0.00193687725789249
55.6445833333333,1,1,0,0,0.247045633425582,0.669891868333699
47.08125,1,1,0,0,-0.0212296912660655,-0.268275324691647
49.1233333333333,1,1,0,0,0.0821436798451182,0.103373371111184
35.915,0,1,0,0,-0.936989416279807,-1.01913309612493
24.6791666666667,0,1,0,0,-1.69368777152166,-0.756698355241849
34.0991666666667,1,1,0,0,-0.495335645949836,1.19835212557182
49.86375,1,1,0,0,0.0183256828777946,0.51366132882763
57.7770833333333,1,1,0,0,0.171866305815725,0.15354062293793
57.1575,1,1,0,0,0.309564161015694,0.137697855199969
46.8875,1,1,0,0,0.066757825593995,-0.242806335421699
32.89875,0,1,0,0,-1.05233556740883,-1.11909339300282
12.9766666666667,0,1,0,0,-1.95910462791178,-0.906769060502952
41.3829166666667,1,1,0,0,-0.673954670424768,1.28514995748701
46.0429166666667,1,1,0,0,-0.227110998128778,0.446843672295991
38.7675,1,1,0,0,-0.542376413029671,-0.315265414900893
23.9470833333333,1,1,0,0,-2.13148338578435,-1.58910697275468
41.1158333333333,1,1,0,0,-1.18231031381731,0.949173071967046
37.9766666666667,0,1,0,0,-0.68337727329003,0.498933040527277
34.0620833333333,0,1,0,0,-1.05561938420628,-0.372242110916248
49.3891666666667,1,1,0,0,0.187829565686328,1.24344894989261
52.9320833333333,1,1,0,0,0.352973179924315,0.165143614237987
57.0533333333333,1,1,0,0,0.387396999059527,0.0344238191352119
53.0158333333333,1,1,0,0,0.502582511790575,0.115185512731048
45.4375,1,1,0,0,0.0910867998268116,-0.411495711963763
40.04125,0,1,0,0,-0.867637559311793,-0.958724359138605
27.2425,0,1,0,0,-1.12530802007583,-0.257670460764036
44.9345833333333,1,1,0,0,0.160123016269347,1.28543103634518
48.755,1,1,0,0,0.503120691775733,0.342997675506387
49.13375,1,1,0,0,0.570345800241208,0.0672251084654749
26.6025,1,1,0,0,0.0571656089561234,-0.513180191285085
36.9983333333333,1,1,0,0,0.10902775794329,0.0518621489871668
29.2033333333333,0,1,0,0,-0.943528990715677,-1.05255674865897
30.1754166666667,0,1,0,0,-1.2634020978115,-0.319873107095827
35.8466666666667,1,1,0,0,0.0281612723591915,1.2915633701707
37.38875,1,1,0,0,0.0838027907934087,0.0556415184342172
36.2754166666667,1,1,0,0,0.14619565016085,0.0623928593674409
40.4504166666667,1,1,0,0,0.231840636975996,0.0856449868151469
40.78,1,1,0,0,0.168280563499899,-0.0635600734760975
32.7791666666667,0,1,0,0,-1.29142486599652,-1.45970542949642
11.0764583333333,0,1,0,0,-2.25575932165035,-0.964334455653822
28.8533333333333,1,1,0,0,-1.40758346040038,0.848175861249964
32.2154166666667,1,1,0,0,-0.442148394152999,0.965435066247384
39.69,1,1,0,0,0.0449095871264902,0.487057981279489
34.5645833333333,1,1,0,0,-0.424541553352564,-0.469451140479054
28.02625,1,1,0,0,-1.2000669843866,-0.775525431034041
36.5854166666667,0,1,0,0,-0.987732487100041,0.212334497286563
10.6929166666667,0,1,0,0,-2.04316301803648,-1.05543053093644
32.2041666666667,1,1,0,0,-0.286063214459235,1.75709980357725
42.3645833333333,1,1,0,0,-0.0158542026171325,0.270209011842103
41.2283333333333,1,1,0,0,0.0906395768763625,0.106493779493495
31.3054166666667,1,1,0,0,0.281857415155666,0.191217838279303
47.4091666666667,1,1,0,0,0.753284754967886,0.471427339812221
18.6095833333333,0,1,0,0,-1.02263598062253,-1.77592073559042
23.66125,0,1,0,0,-0.89177668326803,0.130859297354503
40.4008333333333,1,1,0,0,0.716689617195719,1.60846630046375
40.2283333333333,1,1,0,0,0.710969858983411,-0.00571975821230797
43.13375,1,1,0,0,0.976489900029605,0.265520041046194
51.4345833333333,1,1,0,0,0.881353935854854,-0.095135964174751
46.8279166666667,1,1,0,0,1.02630238224878,0.144948446393927
34.2704166666667,0,1,0,0,-0.151112114058508,-1.17741449630729
33.4083333333333,0,1,0,0,-0.56284103781752,-0.411728923759012
48.9133333333333,1,1,0,0,0.831133214052149,1.39397425186967
57.66375,1,1,0,0,1.07909671073354,0.247963496681394
49.6716666666667,1,1,0,0,1.17412917932031,0.0950324685867692
51.7841666666667,1,1,0,0,1.12975244526766,-0.044376734052656
51.5625,1,1,0,0,0.893167920371152,-0.236584524896504
42.65625,0,1,0,0,-0.0362961845811308,-0.929464104952282
30.4354166666667,0,1,0,0,-0.809101180475555,-0.772804995894424
41.0391666666667,1,1,0,0,0.845276427932123,1.65437760840768
52.90875,1,1,0,0,1.22036213885471,0.37508571092259
49.4733333333333,1,1,0,0,0.908531877437515,-0.311830261417199
41.28,1,1,0,0,0.732176977444769,-0.176354899992746
33.9879166666667,1,1,0,0,0.360295141009163,-0.371881836435605
37.1441666666667,0,1,0,0,-0.310149597252073,-0.670444738261236
26.5445833333333,0,0,0,0,-0.827781134654931,-0.517631537402859
56.0625,1,0,0,0,1.10112329370097,1.9289044283559
64.0229166666667,1,0,0,0,1.18058156574399,0.0794582720430148
65.7075,1,0,0,0,0.886000531064338,-0.29458103467965
36.56125,1,0,0,0,-0.434863217215465,-1.3208637482798
47.9566666666667,1,0,0,0,-1.09703644951739,-0.66217323230193
