53.94875,1,0,1,0,1.09370333535564,-0.0411523867507475
55.08625,1,0,1,0,1.10665559036938,0.0129522550137458
60.8204166666667,1,0,1,0,1.2056854345912,0.0990298442218192
60.3575,1,0,1,0,1.32533331810751,0.119647883516305
60.7158333333333,0,0,1,0,0.835663231545999,-0.489670086561506
43.0345833333333,0,0,1,0,0.535591944053043,-0.300071287492956
54.63375,1,0,1,0,1.22311846654923,0.687526522496191
54.4420833333333,1,0,1,0,1.20655504841468,-0.016563418134558
56.7641666666667,1,0,1,0,1.08647680874298,-0.120078239671696
55.5125,1,0,1,0,1.00610651844784,-0.0803702902951384
56.5104166666667,1,0,1,0,0.978503032355927,-0.0276034860919151
52.7875,0,0,1,0,0.305522737311728,-0.672980295044199
53.816875,0,0,1,0,0.0125856998929452,-0.292937037418783
57.57875,1,0,1,0,0.563856829781855,0.551271129888909
52.5766666666667,1,0,1,0,0.507971988177534,-0.0558848416043202
55.1808333333333,1,0,1,0,0.534376334552617,0.026404346375083
65.7633333333333,1,0,1,0,0.493054814410246,-0.0413215201423714
57.5583333333333,1,0,1,0,0.468724043006879,-0.0243307714033667
51.3204166666667,0,0,1,0,-0.0203424173724168,-0.489066460379296
43.0383333333333,0,0,1,0,-0.0281182543787635,-0.00777583700634667
50.1225,1,0,1,0,0.669705056642969,0.697823311021732
54.4158333333333,1,0,1,0,0.709923395263203,0.0402183386202345
53.4483333333333,1,0,1,0,0.564363201945781,-0.145560193317422
50.1991666666667,1,0,1,0,0.466136806976553,-0.0982263949692284
52.3045833333333,1,0,1,0,0.358849735709702,-0.107287071266851
45.3939583333333,0,0,1,0,-0.172383815432578,-0.53123355114228
29.005,0,0,1,0,-0.451078691404368,-0.278694875971789
48.6566666666667,1,0,1,0,0.144329686286336,0.595408377690704
57.71125,1,0,1,0,0.265910798067932,0.121581111781596
55.57,1,0,1,0,0.156544746027251,-0.109366052040681
53.460625,1,0,1,0,-0.00731299433364086,-0.163857740360892
56.525,1,0,1,0,-0.11727413448383,-0.109961140150189
48.26,0,0,1,0,-0.728351884261954,-0.611077749778125
41.0797916666667,0,0,1,0,-0.824164638780706,-0.0958127545187518
60.430625,1,0,1,0,-0.117477910452433,0.706686728328273
52.7208333333333,1,0,1,0,0.0128100917818925,0.130288002234325
54.16125,1,0,1,0,-0.112998112967874,-0.125808204749766
62.0708333333333,1,0,1,0,-0.226905430119144,-0.11390731715127
48.8304166666667,1,0,1,0,-0.314187513989728,-0.0872820838705839
40.425,0,0,1,0,-0.917543078397744,-0.603355564408016
30.2879166666667,0,0,1,0,-1.17846818475392,-0.260925106356178
56.9454166666667,1,0,1,0,-0.570888502428225,0.607579682325697
56.4935416666667,1,0,1,0,-0.43420064245566,0.136687859972565
57.1933333333333,1,0,1,0,-0.126122651130787,0.308077991324874
61.5366666666667,1,0,1,0,-0.0998110037327462,0.0263116473980405
57.1183333333333,1,0,1,0,-0.115393174548853,-0.0155821708161069
52.044375,0,0,1,0,-0.62106210773316,-0.505668933184307
49.2375,0,0,1,0,-0.94537565622426,-0.324313548491101
56.09625,1,0,1,0,-0.329540744743746,0.615834911480515
56.51625,1,0,1,0,-0.226534843093509,0.103005901650237
56.3179166666667,1,0,1,0,-0.28522896635838,-0.058694123264871
55.5604166666667,1,0,1,0,-0.34641717104036,-0.0611882046819801
52.4179166666667,1,0,1,0,-0.45633801960464,-0.10992084856428
46.4116666666667,0,0,1,0,-0.892008362826145,-0.435670343221505
25.77,0,0,1,0,-1.20377314079597,-0.311764777969829
20.6754166666667,1,0,1,0,-1.26692277639606,-0.0631496356000891
51.54375,1,0,1,0,-0.674305353445266,0.592617422950797
48.5454166666667,1,0,1,0,-0.523570567441283,0.150734786003983
57.9354166666667,1,0,1,0,-0.40971612664926,0.113854440792023
55.6208333333333,1,0,1,0,-0.350958376851169,0.0587577497980907
32.1875,0,0,1,0,-0.947511951281666,-0.596553574430496
19.3841666666667,0,0,1,0,-1.20776729949003,-0.260255348208361
47.9504166666667,1,0,1,0,-0.546917346568932,0.660849952921095
56.0429166666667,1,0,1,0,-0.388942409164148,0.157974937404783
57.0054166666667,1,0,1,0,-0.329554018523438,0.0593883906407099
56.1925,1,0,1,0,-0.329047210806637,0.00050680771680145
55.3133333333333,1,0,1,0,-0.454364879128202,-0.125317668321565
48.8045833333333,0,0,1,0,-1.09905779285535,-0.644692913727152
43.369375,0,0,1,0,-1.34575917949363,-0.24670138663828
53.7985416666667,1,0,1,0,-0.610322852326199,0.735436327167436
63.4791666666667,1,0,1,0,-0.423242104303349,0.18708074802285
63.0825,1,0,1,0,-0.459406589886828,-0.036164485583479
60.9785416666667,1,0,1,0,-0.544603947651917,-0.0851973577650895
52.5845833333333,1,0,1,0,-0.525562582688377,0.0190413649635406
48.2791666666667,0,0,1,0,-1.04310287804518,-0.517540295356799
39.2510416666667,0,0,1,0,-1.31947226302682,-0.276369384981642
57.6341666666667,1,0,1,0,-0.50022256234779,0.819249700679027
56.4789583333333,1,0,1,0,-0.367424760636734,0.132797801711056
60.6316666666667,1,0,1,0,-0.322591664300244,0.0448330963364899
73.1145833333333,1,0,1,0,-0.358377318656597,-0.0357856543563534
60.663125,1,0,1,0,-0.447965109073708,-0.0895877904171111
50.666875,0,0,1,0,-0.987459636843356,-0.539494527769648
45.0291666666667,0,0,1,0,-1.3760537119222,-0.388594075078846
59.65125,1,0,1,0,-0.579237454883327,0.796816257038874
55.3970833333333,1,0,1,0,-0.478865054345151,0.100372400538176
58.3379166666667,1,0,1,0,-0.431885973788398,0.0469790805567533
49.2408333333333,1,0,1,0,-0.54741168489661,-0.115525711108212
52.2295833333333,1,0,1,0,-0.545308326608637,0.00210335828797359
54.2929166666667,0,0,1,0,-1.03304276577445,-0.487734439165812
42.4660416666667,0,0,1,0,-1.31668890707909,-0.283646141304644
56.07375,1,0,1,0,-0.485153808405253,0.831535098673839
56.8945833333333,1,0,1,0,-0.451239123546298,0.0339146848589558
50.7691666666667,1,0,0,1,-0.410962931804017,0.0402761917422805
25.5891666666667,1,0,0,1,-1.16132280677318,-0.75035987496916
40.3016666666667,1,0,0,1,-0.902236526747336,0.25908628002584
45.8975,0,0,0,1,-1.01040973878912,-0.108173212041786
38.4929166666667,0,0,0,1,-1.30062229599979,-0.29021255721067
59.8804166666667,1,0,0,1,-0.599841942127317,0.700780353872477
61.2279166666667,1,0,0,1,-0.461203085412105,0.138638856715212
47.2347916666667,1,0,0,1,-0.479806383246953,-0.0186032978348479
48.1754166666667,1,0,0,1,-0.409182873023971,0.0706235102229821
46.83125,1,0,0,1,-0.396813716932259,0.0123691560917115
45.5179166666667,0,0,0,1,-0.975011774675908,-0.578198057743649
24.47,0,0,0,1,-1.22423557277291,-0.249223798097005
26.2775,1,0,0,1,-1.24457778977681,-0.0203422170038972
50.4577083333333,1,0,0,1,-0.54348204459211,0.7010957451847
53.7658333333333,1,0,0,1,-0.47842991063586,0.0650521339562493
46.93,1,0,0,1,-0.54911584881971,-0.0706859381838498
54.01,1,0,0,1,-0.574081206315402,-0.024965357495692
38.02375,0,0,0,1,-1.28996256340352,-0.71588135708812
14.903125,0,0,0,1,-1.48809901594709,-0.19813645254357
52.6958333333333,1,0,0,1,-0.586265389570084,0.901833626377008
53.66375,1,0,0,1,-0.436756674196269,0.149508715373815
48.7116666666667,1,0,0,1,-0.504268557682813,-0.0675118834865439
41.1245833333333,1,0,0,1,-0.566998070601844,-0.0627295129190313
49.2729166666667,1,0,0,1,-0.53615479621516,0.0308432743866839
47.3358333333333,0,0,0,1,-1.05575994348339,-0.519605147268227
40.3566666666667,0,0,0,1,-1.21954135507167,-0.163781411588287
53.64875,1,0,0,1,-0.375606591109362,0.843934763962312
51.89875,1,0,0,1,-0.335763963332787,0.0398426277765746
52.77625,1,0,0,1,-0.614855819059389,-0.279091855726602
45.0633333333333,1,0,0,1,-0.603360287097204,0.0114955319621857
52.9620833333333,1,0,0,1,-0.64002287315919,-0.0366625860619865
43.9645833333333,0,0,0,1,-1.08453964155589,-0.4445167683967
24.4072916666667,0,0,0,1,-1.2857358782665,-0.201196236710609
46.75375,1,0,0,1,-0.520565043287107,0.765170834979392
52.0729166666667,1,0,0,1,-0.370567926873129,0.149997116413978
50.1604166666667,1,0,0,1,-0.51286994669898,-0.142302019825852
50.878125,1,0,0,1,-0.511045720351968,0.00182422634701196
44.5258333333333,1,0,0,1,-0.600721860961163,-0.0896761406091943
42.9533333333333,0,0,0,1,-0.991958304259735,-0.391236443298573
35.8016666666667,0,0,0,1,-1.20121265151037,-0.209254347250631
47.61875,1,0,0,1,-0.471972603466839,0.729240048043527
52.4133333333333,1,0,0,1,-0.385392607503508,0.0865799959633308
44.7052083333333,1,0,0,1,-0.535659201486107,-0.150266593982599
23.06875,1,0,0,1,-1.18967623839059,-0.654017036904483
41.5808333333333,1,0,0,1,-0.862221794331289,0.327454444059301
24.1908333333333,0,0,0,1,-1.09834573529569,-0.236123940964404
15.03,0,0,0,1,-1.46455054351859,-0.366204808222899
34.61375,1,0,0,1,-0.760843447566466,0.703707095952127
43.5720833333333,1,0,0,1,-0.504854930719596,0.25598851684687
47.9608333333333,1,0,0,1,-0.513640563131773,-0.00878563241217711
41.8429166666667,1,0,0,1,-0.524974378764432,-0.0113338156326586
38.8652083333333,1,0,0,1,-0.585007422723583,-0.0600330439591511
16.0704166666667,0,0,0,1,-1.0956080960414,-0.510600673317813
6.37520833333333,0,0,0,1,-1.37330780066938,-0.277699704627987
37.7064583333333,1,0,0,1,-0.642924901984813,0.73038289868457
41.9833333333333,1,0,0,1,-0.516423181599033,0.12650172038578
33.92,1,0,0,1,-0.573034365417273,-0.05661118381824
44.4533333333333,1,0,0,1,-0.644887390945499,-0.0718530255282261
40.8135416666667,1,0,0,1,-0.744152430800117,-0.0992650398546179
35.0920833333333,0,0,0,1,-1.2297786202699,-0.485626189469784
25.6472916666667,0,0,0,1,-1.51346032983961,-0.283681709569705
40.7483333333333,1,0,0,1,-0.864613752038976,0.64884657780063
41.9960416666667,1,0,0,1,-0.708919469945362,0.155694282093614
42.7297916666667,1,0,0,1,-0.756661664940701,-0.047742194995339
38.6729166666667,1,0,0,1,-0.941134736994687,-0.184473072053986
46.0164583333333,1,0,0,1,-0.969682737235452,-0.0285480002407653
35.9766666666667,0,0,0,1,-1.40543279503578,-0.435750057800326
16.2083333333333,0,0,0,1,-1.83762713232214,-0.432194337286364
29.7860416666667,1,0,0,1,-1.37219614110214,0.465430991220005
32.9979166666667,1,0,0,1,-1.16970376134168,0.202492379760456
36.26,1,0,0,1,-1.11730243026846,0.0524013310732225
35.5158333333333,1,0,0,1,-1.1513601868195,-0.0340577565510414
51.67,1,0,0,1,-1.21277244446042,-0.0614122576409197
49.8604166666667,0,0,0,1,-1.458608820627,-0.24583637616658
38.5475,0,0,0,1,-1.72334629068878,-0.264737470061783
44.8464583333333,1,0,0,1,-1.72008465984847,0.00326163084031106
52.15,1,0,0,1,-1.24691814366677,0.473166516181707
49.3029166666667,1,0,0,1,-1.04202334975715,0.204894793909621
50.7329166666667,1,0,0,1,-1.0271637807405,0.0148595690166455
49.9154166666667,1,0,0,1,-0.934276320846373,0.0928874598941265
39.946875,0,0,0,1,-1.10646515973911,-0.172188838892736
43.9991666666667,0,0,0,1,-1.25445625992565,-0.147991100186536
54.9945833333333,1,0,0,1,-0.749266119475005,0.50519014045064
55.3954166666667,1,0,0,1,-0.684504992437206,0.0647611270377986
54.15875,1,0,0,1,-0.693506389897371,-0.00900139746016482
49.6785416666667,1,0,0,1,-0.655210270524838,0.0382961193725325
46.06375,1,0,0,1,-0.682595145240556,-0.027384874715718
32.6466666666667,0,0,0,1,-1.2151093062785,-0.532514161037942
24.7935416666667,0,0,0,1,-1.33046328990181,-0.115353983623312
46.68375,1,0,0,1,-0.592899776040809,0.737563513861002
56.7570833333333,1,0,0,1,-0.433310479120763,0.159589296920045
49.705,1,0,0,1,-0.353065147923423,0.0802453311973405
49.0054166666667,1,1,0,0,-0.329083120596609,0.0239820273268137
54.2266666666667,1,1,0,0,-0.418821880526975,-0.089738759930366
56.66125,0,1,0,0,-0.971376683578273,-0.552554803051298
49.1779166666667,0,1,0,0,-1.34685504088424,-0.375478357305968
47.2641666666667,1,1,0,0,-0.766713327476061,0.580141713408179
40.7491666666667,1,1,0,0,-0.651549272573008,0.115164054903054
47.5354166666667,1,1,0,0,-0.551831392249372,0.0997178803236355
50.5204166666667,1,1,0,0,-0.542257800424219,0.00957359182515327
55.7795833333333,1,1,0,0,-0.49173070688735,0.0505270935368686
49.4366666666667,0,1,0,0,-1.04850528351034,-0.556774576622992
31.3441666666667,0,1,0,0,-1.34200189609453,-0.293496612584184
37.1995833333333,1,1,0,0,-0.751606760112258,0.590395135982269
47.4158333333333,1,1,0,0,-0.529374241047516,0.222232519064741
51.4383333333333,1,1,0,0,-0.501869214374703,0.027505026672813
49.7520833333333,1,1,0,0,-0.363885938810204,0.137983275564499
52.7079166666667,1,1,0,0,-0.40505042087249,-0.0411644820622858
45.5091666666667,0,1,0,0,-1.01524955923563,-0.610199138363144
31.3033333333333,0,1,0,0,-1.32693795558899,-0.311688396353357
48.7245833333333,1,1,0,0,-0.546310541270232,0.780627414318759
48.9733333333333,1,1,0,0,-0.386129078913892,0.16018146235634
46.115,1,1,0,0,-0.298119436220617,0.0880096426932744
48.7491666666667,1,1,0,0,-0.354431439895764,-0.0563120036751467
50.3770833333333,1,1,0,0,-0.401161732899152,-0.0467302930033877
44.7604166666667,0,1,0,0,-0.887786920543395,-0.486625187644244
41.8475,0,1,0,0,-1.26038567981793,-0.372598759274535
55.8991666666667,1,1,0,0,-0.493963195633979,0.766422484183951
58.53375,1,1,0,0,-0.384212528755177,0.109750666878802
53.8725,1,1,0,0,-0.496441306643038,-0.112228777887861
53.9779166666667,1,1,0,0,-0.500984374833669,-0.00454306819063166
56.4591666666667,1,1,0,0,-0.574562452719939,-0.07357807788627
48.72875,0,1,0,0,-1.11174278194777,-0.53718032922783
37.575,0,1,0,0,-1.34586909524566,-0.23412631329789
48.2458333333333,1,1,0,0,-0.609362089153324,0.736507006092335
50.7841666666667,1,1,0,0,-0.504770451999735,0.104591637153589
52.9675,1,1,0,0,-0.55333407838986,-0.0485636263901246
45.2204166666667,1,1,0,0,-0.528029386705504,0.025304691684356
53.7858333333333,1,1,0,0,-0.491999995061516,0.0360293916439879
48.1675,0,1,0,0,-0.892471612139508,-0.400471617077992
44.6475,0,1,0,0,-1.11840931389113,-0.225937701751625
53.845,1,1,0,0,-0.514800637734406,0.603608676156727
47.8679166666667,1,1,0,0,-0.34194131707281,0.172859320661596
57.4895833333333,1,1,0,0,-0.25341239608461,0.0885289209881991
55.84875,1,1,0,0,-0.238762902416182,0.0146494936684288
52.7295833333333,1,1,0,0,-0.306482607402781,-0.0677197049865996
43.9891666666667,0,1,0,0,-0.709435669862408,-0.402953062459627
44.6208333333333,0,1,0,0,-0.911432395549712,-0.201996725687304
54.1191666666667,1,1,0,0,-0.175638949017284,0.735793446532428
49.1683333333333,1,1,0,0,-0.171781676994856,0.00385727202242775
67.7754166666667,1,1,0,0,0.0419334119958676,0.213715088990724
62.1383333333333,1,1,0,0,0.223945358109117,0.18201194611325
59.7304166666667,1,1,0,0,0.318762609690553,0.0948172515814355
56.46375,0,1,0,0,-0.268338617221451,-0.587101226912004
47.35375,0,1,0,0,-0.706170848902309,-0.437832231680858
53.66625,1,1,0,0,-0.0638065378110575,0.642364311091251
60.0741666666667,1,1,0,0,0.261824595430564,0.325631133241621
56.1054166666667,1,1,0,0,0.237443279843863,-0.0243813155867002
52.91875,1,1,0,0,0.122201961179618,-0.115241318664246
59.7191666666667,1,1,0,0,0.138301979651334,0.0161000184717167
47.245,0,1,0,0,-0.441768651187171,-0.580070630838506
44.8023958333333,0,1,0,0,-0.753596231600072,-0.311827580412901
54.5871875,1,1,0,0,-0.342777073583181,0.410819158016891
45.7104166666667,1,1,0,0,-0.662965887623684,-0.320188814040502
59.2345833333333,1,1,0,0,-0.244418892484405,0.418546995139278
54.2945833333333,1,1,0,0,-0.248571576615346,-0.00415268413094105
54.0504166666667,1,1,0,0,-0.183102213189621,0.0654693634257253
51.25625,0,1,0,0,-0.604565649471408,-0.421463436281787
41.22625,0,1,0,0,-0.95879519556377,-0.354229546092362
58.1758333333333,1,1,0,0,-0.015650643517302,0.943144552046468
57.8891666666667,1,1,0,0,0.201990358629829,0.217641002147132
65.6908333333333,1,1,0,0,0.193746988376853,-0.00824337025297672
59.8870833333333,1,1,0,0,0.292260156255596,0.0985131678787429
49.5854166666667,1,1,0,0,-0.529692321002699,-0.821952477258294
47.84,0,1,0,0,-0.472939125737843,0.0567531952648559
44.2604166666667,0,1,0,0,-0.607293779956929,-0.134354654219086
64.6791666666667,1,1,0,0,0.246843043498682,0.85413682345561
64.9245833333333,1,1,0,0,0.513994694014272,0.26715165051559
68.075,1,1,0,0,0.62819176829274,0.114197074278468
66.0208333333333,1,1,0,0,0.585491963785655,-0.0426998045070851
62.3016666666667,1,1,0,0,0.575337513639001,-0.0101544501466537
50.8375,0,1,0,0,0.0994619052833286,-0.475875608355672
47.0020833333333,0,1,0,0,-0.170310597358109,-0.269772502641437
60.2166666666667,1,1,0,0,0.567898825533089,0.738209422891198
63.5141666666667,1,1,0,0,0.735121319370267,0.167222493837177
64.1416666666667,1,1,0,0,0.780458981737432,0.0453376623671651
55.96375,1,1,0,0,0.834875105854901,0.0544161241174688
56.5379166666667,1,1,0,0,0.860472196825976,0.0255970909710758
49.435,0,1,0,0,0.346172302576625,-0.514299894249351
49.4,0,1,0,0,0.00493976658364866,-0.341232535992977
66.27625,1,1,0,0,0.870080800313693,0.865141033730044
55.8645833333333,1,1,0,0,0.714413166765964,-0.155667633547729
56.6170833333333,1,1,0,0,0.882022070418807,0.167608903652844
58.8291666666667,1,0,0,0,0.648761132989777,-0.23326093742903
53.3770833333333,1,0,0,0,0.73549916092739,0.0867380279376126
47.0954166666667,0,0,0,0,0.171586809199251,-0.563912351728139
38.11375,0,0,0,0,-0.270318230759855,-0.441905039959105
48.4895833333333,1,0,0,0,0.575673727040659,0.845991957800514
55.8370833333333,1,0,0,0,0.853752706802638,0.278078979761979
47.3195833333333,1,0,0,0,0.63355138497362,-0.220201321829018
46,1,0,0,0,0.775309240426768,0.141757855453148
51.72,1,0,0,0,0.840252172006815,0.0649429315800472
50.7520833333333,0,0,0,0,0.522277337383401,-0.317974834623414
44.8154166666667,0,0,0,0,0.371558920714444,-0.150718416668957
48.6283333333333,1,0,0,0,0.837303375975525,0.465744455261081
52.2245833333333,1,0,0,0,0.872840384215171,0.0355370082396463
46.6216666666667,1,0,0,0,0.868173719025941,-0.00466666518923031
53.1625,1,0,0,0,0.938995764864117,0.0708220458381759
43.8466666666667,1,0,0,0,0.796784782844642,-0.142210982019475
45.579375,0,0,0,0,0.680679034803163,-0.116105748041479
48.5558333333333,0,0,0,0,0.628932440943203,-0.0517465938599596
55.70375,1,0,0,0,1.57944000976858,0.950507568825372
49.9991666666667,1,0,0,0,1.4777067083407,-0.101733301427871
45.5370833333333,1,0,0,0,1.43426718677064,-0.0434395215700667
43.5566666666667,1,0,0,0,1.27120687766258,-0.163060309108055
40.131875,1,0,0,0,0.941381563536409,-0.329825314126173
32.2804166666667,0,0,0,0,0.367390484827246,-0.573991078709164
22.2197916666667,0,0,0,0,-0.0635007890528699,-0.430891273880115
28.114375,1,0,0,0,0.651363546803647,0.714864335856517
43.0975,1,0,0,0,0.982584429885062,0.331220883081416
39.7679166666667,1,0,0,0,0.839042732731,-0.143541697154063
35.6491666666667,1,0,0,0,0.712945178793635,-0.126097553937365
38.5872916666667,1,0,0,0,0.615839396776836,-0.0971057820167985
30.5091666666667,0,0,0,0,0.250986212464384,-0.364853184312453
15.1754166666667,0,0,0,0,-0.350289982687657,-0.60127619515204
23.8670833333333,1,0,0,0,0.418216551436278,0.768506534123935
26.3233333333333,1,0,0,0,0.90894650971668,0.490729958280402
37.25375,1,0,0,0,0.864732284251002,-0.0442142254656782
38.9616666666667,1,0,0,0,0.735788117606095,-0.128944166644907
44.0816666666667,1,0,0,0,0.923660528460087,0.187872410853992
28.94125,0,0,0,0,0.515126587923485,-0.408533940536602
29.2129166666667,0,0,0,0,0.277918015771149,-0.237208572152336
45.8304166666667,1,0,0,0,1.12846696186827,0.850548946097119
42.9225,1,0,0,0,1.29735037030868,0.168883408440411
45.4966666666667,1,0,0,0,1.36984906018989,0.0724986898812083
47.1770833333333,1,0,0,0,1.39895801821524,0.0291089580253518
45.9970833333333,1,0,0,0,1.47227976766245,0.0733217494472103
45.7804166666667,0,0,0,0,1.10908183694764,-0.363197930714805
39.6341666666667,0,0,0,0,0.995129202393828,-0.113952634553816
51.1416666666667,1,0,0,0,1.75562959488169,0.760500392487862
55.3891666666667,1,0,0,0,2.00179372229059,0.246164127408897
48.0945833333333,1,0,0,0,1.79751354889661,-0.204280173393978
43.6916666666667,1,0,0,0,1.4835324599308,-0.313981088965809
43.78375,1,0,0,0,1.32526865467718,-0.158263805253618
35.3133333333333,0,0,0,0,0.618599113751975,-0.706669540925207
26.6841666666667,0,0,0,0,0.294094483282515,-0.32450463046946
43.0954166666667,1,0,0,0,1.13101422885322,0.836919745570708
51.1725,1,0,0,0,1.28811743085511,0.157103202001892
45.3508333333333,1,0,0,0,1.16863159421697,-0.119485836638144
49.37375,1,0,0,0,1.13433327325145,-0.0342983209655212
50.2758333333333,1,0,0,0,1.22150961241308,0.0871763391616298
45.5885416666667,0,0,0,0,0.805907040426658,-0.415602571986421
39.9766666666667,0,0,0,0,0.735257028636272,-0.0706500117903861
54.925,1,0,0,0,1.72132814018275,0.986071111546479
61.05125,1,0,0,0,1.9268451750083,0.205517034825548
60.44,1,0,0,0,2.09952324609617,0.172678071087872
75.7316666666667,1,0,0,0,2.4306172554733,0.331094009377127
75.52575,1,0,0,0,2.64461101728612,0.213993761812821
75.3198333333333,0,0,0,0,2.26255481830032,-0.3820561989858
75.1139166666667,0,0,0,0,2.0541959367296,-0.20835888157072
74.908,1,0,0,0,2.92299833960015,0.868802402870549
74.7020833333333,1,0,0,0,3.10501071826531,0.182012378665159
74.4961666666667,1,0,0,0,3.02389981034449,-0.0811109079208188
74.29025,1,0,0,0,2.91018771801011,-0.113712092334374
74.0843333333333,1,0,0,0,2.90329617569431,-0.00689154231580202
73.8784166666667,0,0,0,0,2.66802270619347,-0.23527346950084
73.6725,0,0,0,0,2.37083287201163,-0.297189834181836
73.2366666666667,1,0,0,0,2.77409694765544,0.4032640756438
72.8008333333333,1,0,0,0,2.61465494402649,-0.159442003628946
75.3104166666667,1,0,0,0,2.40427330296776,-0.210381641058724
66.7745833333333,1,0,0,0,2.31147308663698,-0.0928002163307853
62.7125,1,0,0,0,2.20412260033272,-0.107350486304258
56.36,0,0,0,0,1.34023697036864,-0.863885629964082
54.7458333333333,0,0,0,0,1.00541850608388,-0.334818464284759
65.1620833333333,1,0,0,0,1.85354240434047,0.848123898256587
66.6545833333333,1,0,0,0,1.95888498493257,0.105342580592104
60.7575,1,0,0,0,1.83035972952706,-0.12852525540551
67.36375,1,0,0,0,1.44783217054757,-0.382527558979497
56.2729166666667,1,0,0,0,1.11525631197396,-0.332575858573601
48.3104166666667,0,0,0,0,0.583618744793279,-0.531637567180686
40.5354166666667,0,0,0,0,0.298164660359862,-0.285454084433417
49.6320833333333,1,0,0,0,1.045791114894,0.747626454534135
51.1629166666667,1,0,0,0,1.07977222859974,0.0339811137057464
49.7183333333333,1,0,0,0,0.945200910313871,-0.134571318285872
53.7108333333333,1,0,1,0,0.840448456571278,-0.104752453742593
50.2375,1,0,1,0,0.633390651497158,-0.20705780507412
46.7764583333333,0,0,1,0,0.0971667896037982,-0.53622386189336
34.6995833333333,0,0,1,0,-0.15163863939662,-0.248805429000418
46.7645833333333,1,0,1,0,0.55295906577065,0.704597705167269
57.1304166666667,1,0,1,0,0.990565257163562,0.437606191392912
51.335,1,0,1,0,1.04604616110983,0.0554809039462709
52.8620833333333,1,0,1,0,1.02906658039598,-0.0169795807138526
53.085,1,0,1,0,1.10574240895798,0.0766758285619975
42.3333333333333,0,0,1,0,0.556740482200892,-0.549001926757086
36.335,0,0,1,0,0.0787724256114361,-0.477968056589456
46.3558333333333,1,0,1,0,0.634929752739515,0.556157327128078
48.7820833333333,1,0,1,0,0.648257579409274,0.0133278266697596
48.4802083333333,1,0,1,0,0.62041121355745,-0.0278463658518245
47.30875,1,0,1,0,0.51287029720887,-0.107540916348579
44.58,1,0,1,0,0.320712100998905,-0.192158196209966
45.0070833333333,0,0,1,0,-0.245370695988048,-0.566082796986952
33.1104166666667,0,0,1,0,-0.385815744469911,-0.140445048481863
51.6391666666667,1,0,1,0,0.388628151753554,0.774443896223465
53.1545833333333,1,0,1,0,0.649772677396303,0.261144525642749
50.4579166666667,1,0,1,0,0.537889333580443,-0.11188334381586
41.73,1,0,1,0,0.435580630063022,-0.102308703517421
42.8883333333333,1,0,1,0,0.403301824261345,-0.0322788058016772
31.3422916666667,0,0,1,0,-0.309817378721925,-0.71311920298327
21.0845833333333,0,0,1,0,-0.666716964406658,-0.356899585684733
37.11,1,0,1,0,-0.139125390781278,0.527591573625381
42.2979166666667,1,0,1,0,-0.0710472521102933,0.0680781386709844
38.6827083333333,1,0,1,0,-0.0919402616067798,-0.0208930094964865
36.52125,1,0,1,0,-0.217329978900721,-0.125389717293942
38.4858333333333,1,0,1,0,-0.298143620466328,-0.0808136415656065
15.65125,0,0,1,0,-0.786367655902483,-0.488224035436155
16.8625,0,0,1,0,-1.02615772342049,-0.239790067518005
43.6245833333333,1,0,1,0,-0.191810435305297,0.834347288115191
49.2066666666667,1,0,1,0,0.0109417863590988,0.202752221664396
51.4404166666667,1,0,1,0,0.100363452305376,0.0894216659462773
62.25,1,0,1,0,0.0822648934193527,-0.0180985588860234
51.67625,1,0,1,0,0.0136746392459746,-0.0685902541733782
37.8691666666667,0,0,1,0,-0.328448962763181,-0.342123602009156
27.4258333333333,0,0,1,0,-0.475768129279329,-0.147319166516148
25.615625,1,0,1,0,-0.578138362031745,-0.102370232752416
62.0929166666667,1,0,1,0,0.049460770786075,0.62759913281782
56.42375,1,0,1,0,0.267910670093662,0.218449899307587
61.6916666666667,1,0,1,0,0.428996322759322,0.16108565266566
55.34,1,0,1,0,0.423510118162683,-0.00548620459663923
41.6366666666667,0,0,1,0,-0.0588810119859783,-0.482391130148661
36.3497916666667,0,0,1,0,-0.486611165545755,-0.427730153559777
58.1133333333333,1,0,1,0,0.320824082573788,0.807435248119543
56.59375,1,0,1,0,0.518160934766155,0.197336852192367
61.9904166666667,1,0,1,0,0.406335716437416,-0.111825218328739
61.2491666666667,1,0,1,0,0.447867321376594,0.0415316049391783
59.4041666666667,1,0,1,0,0.416083981410187,-0.031783339966407
43.6954166666667,0,0,1,0,-0.239786679706651,-0.655870661116838
41.5633333333333,0,0,1,0,-0.462418269449225,-0.222631589742574
54.4829166666667,1,0,1,0,0.243564380551026,0.705982650000251
58.01,1,0,1,0,0.2441132900894,0.000548909538374054
44.8047916666667,1,0,1,0,0.226908892613832,-0.0172043974755678
51.1766666666667,1,0,1,0,0.031168201273571,-0.195740691340261
58.9079166666667,1,0,1,0,0.106223141300013,0.0750549400264416
39.8470833333333,0,0,1,0,-0.486863853703298,-0.593086995003311
22.8520833333333,0,0,1,0,-0.958462575834087,-0.471598722130789
34.34125,1,0,1,0,-0.41436138537763,0.544101190456457
18.89125,1,0,1,0,-0.693448011911215,-0.279086626533585
41.6033333333333,1,0,1,0,-0.176831347098908,0.516616664812307
49.4941666666667,1,0,1,0,-0.183912697046073,-0.00708134994716533
46.2541666666667,1,0,1,0,-0.217024478763627,-0.0331117817175541
40.7210416666667,0,0,1,0,-0.746240264283212,-0.529215785519585
35.5204166666667,0,0,1,0,-1.02363136642922,-0.277391102146007
46.8704166666667,1,0,1,0,-0.601513036333791,0.422118330095429
41.29875,1,0,1,0,-0.864807530731446,-0.263294494397655
48.2804166666667,1,0,1,0,-0.434860023415732,0.429947507315714
42.8558333333333,1,0,1,0,-0.407353892353461,0.0275061310622707
42.94375,1,0,1,0,-0.472137337903807,-0.0647834455503455
31.115,0,0,1,0,-1.09785505621841,-0.625717718314607
24.5672916666667,0,0,1,0,-1.33830509983341,-0.240450043615001
40.9954166666667,1,0,1,0,-0.501041886321993,0.837263213511422
49.1916666666667,1,0,1,0,-0.433531404236159,0.0675104820858332
48.9241666666667,1,0,1,0,-0.292030284096253,0.141501120139907
32.28125,1,0,1,0,-0.94877137472012,-0.656741090623867
33.015,1,0,1,0,-0.759211882010735,0.189559492709385
35.34375,0,0,1,0,-0.852221025904642,-0.0930091438939068
27.3675,0,0,1,0,-1.17473771987121,-0.322516693966567
48.1041666666667,1,0,1,0,-0.462821269613499,0.71191645025771
47.2383333333333,1,0,1,0,-0.348275947071703,0.114545322541797
54.8072916666667,1,0,1,0,-0.312042871656015,0.0362330754156875
43.7520833333333,1,0,1,0,-0.345465583576674,-0.0334227119206592
37.878125,1,0,1,0,-0.573985282216197,-0.228519698639523
26.1204166666667,0,0,1,0,-1.19350074623278,-0.619515464016581
19.3958333333333,0,0,1,0,-1.41630139123595,-0.222800645003171
30.9441666666667,1,0,1,0,-1.39112855993855,0.0251728312974013
46.690625,1,0,1,0,-0.713141623185218,0.677986936753331
57.0079166666667,1,0,1,0,-0.561747751630221,0.151393871554997
54.44875,1,0,1,0,-0.536001389412615,0.0257463622176062
59.30875,1,0,0,1,-0.607875945490481,-0.0718745560778664
43.1075,0,0,0,1,-1.10783185960385,-0.499955914113368
31.4314583333333,0,0,0,1,-1.5030133626487,-0.39518150304485
42.9183333333333,1,0,0,1,-0.775091435282192,0.727921927366508
54.4975,1,0,0,1,-0.507650643830286,0.267440791451906
41.6341666666667,1,0,0,1,-0.554502335097529,-0.0468516912672429
45.9502083333333,1,0,0,1,-0.583115750174801,-0.0286134150772717
37.74625,1,0,0,1,-0.747260447979172,-0.164144697804372
20.1558333333333,0,0,0,1,-1.21602092515079,-0.46876047717162
19.5954166666667,0,0,0,1,-1.34369312829537,-0.12767220314458
52.8166666666667,1,0,0,1,-0.627948857892548,0.715744270402824
51.9564583333333,1,0,0,1,-0.514442185315696,0.113506672576852
47.55375,1,0,0,1,-0.464035367842718,0.0504068174729785
42.5125,1,0,0,1,-0.429262885358273,0.0347724824844452
41.0264583333333,1,0,0,1,-0.649765174088692,-0.220502288730419
38.4172916666667,0,0,0,1,-1.23788018617638,-0.588115012087684
21.7733333333333,0,0,0,1,-1.49647657292602,-0.258596386749648
40.2354166666667,1,0,0,1,-0.680018648335504,0.81645792459052
56.0704166666667,1,0,0,1,-0.472116018377766,0.207902629957738
59.3641666666667,1,0,0,1,-0.531081799288996,-0.0589657809112299
51.43375,1,0,0,1,-0.657604373248585,-0.126522573959589
45.2008333333333,1,0,0,1,-0.837652333182127,-0.180047959933542
33.3125,0,0,0,1,-1.19638635677403,-0.358734023591899
18.5495833333333,0,0,0,1,-1.48672210368251,-0.290335746908488
35.645,1,0,0,1,-0.698712122501522,0.788009981180991
48.49375,1,0,0,1,-0.51822208729938,0.180490035202143
47.2929166666667,1,0,0,1,-0.467644024189374,0.0505780631100055
57.5570833333333,1,0,0,1,-0.43692742308004,0.0307166011093337
45.2483333333333,1,0,0,1,-0.616260492951626,-0.179333069871585
36.8004166666667,0,0,0,1,-1.16634522282129,-0.550084729869663
27.5341666666667,0,0,0,1,-1.4716143642953,-0.305269141474009
44.6075,1,0,0,1,-0.718202066109017,0.75341229818628
53.3483333333333,1,0,0,1,-0.542776303425218,0.1754257626838
50.2066666666667,1,0,0,1,-0.538733433353247,0.00404287007197113
49.88875,1,0,0,1,-0.522429788738885,0.016303644614362
49.0858333333333,1,0,0,1,-0.652067650227768,-0.129637861488884
40.2375,0,0,0,1,-1.1444451409889,-0.492377490761132
23.1341666666667,0,0,0,1,-1.4872170807402,-0.342771939751298
37.0941666666667,1,0,0,1,-0.738742669488725,0.748474411251474
50.8066666666667,1,0,0,1,-0.603132174242965,0.13561049524576
42.78,1,0,0,1,-0.648506127599078,-0.0453739533561132
37.2616666666667,1,0,0,1,-0.599795509283733,0.048710618315345
43.2254166666667,1,0,0,1,-0.63053059207474,-0.0307350827910075
31.3258333333333,0,0,0,1,-1.21225837203032,-0.581727779955583
25.16,0,0,0,1,-1.57969367992805,-0.367435307897725
40.1547916666667,1,0,0,1,-0.772484809249804,0.807208870678245
43.0308333333333,1,0,0,1,-0.646181653491191,0.126303155758613
43.7104166666667,1,0,0,1,-0.593581762327018,0.0525998911641731
43.1895833333333,1,0,0,1,-0.657953138090852,-0.0643713757638342
49.5383333333333,1,0,0,1,-0.632088262305279,0.0258648757855727
35.5595833333333,0,0,0,1,-1.1454568530409,-0.513368590735619
23.2866666666667,0,0,0,1,-1.4018968587262,-0.256440005685297
37.3441666666667,1,0,0,1,-0.74675159308268,0.655145265643515
51.3966666666667,1,0,0,1,-0.540011093166711,0.206740499915969
51.3170833333333,1,0,0,1,-0.477153743103102,0.062857350063609
50.289375,1,0,0,1,-0.387191014146461,0.0899627289566411
50.8995833333333,1,0,0,1,-0.435369737870257,-0.0481787237237961
42.0302083333333,0,0,0,1,-1.13209130342416,-0.696721565553908
26.5708333333333,0,0,0,1,-1.52865738114163,-0.396566077717464
35.0929166666667,1,0,0,1,-0.792040562707168,0.73661681843446
38.8145833333333,1,0,0,1,-0.653168221475413,0.138872341231755
37.615,1,0,0,1,-0.666757629306525,-0.0135894078311118
42.1802083333333,1,0,0,1,-0.785941324985188,-0.119183695678663
41.8633333333333,1,0,0,1,-0.94681358369296,-0.160872258707771
39.6070833333333,0,0,0,1,-1.36602243295594,-0.419208849262983
37.4341666666667,0,0,0,1,-1.63175743021765,-0.265734997261706
40.0058333333333,1,0,0,1,-1.14850322796397,0.483254202253677
37.3708333333333,1,0,0,1,-0.95951781807454,0.188985409889432
45.7829166666667,1,0,0,1,-1.00481220640396,-0.0452943883294186
43.0860416666667,1,0,0,1,-1.02195538641849,-0.017143180014529
44.154375,1,0,0,1,-1.17330451568012,-0.151349129261634
40.5783333333333,0,0,0,1,-1.48349064474581,-0.310186129065692
25.2458333333333,0,0,0,1,-1.71884702688851,-0.235356382142694
46.9964583333333,1,0,0,1,-1.18891737679381,0.529929650094701
54.9166666666667,1,0,0,1,-1.00212776611905,0.186789610674752
38.7283333333333,1,0,0,1,-1.47487042133312,-0.47274265521407
52.9291666666667,1,0,0,1,-1.22258606845081,0.252284352882316
48.6375,1,0,0,1,-1.00419439374867,0.218391674702139
43.1679166666667,0,0,0,1,-1.06455351489935,-0.0603591211506842
37.9685416666667,0,0,0,1,-1.21121030451708,-0.146656789617731
55.6358333333333,1,0,0,1,-0.765376687984989,0.445833616532095
56.8708333333333,1,0,0,1,-0.665572928107791,0.0998037598771981
49.87375,1,0,0,1,-0.821180719946288,-0.155607791838497
47.6529166666667,1,0,0,1,-0.710393376630856,0.110787343315433
51.0391666666667,1,0,0,1,-0.759190450146339,-0.048797073515483
39.5929166666667,0,0,0,1,-1.27368113416708,-0.51449068402074
25.9704166666667,0,0,0,1,-1.57228477464766,-0.298603640480583
43.2816666666667,1,0,0,1,-0.814043805774091,0.758240968873571
50.63125,1,0,0,1,-0.609408545705218,0.204635260068873
53.8095833333333,1,0,0,1,-0.60291016586629,0.00649837983892831
52.75625,1,0,0,1,-0.598260057740858,0.00465010812543154
47.655625,1,0,0,1,-0.700609321277634,-0.102349263536776
38.7825,0,1,0,0,-1.04974767310911,-0.34913835183148
30.7175,0,1,0,0,-1.31782694711079,-0.26807927400168
48.8741666666667,1,1,0,0,-0.636605308976665,0.681221638134129
52.0979166666667,1,1,0,0,-0.545732395685165,0.0908729132915003
54.4008333333333,1,1,0,0,-0.573181164416347,-0.027448768731183
50.82,1,1,0,0,-0.624612002426607,-0.0514308380102592
52.77625,1,1,0,0,-0.617165792781481,0.00744620964512599
46.2841666666667,0,1,0,0,-1.06975677315988,-0.452590980378397
36.7866666666667,0,1,0,0,-1.32212011616443,-0.252363343004551
54.33,1,1,0,0,-0.603584490752593,0.718535625411836
55.8295833333333,1,1,0,0,-0.531639833856672,0.0719446568959208
57.3054166666667,1,1,0,0,-0.504405303354828,0.0272345305018447
45.6433333333333,1,1,0,0,-0.569444152055367,-0.0650388487005394
48.48625,1,1,0,0,-0.643640715526553,-0.0741965634711856
46.605,0,1,0,0,-1.06959800065444,-0.42595728512789
30.8472916666667,0,1,0,0,-1.32260526281742,-0.253007262162973
53.5154166666667,1,1,0,0,-0.586027981650097,0.736577281167318
52.6583333333333,1,1,0,0,-0.475727896847998,0.1103000848021
49.5495833333333,1,1,0,0,-0.499405545660477,-0.0236776488124794
46.56,1,1,0,0,-0.350863780233233,0.148541765427244
47.235,1,1,0,0,-0.400760757952647,-0.0498969777194148
40.655,0,1,0,0,-0.929499643582384,-0.528738885629736
23.7458333333333,0,1,0,0,-1.29650154668591,-0.367001903103522
41.72375,1,1,0,0,-0.749575313413773,0.546926233272133
43.7741666666667,1,1,0,0,-0.561016148720102,0.188559164693672
49.06375,1,1,0,0,-0.458518729013279,0.102497419706823
47.8283333333333,1,1,0,0,-0.482070062382803,-0.0235513333695249
40.5158333333333,1,1,0,0,-0.399807064214143,0.0822629981686606
38.561875,0,1,0,0,-0.893116118837609,-0.493309054623466
28.4591666666667,0,1,0,0,-1.14122990150722,-0.248113782669615
50.79375,1,1,0,0,-0.426138996699614,0.71509090480761
49.155,1,1,0,0,-0.373771104332039,0.0523678923675753
49.4410416666667,1,1,0,0,-0.48357400577282,-0.109802901440781
53.51625,1,1,0,0,-0.420096899263592,0.0634771065092278
47.3741666666667,1,1,0,0,-0.555226486166852,-0.13512958690326
42.9058333333333,0,1,0,0,-1.02300427118764,-0.467777785020791
39.81625,0,1,0,0,-1.19769258663535,-0.174688315447705
51.6604166666667,1,1,0,0,-0.478686946971611,0.719005639663737
55.6016666666667,1,1,0,0,-0.359552092182173,0.119134854789438
65.3129166666667,1,1,0,0,-0.345485018833897,0.0140670733482757
46.1333333333333,1,1,0,0,-0.353462553464011,-0.00797753463011397
48.06,1,1,0,0,-0.565977054899515,-0.212514501435504
31.8583333333333,0,1,0,0,-0.887345636003028,-0.321368581103513
34.9029166666667,0,1,0,0,-1.02794769768028,-0.140602061677248
54.9814583333333,1,1,0,0,-0.233207357738804,0.794740339941473
54.9660416666667,1,1,0,0,-0.0462232712041082,0.186984086534696
62.7110416666667,1,1,0,0,-0.227095689264814,-0.180872418060706
48.3758333333333,1,1,0,0,-0.278528602381865,-0.0514329131170502
51.71625,1,1,0,0,-0.277284677632792,0.00124392474907237
42.7447916666667,0,1,0,0,-0.758885309355472,-0.48160063172268
37.9697916666667,0,1,0,0,-1.08422168018369,-0.325336370828223
54.7422916666667,1,1,0,0,-0.359448833001017,0.724772847182678
54.6604166666667,1,1,0,0,-0.226268535757743,0.133180297243274
56.6939583333333,1,1,0,0,-0.238616486307347,-0.012347950549604
54.7933333333333,1,1,0,0,-0.203180886254615,0.0354356000527315
48.7120833333333,1,1,0,0,-0.26071683332123,-0.0575359470666149
36.5952083333333,0,1,0,0,-0.587892003030093,-0.327175169708863
42.8054166666667,0,1,0,0,-0.483745041658982,0.104146961371111
53.9929166666667,1,1,0,0,0.437581575712281,0.921326617371263
57.8725,1,1,0,0,0.682074220323386,0.244492644611106
49.91375,1,1,0,0,0.689187712936069,0.00711349261268279
35.3333333333333,1,1,0,0,-0.310066670644994,-0.999254383581064
44.4145833333333,1,1,0,0,-0.0856805999855259,0.224386070659468
38.7504166666667,0,1,0,0,-0.130202839794789,-0.044522239809263
31.5070833333333,0,1,0,0,-0.466812735116847,-0.336609895322058
45.1695833333333,1,1,0,0,0.256773698961814,0.723586434078661
49.945,1,1,0,0,0.619874580422242,0.363100881460428
49.1845833333333,1,1,0,0,0.640184739750379,0.020310159328138
55.5541666666667,1,1,0,0,0.723614710087096,0.0834299703367167
55.38625,1,1,0,0,0.620808149074596,-0.1028065610125
47.36,0,1,0,0,-0.150380573803986,-0.771188722878582
34.9097916666667,0,1,0,0,-0.188898169447348,-0.0385175956433628
52.0979166666667,1,1,0,0,0.665556434986738,0.854454604434087
53.0404166666667,1,1,0,0,0.850104124391176,0.184547689404438
58.55625,1,1,0,0,0.790811317013299,-0.059292807377877
59.68875,1,1,0,0,0.915026008726882,0.124214691713582
56.6841666666667,1,1,0,0,0.794366821984884,-0.120659186741997
53.6325,0,1,0,0,0.201765371961379,-0.592601450023506
44.2845833333333,0,1,0,0,-0.0158390068048581,-0.217604378766237
55.110625,1,1,0,0,0.670038359486608,0.685877366291466
48.9466666666667,1,1,0,0,0.755855022630507,0.0858166631438987
46.1502083333333,1,1,0,0,0.710308484753223,-0.0455465378772845
44.6854166666667,1,1,0,0,0.712802806229902,0.00249432147667894
50.5404166666667,1,1,0,0,0.710587167415559,-0.00221563881434272
43.6053472222222,0,1,0,0,0.00480303575180166,-0.705784131663757
24.7275694444444,0,1,0,0,-0.443121258151373,-0.447924293903174
51.4491666666667,1,1,0,0,0.35918113186163,0.802302390013003
60.7920833333333,1,1,0,0,0.801765926916091,0.442584795054461
61.9554166666667,1,1,0,0,0.787764681643621,-0.0140012452724699
52.5729166666667,1,1,0,0,0.934470388007046,0.146705706363425
61.79125,1,1,0,0,1.3903667685233,0.455896380516252
55.0279166666667,0,0,0,0,0.967441552052158,-0.42292521647114
46.5070833333333,0,0,0,0,0.674069841257746,-0.293371710794411
50.88875,1,0,0,0,1.24188531797345,0.567815476715707
51.3233333333333,1,0,0,0,1.20314488751553,-0.0387404304579206
58.3575,1,0,0,0,1.49069659240029,0.287551704884753
66.8804166666667,1,0,0,0,1.77177349908041,0.281076906680121
68.9504166666667,1,0,0,0,1.56458516799288,-0.20718833108753
54.39625,0,0,0,0,1.23167505941565,-0.332910108577231
41.3566666666667,0,0,0,0,1.05183392230638,-0.179841137109267
63.6225,1,0,0,0,1.58363603175813,0.531802109451748
71.0275,1,0,0,0,2.10042822714958,0.516792195391449
77.4625,1,0,0,0,2.40518002616854,0.304751799018962
74.2325,1,0,0,0,1.96432877201827,-0.440851254150271
58.6139583333333,1,0,0,0,1.25124097082095,-0.713087801197319
35.6854166666667,0,0,0,0,0.622751963942694,-0.628489006878254
33.6052083333333,0,0,0,0,0.328906473936989,-0.293845490005705
49.4729166666667,1,0,0,0,0.98945617035532,0.66054969641833
51.9583333333333,1,0,0,0,1.29720805800782,0.307751887652498
51.8058333333333,1,0,0,0,1.31401611729417,0.0168080592863498
44.87875,1,0,0,0,1.14975291552636,-0.164263201767809
43.005,1,0,0,0,1.10558734061437,-0.0441655749119836
36.7729166666667,0,0,0,0,0.314018608802715,-0.791568731811659
17.5258333333333,0,0,0,0,-0.206370706931146,-0.520389315733861
18.4770833333333,1,0,0,0,-0.285230066278276,-0.0788593593471303
17.858125,1,0,0,0,-0.916664928432431,-0.631434862154155
17.2391666666667,1,0,0,0,-0.215050533310766,0.701614395121665
19.2110416666667,1,0,0,0,-0.042493187608646,0.17255734570212
26.6547916666667,1,0,0,0,0.126797903584971,0.169291091193617
14.0841666666667,0,0,0,0,-0.170818480727667,-0.297616384312638
16.9875,0,0,0,0,-0.398275143008789,-0.227456662281122
18.728125,1,0,0,0,-0.0809657802457051,0.317309362763083
17.530625,1,0,0,0,-0.373936270952687,-0.292970490706982
36.7520833333333,1,0,0,0,0.593770620085767,0.967706891038454
44.3495833333333,1,0,0,0,1.14388785424789,0.550117234162127
40.4191666666667,1,0,0,0,1.09727658171734,-0.0466112725305505
31.3816666666667,0,0,0,0,0.558817692331334,-0.538458889386009
30.541875,0,0,0,0,0.34061620332922,-0.218201489002114
48.66875,1,0,0,0,1.18198916128439,0.841372957955171
51.1020833333333,1,0,0,0,1.46515604625145,0.283166884967057
61.64625,1,0,0,0,1.47224306172456,0.00708701547311463
55.3654166666667,1,0,0,0,1.28562577373011,-0.186617287994451
57.35125,1,0,0,0,1.23146946898178,-0.0541563047483311
49.0658333333333,0,0,0,0,0.914516019437044,-0.316953449544737
44.3327083333333,0,0,0,0,0.792383652298281,-0.122132367138763
54.489375,1,0,0,0,1.62679817205469,0.834414519756409
62.5366666666667,1,0,0,0,1.69669357348026,0.0698954014255722
63.97375,1,0,0,0,2.11514311281525,0.418449539334991
69.8683333333333,1,0,0,0,2.36995609242205,0.254812979606793
68.29,1,0,0,0,2.23427261472571,-0.135683477696332
56.81125,0,0,0,0,1.4743283146762,-0.759944300049517
58.8614583333333,0,0,0,0,1.29082596664961,-0.183502348026588
68.0433333333333,1,0,0,0,1.98650975405772,0.695683787408116
63.0075,1,0,0,0,2.15350725126839,0.166997497210666
62.05,1,0,0,0,2.23860044783364,0.0850931965652499
59.54125,1,0,0,0,2.13185066170413,-0.106749786129506
59.668125,1,0,0,0,2.3324627292672,0.200612067563067
52.1647916666667,0,0,0,0,1.35352688100206,-0.978935848265139
43.46,0,0,0,0,0.892250461872547,-0.461276419129516
46.86625,1,0,0,0,1.45206668816798,0.559816226295433
44.26125,1,0,0,0,1.29930346840657,-0.152763219761414
40.76375,1,0,0,0,1.02771799615964,-0.271585472246924
38.7958333333333,1,0,0,0,0.969393339689858,-0.058324656469784
41.3654166666667,1,0,0,0,0.852980666627453,-0.116412673062404
35.6133333333333,0,0,0,0,0.351677286643726,-0.501303379983727
46.0529166666667,0,0,0,0,0.422729311992402,0.0710520253486761
46.2779166666667,1,0,0,0,0.840744763154411,0.418015451162009
48.8579166666667,1,0,0,0,0.921432771110143,0.0806880079557318
57.0258333333333,1,0,0,0,1.1446935601745,0.223260789064361
61.083125,1,0,0,0,1.43112178890021,0.286428228725711
49.2104166666667,1,0,0,0,1.75620040259786,0.325078613697647
52.6029166666667,0,0,0,0,1.47749128745144,-0.278709115146417
42.16,0,0,0,0,1.04324130869102,-0.434249978760419
55.2254166666667,1,0,0,0,1.69484294159746,0.651601632906431
60.0533333333333,1,0,0,0,1.92650040526368,0.231657463666229
61.96,1,0,0,0,2.09257915686543,0.166078751601743
56.04375,1,0,0,0,1.81578528587881,-0.276793870986613
56.08875,1,0,0,0,1.53758875213132,-0.278196533747494
49.8135416666667,0,0,0,0,1.19477499531651,-0.342813756814808
43.0395833333333,0,0,0,0,0.771587319683181,-0.42318767563333
56.5295833333333,1,0,0,0,1.47181412895126,0.70022680926808
52.7620833333333,1,0,0,0,1.59787824151998,0.126064112568715
55.095,1,0,0,0,1.24408358440183,-0.353794657118148
55.7683333333333,1,0,0,0,1.68746502606569,0.443381441663865
62.1654166666667,1,0,0,0,1.8602837730892,0.172818747023502
63.0764583333333,0,0,0,0,1.57570765323176,-0.28457611985743
63.9875,0,0,0,0,1.2622590152867,-0.313448637945066
79.1379166666667,1,0,0,0,1.95622383967764,0.693964824390938
68.8829166666667,1,0,0,0,2.0916465371544,0.135422697476765
70.6916666666667,1,0,0,0,1.91480065824545,-0.176845878908956
70.6283333333333,1,0,0,0,1.71121090767478,-0.203589750570669
84.7533333333333,1,0,1,0,1.60700906264056,-0.104201845034214
68.5795833333333,0,0,1,0,1.16284958220085,-0.444159480439718
52.1054166666667,0,0,1,0,0.991177562980157,-0.171672019220688
63.1016666666667,1,0,1,0,1.26097633806283,0.269798775082673
53.4929166666667,1,0,1,0,0.960433379497968,-0.300542958564863
50.0166666666667,1,0,1,0,0.891550376248323,-0.0688830032496446
41.643125,1,0,1,0,0.717307083509313,-0.17424329273901
38.5479166666667,1,0,1,0,0.424607341313803,-0.29269974219551
43.4208333333333,0,0,1,0,-0.00880868434092011,-0.433416025654723
28.6004166666667,0,0,1,0,-0.245216039315343,-0.236407354974423
52.5866666666667,1,0,1,0,0.414911787394615,0.660127826709958
66.5441666666667,1,0,1,0,0.856048985316046,0.441137197921431
74.0241666666667,1,0,1,0,1.41571819490172,0.559669209585677
65.9341666666667,1,0,1,0,1.65279966959104,0.237081474689315
73.5708333333333,1,0,1,0,1.58501238467758,-0.0677872849134578
53.0295833333333,0,0,1,0,0.687749275391544,-0.897263109286037
44.8908333333333,0,0,1,0,0.256267992874908,-0.431481282516635
74.9095833333333,1,0,1,0,1.16327235726503,0.907004364390122
54.86125,1,0,1,0,1.24390227827635,0.0806299210113244
64.8377083333333,1,0,1,0,1.18926948288387,-0.0546327953924812
71.0625,1,0,1,0,1.25313795728913,0.063868474405252
65.6708333333333,1,0,1,0,0.725352990699083,-0.527784966590043
51.8233333333333,0,0,1,0,0.294825461677596,-0.430527529021487
56.6129166666667,0,0,1,0,-0.0349128055289908,-0.329738267206587
66.8941666666667,1,0,1,0,0.743585339893599,0.77849814542259
65.3391666666667,1,0,1,0,0.998609272925505,0.255023933031906
73.57625,1,0,1,0,1.25693357558208,0.258324302656572
68.8491666666667,1,0,1,0,1.22886434987138,-0.0280692257106969
64.1220833333333,1,0,1,0,1.1430001136803,-0.0858642361910775
53.3704166666667,0,0,1,0,0.409867107663816,-0.733133006016487
36.9895833333333,0,0,1,0,0.267123148286929,-0.142743959376886
33.3995833333333,1,0,1,0,0.295522577578413,0.0283994292914841
65.4066666666667,1,0,1,0,0.951804339626116,0.656281762047703
65.3533333333333,1,0,1,0,0.99876825029285,0.0469639106667333
64.2804166666667,1,0,1,0,0.925865814631617,-0.0729024356612322
62.2415277777778,1,0,1,0,0.85641219125946,-0.069453623372157
60.2026388888889,0,0,1,0,0.419718453585122,-0.436693737674339
58.16375,0,0,1,0,0.269383675478196,-0.150334778106926
72.2091666666667,1,0,1,0,0.894235970408238,0.624852294930043
64.7954166666667,1,0,1,0,0.71801383318538,-0.176222137222858
63.835,1,0,1,0,0.548541878843213,-0.169471954342167
64.6729166666667,1,0,1,0,0.246022441852966,-0.302519436990247
48.5552083333333,1,0,1,0,0.0352315782154407,-0.210790863637525
31.1447916666667,0,0,1,0,-0.380080377224106,-0.415311955439547
25.45375,0,0,1,0,-0.904556193207574,-0.524475815983468
42.5670833333333,1,0,1,0,-0.21376980182935,0.690786391378224
42.1127083333333,1,0,1,0,-0.21475615074881,-0.000986348919460645
33.1283333333333,1,0,1,0,-0.418568073823267,-0.203811923074456
27.7970833333333,1,0,1,0,-0.579953073100382,-0.161384999277116
33.2966666666667,1,0,1,0,-0.412976977522513,0.16697609557787
26.6625,0,0,1,0,-0.829827223906675,-0.416850246384162
18.465,0,0,1,0,-0.918355337240317,-0.0885281133336419
43.14375,1,0,1,0,-0.20894501636129,0.709410320879027
39.1283333333333,1,0,1,0,-0.121312693484138,0.0876323228771523
36.1510416666667,1,0,1,0,-0.22150457332033,-0.100191879836193
28.21,1,0,1,0,-0.365750581212026,-0.144246007891695
32.2097916666667,1,0,1,0,-0.456131457422614,-0.0903808762105882
32.0616666666667,0,0,1,0,-0.660460813405873,-0.204329355983259
24.6077083333333,0,0,1,0,-0.769329129071355,-0.108868315665483
39.5004166666667,1,0,1,0,-0.0899782178886033,0.679350911182752
37.520625,1,0,1,0,-0.0612495900943401,0.0287286277942632
17.17,1,0,1,0,-0.778270773269878,-0.717021183175538
40.4866666666667,1,0,1,0,-0.195739119411603,0.582531653858275
34.614375,1,0,1,0,-0.228398941441112,-0.0326598220295088
24.5379166666667,0,0,1,0,-0.692420959498228,-0.464022018057116
12.9997916666667,0,0,1,0,-0.98728231872985,-0.294861359231622
32.7558333333333,1,0,1,0,-0.39429655027957,0.59298576845028
37.40375,1,0,1,0,-0.334816510909595,0.0594800393699743
26.0295833333333,1,0,1,0,-1.20822242730171,-0.873405916392115
20.3783333333333,1,0,1,0,-1.38834014353067,-0.180117716228963
23.4820833333333,1,0,1,0,-0.993563830491477,0.394776313039196
18.99125,0,0,1,0,-1.15290506718816,-0.159341236696684
13.8654166666667,0,0,1,0,-1.33751751285216,-0.184612445663997
29.5460416666667,1,0,1,0,-0.68622191654365,0.651295596308508
39.2633333333333,1,0,1,0,-0.506190200541247,0.180031716002403
33.4920833333333,1,0,1,0,-0.439834175611676,0.066356024929571
37.2625,1,0,1,0,-0.197522303269505,0.242311872342171
44.5054166666667,1,0,1,0,-0.281642296023512,-0.0841199927540065
30.1,0,0,1,0,-0.83990329449656,-0.558260998473049
22.1620833333333,0,0,1,0,-1.13735646306604,-0.297453168569483
33.7927083333333,1,0,1,0,-1.01769238626678,0.119664076799264
58.60125,1,0,1,0,-0.313697529372353,0.703994856894426
43.13125,1,0,1,0,-0.230644039263529,0.0830534901088243
40.1172916666667,1,0,1,0,-0.157393754051201,0.0732502852123275
52.9402083333333,1,0,1,0,0.0201306525366843,0.177524406587886
29.4904166666667,0,0,1,0,-0.485563836393202,-0.505694488929887
17.9604166666667,0,0,1,0,-0.705027593502063,-0.219463757108861
40.3822916666667,1,0,1,0,-0.0587747938987987,0.646252799603265
51.6825,1,0,1,0,-0.0979260603602485,-0.0391512664614498
52.7935416666667,1,0,1,0,-0.123611198020572,-0.0256851376603238
48.2829166666667,1,0,1,0,-0.191645630620376,-0.0680344325998042
38.281875,1,0,1,0,-0.400399233256713,-0.208753602636337
28.735,0,0,0,1,-1.04013291577401,-0.639733682517296
11.055,0,0,0,1,-1.22982909833039,-0.189696182556383
26.7397916666667,1,0,0,1,-0.548458870230541,0.681370228099852
